ISO-10303-21;
HEADER;
FILE_DESCRIPTION (( 'STEP AP214' ),
    '1' );
FILE_NAME ('EE-SX1320.STEP',
    '2024-03-01T07:51:39',
    ( '' ),
    ( '' ),
    'SwSTEP 2.0',
    'SolidWorks 2023',
    '' );
FILE_SCHEMA (( 'AUTOMOTIVE_DESIGN' ));
ENDSEC;

DATA;
#1 = AXIS2_PLACEMENT_3D ( 'NONE', #2821, #414, #2298 ) ;
#2 = FACE_OUTER_BOUND ( 'NONE', #3139, .T. ) ;
#3 = DIRECTION ( 'NONE',  ( -0.000000000000000000, -0.000000000000000000, -1.000000000000000000 ) ) ;
#4 = ORIENTED_EDGE ( 'NONE', *, *, #2967, .T. ) ;
#5 = VERTEX_POINT ( 'NONE', #985 ) ;
#6 = DIRECTION ( 'NONE',  ( -0.000000000000000000, -0.000000000000000000, -1.000000000000000000 ) ) ;
#7 = ADVANCED_FACE ( 'NONE', ( #474 ), #1855, .F. ) ;
#8 = ORIENTED_EDGE ( 'NONE', *, *, #1745, .T. ) ;
#9 = DIRECTION ( 'NONE',  ( 0.000000000000000000, 0.000000000000000000, 1.000000000000000000 ) ) ;
#10 = DIRECTION ( 'NONE',  ( -1.000000000000000000, -0.000000000000000000, -0.000000000000000000 ) ) ;
#11 = VECTOR ( 'NONE', #1364, 1000.000000000000000 ) ;
#12 = SURFACE_SIDE_STYLE ('',( #3222 ) ) ;
#13 = EDGE_CURVE ( 'NONE', #255, #3203, #234, .T. ) ;
#14 = CARTESIAN_POINT ( 'NONE',  ( 0.9999999999999991118, 1.500000000000000000, 0.1499999999999999667 ) ) ;
#15 = CARTESIAN_POINT ( 'NONE',  ( 1.199999999999998845, -0.9843137254901960231, -2.000000000000000000 ) ) ;
#16 = DIRECTION ( 'NONE',  ( 0.000000000000000000, 1.000000000000000000, 0.000000000000000000 ) ) ;
#17 = DIRECTION ( 'NONE',  ( -0.000000000000000000, -0.000000000000000000, 1.000000000000000000 ) ) ;
#18 = DIRECTION ( 'NONE',  ( 0.000000000000000000, -1.000000000000000000, 0.000000000000000000 ) ) ;
#19 = FILL_AREA_STYLE_COLOUR ( '', #1653 ) ;
#20 = ORIENTED_EDGE ( 'NONE', *, *, #1199, .T. ) ;
#21 = DIRECTION ( 'NONE',  ( -0.000000000000000000, 1.000000000000000000, -0.000000000000000000 ) ) ;
#22 = CARTESIAN_POINT ( 'NONE',  ( 2.250000000000000444, -1.700000000000000178, 1.900000000000000133 ) ) ;
#23 = CARTESIAN_POINT ( 'NONE',  ( 0.000000000000000000, 0.000000000000000000, 1.900000000000000133 ) ) ;
#24 = ORIENTED_EDGE ( 'NONE', *, *, #2659, .F. ) ;
#25 = ORIENTED_EDGE ( 'NONE', *, *, #1962, .F. ) ;
#26 = CARTESIAN_POINT ( 'NONE',  ( -2.550000000000000266, -1.750000000000000222, 1.100000000000000089 ) ) ;
#27 = ORIENTED_EDGE ( 'NONE', *, *, #839, .T. ) ;
#28 =( GEOMETRIC_REPRESENTATION_CONTEXT ( 3 ) GLOBAL_UNCERTAINTY_ASSIGNED_CONTEXT ( ( #218 ) ) GLOBAL_UNIT_ASSIGNED_CONTEXT ( ( #1926, #1581, #835 ) ) REPRESENTATION_CONTEXT ( 'NONE', 'WORKASPACE' ) );
#29 = EDGE_CURVE ( 'NONE', #3333, #1165, #79, .T. ) ;
#30 = CARTESIAN_POINT ( 'NONE',  ( -2.550000000000000266, -1.000000000000000000, 0.3000000000000001554 ) ) ;
#31 = PLANE ( 'NONE',  #937 ) ;
#32 = CARTESIAN_POINT ( 'NONE',  ( 0.000000000000000000, -1.034313725490196401, 0.000000000000000000 ) ) ;
#33 = ORIENTED_EDGE ( 'NONE', *, *, #81, .F. ) ;
#34 = DIRECTION ( 'NONE',  ( 1.000000000000000000, 0.000000000000000000, 0.000000000000000000 ) ) ;
#35 = LINE ( 'NONE', #1430, #864 ) ;
#36 = EDGE_CURVE ( 'NONE', #1408, #848, #3209, .T. ) ;
#37 = CARTESIAN_POINT ( 'NONE',  ( -1.000000000000000888, 2.000000000000000000, 2.000000000000000000 ) ) ;
#38 = CARTESIAN_POINT ( 'NONE',  ( -1.550000000000000266, -2.000000000000000000, 1.900000000000000133 ) ) ;
#39 = SURFACE_STYLE_FILL_AREA ( #3243 ) ;
#40 = VECTOR ( 'NONE', #1258, 1000.000000000000000 ) ;
#41 = SURFACE_STYLE_FILL_AREA ( #836 ) ;
#42 = AXIS2_PLACEMENT_3D ( 'NONE', #30, #2417, #2686 ) ;
#43 = MECHANICAL_DESIGN_GEOMETRIC_PRESENTATION_REPRESENTATION (  '', ( #1497 ), #2173 ) ;
#44 = DIRECTION ( 'NONE',  ( 0.000000000000000000, 0.000000000000000000, -1.000000000000000000 ) ) ;
#45 = ORIENTED_EDGE ( 'NONE', *, *, #2058, .T. ) ;
#46 = VECTOR ( 'NONE', #17, 1000.000000000000000 ) ;
#47 = ORIENTED_EDGE ( 'NONE', *, *, #2825, .F. ) ;
#48 =( GEOMETRIC_REPRESENTATION_CONTEXT ( 3 ) GLOBAL_UNCERTAINTY_ASSIGNED_CONTEXT ( ( #499 ) ) GLOBAL_UNIT_ASSIGNED_CONTEXT ( ( #566, #360, #1875 ) ) REPRESENTATION_CONTEXT ( 'NONE', 'WORKASPACE' ) );
#49 = CARTESIAN_POINT ( 'NONE',  ( 1.550000000000000266, 0.000000000000000000, -1.900000000000000133 ) ) ;
#50 = ORIENTED_EDGE ( 'NONE', *, *, #2736, .F. ) ;
#51 = SURFACE_SIDE_STYLE ('',( #2685 ) ) ;
#52 = DIRECTION ( 'NONE',  ( -0.000000000000000000, 0.000000000000000000, -1.000000000000000000 ) ) ;
#53 =( GEOMETRIC_REPRESENTATION_CONTEXT ( 3 ) GLOBAL_UNCERTAINTY_ASSIGNED_CONTEXT ( ( #1156 ) ) GLOBAL_UNIT_ASSIGNED_CONTEXT ( ( #758, #1275, #2123 ) ) REPRESENTATION_CONTEXT ( 'NONE', 'WORKASPACE' ) );
#54 =( NAMED_UNIT ( * ) PLANE_ANGLE_UNIT ( ) SI_UNIT ( $, .RADIAN. ) );
#55 = ORIENTED_EDGE ( 'NONE', *, *, #2693, .F. ) ;
#56 = VECTOR ( 'NONE', #2262, 1000.000000000000000 ) ;
#57 = PLANE ( 'NONE',  #1043 ) ;
#58 = FACE_OUTER_BOUND ( 'NONE', #2898, .T. ) ;
#59 = PLANE ( 'NONE',  #2112 ) ;
#60 = ORIENTED_EDGE ( 'NONE', *, *, #1005, .F. ) ;
#61 = ADVANCED_FACE ( 'NONE', ( #2162 ), #2397, .T. ) ;
#62 = FILL_AREA_STYLE ('',( #2728 ) ) ;
#63 = VECTOR ( 'NONE', #2390, 1000.000000000000000 ) ;
#64 = VECTOR ( 'NONE', #3124, 1000.000000000000000 ) ;
#65 = CARTESIAN_POINT ( 'NONE',  ( -2.550000000000000266, -2.000000000000000000, 1.900000000000000133 ) ) ;
#66 = EDGE_LOOP ( 'NONE', ( #3116, #805, #727, #2351, #2451, #1785 ) ) ;
#67 = ADVANCED_FACE ( 'NONE', ( #1837 ), #2458, .F. ) ;
#68 = CARTESIAN_POINT ( 'NONE',  ( -1.550000000000000266, 0.000000000000000000, -1.900000000000000133 ) ) ;
#69 = FILL_AREA_STYLE ('',( #1133 ) ) ;
#70 = DIRECTION ( 'NONE',  ( -1.000000000000000000, 0.000000000000000000, 0.000000000000000000 ) ) ;
#71 = ORIENTED_EDGE ( 'NONE', *, *, #1417, .F. ) ;
#72 = DIRECTION ( 'NONE',  ( 0.000000000000000000, 0.000000000000000000, 1.000000000000000000 ) ) ;
#73 = UNCERTAINTY_MEASURE_WITH_UNIT (LENGTH_MEASURE( 1.000000000000000082E-05 ), #1298, 'distance_accuracy_value', 'NONE');
#74 = CARTESIAN_POINT ( 'NONE',  ( 0.000000000000000000, -1.700000000000000178, -1.900000000000000133 ) ) ;
#75 = LINE ( 'NONE', #2221, #1662 ) ;
#76 = FACE_OUTER_BOUND ( 'NONE', #2036, .T. ) ;
#77 = DIRECTION ( 'NONE',  ( -1.000000000000000000, 0.000000000000000000, 0.000000000000000000 ) ) ;
#78 = ORIENTED_EDGE ( 'NONE', *, *, #2573, .F. ) ;
#79 = CIRCLE ( 'NONE', #1979, 0.2500000000000000000 ) ;
#80 = DIRECTION ( 'NONE',  ( -0.000000000000000000, -1.000000000000000000, -0.000000000000000000 ) ) ;
#81 = EDGE_CURVE ( 'NONE', #1592, #2793, #1891, .T. ) ;
#82 = LINE ( 'NONE', #579, #1334 ) ;
#83 = FACE_OUTER_BOUND ( 'NONE', #1355, .T. ) ;
#84 = ORIENTED_EDGE ( 'NONE', *, *, #2363, .T. ) ;
#85 = ORIENTED_EDGE ( 'NONE', *, *, #3147, .F. ) ;
#86 = EDGE_CURVE ( 'NONE', #2525, #2366, #323, .T. ) ;
#87 =( NAMED_UNIT ( * ) SI_UNIT ( $, .STERADIAN. ) SOLID_ANGLE_UNIT ( ) );
#88 = DIRECTION ( 'NONE',  ( -0.7071067811865461294, -0.000000000000000000, -0.7071067811865490160 ) ) ;
#89 = VERTEX_POINT ( 'NONE', #525 ) ;
#90 = LINE ( 'NONE', #1155, #2702 ) ;
#91 = DIRECTION ( 'NONE',  ( 1.000000000000000000, -0.000000000000000000, -0.000000000000000000 ) ) ;
#92 = ORIENTED_EDGE ( 'NONE', *, *, #2241, .F. ) ;
#93 = DIRECTION ( 'NONE',  ( 0.000000000000000000, 1.000000000000000000, 0.000000000000000000 ) ) ;
#94 = AXIS2_PLACEMENT_3D ( 'NONE', #3404, #1182, #1770 ) ;
#95 = COLOUR_RGB ( '',0.8627450980392157298, 0.5882352941176470784, 0.06274509803921568540 ) ;
#96 = PLANE ( 'NONE',  #3300 ) ;
#97 = DIRECTION ( 'NONE',  ( -0.000000000000000000, -0.000000000000000000, 1.000000000000000000 ) ) ;
#98 = ORIENTED_EDGE ( 'NONE', *, *, #2208, .T. ) ;
#99 = FACE_OUTER_BOUND ( 'NONE', #1040, .T. ) ;
#100 = EDGE_LOOP ( 'NONE', ( #2105, #1674, #2897, #1339, #1890, #1590 ) ) ;
#101 = DIRECTION ( 'NONE',  ( 0.000000000000000000, 0.000000000000000000, -1.000000000000000000 ) ) ;
#102 = ORIENTED_EDGE ( 'NONE', *, *, #3380, .T. ) ;
#103 = ORIENTED_EDGE ( 'NONE', *, *, #625, .T. ) ;
#104 = AXIS2_PLACEMENT_3D ( 'NONE', #1712, #2032, #1753 ) ;
#105 = FACE_OUTER_BOUND ( 'NONE', #1675, .T. ) ;
#106 = EDGE_CURVE ( 'NONE', #1160, #3019, #2129, .T. ) ;
#107 = VERTEX_POINT ( 'NONE', #2961 ) ;
#108 = CARTESIAN_POINT ( 'NONE',  ( -1.550000000000000266, -1.700000000000000178, 1.900000000000000133 ) ) ;
#109 = PRESENTATION_LAYER_ASSIGNMENT (  '', '', ( #2700 ) ) ;
#110 = COLOUR_RGB ( '',0.8627450980392157298, 0.5882352941176470784, 0.06274509803921568540 ) ;
#111 = PLANE ( 'NONE',  #334 ) ;
#112 = ORIENTED_EDGE ( 'NONE', *, *, #2784, .F. ) ;
#113 = UNCERTAINTY_MEASURE_WITH_UNIT (LENGTH_MEASURE( 1.000000000000000082E-05 ), #406, 'distance_accuracy_value', 'NONE');
#114 = EDGE_CURVE ( 'NONE', #2772, #1304, #2946, .T. ) ;
#115 = DIRECTION ( 'NONE',  ( 0.000000000000000000, 1.000000000000000000, 0.000000000000000000 ) ) ;
#116 = SURFACE_SIDE_STYLE ('',( #2006 ) ) ;
#117 = ORIENTED_EDGE ( 'NONE', *, *, #2865, .F. ) ;
#118 = CARTESIAN_POINT ( 'NONE',  ( -2.550000000000000266, -1.000000000000000000, 0.3000000000000001554 ) ) ;
#119 = ORIENTED_EDGE ( 'NONE', *, *, #2637, .T. ) ;
#120 = COLOUR_RGB ( '',0.8627450980392157298, 0.5882352941176470784, 0.06274509803921568540 ) ;
#121 = CARTESIAN_POINT ( 'NONE',  ( 1.550000000000000266, -2.000000000000000000, 1.900000000000000133 ) ) ;
#122 = FILL_AREA_STYLE ('',( #1659 ) ) ;
#123 = VERTEX_POINT ( 'NONE', #1067 ) ;
#124 = UNCERTAINTY_MEASURE_WITH_UNIT (LENGTH_MEASURE( 1.000000000000000082E-05 ), #409, 'distance_accuracy_value', 'NONE');
#125 = FILL_AREA_STYLE ('',( #1080 ) ) ;
#126 =( LENGTH_UNIT ( ) NAMED_UNIT ( * ) SI_UNIT ( .MILLI., .METRE. ) );
#127 = AXIS2_PLACEMENT_3D ( 'NONE', #3423, #3177, #1823 ) ;
#128 = LINE ( 'NONE', #1192, #1332 ) ;
#129 = ORIENTED_EDGE ( 'NONE', *, *, #2825, .T. ) ;
#130 = PLANE ( 'NONE',  #311 ) ;
#131 = LINE ( 'NONE', #2843, #3160 ) ;
#132 = EDGE_CURVE ( 'NONE', #2581, #238, #2690, .T. ) ;
#133 = SURFACE_SIDE_STYLE ('',( #148 ) ) ;
#134 = ORIENTED_EDGE ( 'NONE', *, *, #211, .F. ) ;
#135 = PLANE ( 'NONE',  #2972 ) ;
#136 = CARTESIAN_POINT ( 'NONE',  ( -1.000000000000000888, 1.699999999999999956, 0.7000000000000000666 ) ) ;
#137 = ORIENTED_EDGE ( 'NONE', *, *, #1384, .T. ) ;
#138 = CARTESIAN_POINT ( 'NONE',  ( 2.250000000000000444, 0.000000000000000000, 0.3000000000000000444 ) ) ;
#139 = SURFACE_STYLE_USAGE ( .BOTH. , #2038 ) ;
#140 = DIRECTION ( 'NONE',  ( 0.000000000000000000, -1.000000000000000000, 0.000000000000000000 ) ) ;
#141 = DIRECTION ( 'NONE',  ( -0.000000000000000000, 0.000000000000000000, -1.000000000000000000 ) ) ;
#142 = VECTOR ( 'NONE', #1284, 1000.000000000000000 ) ;
#143 =( NAMED_UNIT ( * ) PLANE_ANGLE_UNIT ( ) SI_UNIT ( $, .RADIAN. ) );
#144 = VERTEX_POINT ( 'NONE', #2421 ) ;
#145 = DIRECTION ( 'NONE',  ( 0.000000000000000000, 1.000000000000000000, -0.000000000000000000 ) ) ;
#146 = EDGE_CURVE ( 'NONE', #1611, #239, #2100, .T. ) ;
#147 = FACE_OUTER_BOUND ( 'NONE', #418, .T. ) ;
#148 = SURFACE_STYLE_FILL_AREA ( #2568 ) ;
#149 = VERTEX_POINT ( 'NONE', #541 ) ;
#150 = PLANE ( 'NONE',  #2539 ) ;
#151 = EDGE_CURVE ( 'NONE', #611, #3215, #1624, .T. ) ;
#152 = ADVANCED_FACE ( 'NONE', ( #1650 ), #130, .F. ) ;
#153 = DIRECTION ( 'NONE',  ( 0.000000000000000000, 1.000000000000000000, 0.000000000000000000 ) ) ;
#154 = DIRECTION ( 'NONE',  ( -0.000000000000000000, 1.000000000000000000, -8.131516293641283255E-17 ) ) ;
#155 = ORIENTED_EDGE ( 'NONE', *, *, #2091, .F. ) ;
#156 = STYLED_ITEM ( 'NONE', ( #3483 ), #1806 ) ;
#157 = UNCERTAINTY_MEASURE_WITH_UNIT (LENGTH_MEASURE( 1.000000000000000082E-05 ), #1867, 'distance_accuracy_value', 'NONE');
#158 = PLANE ( 'NONE',  #1270 ) ;
#159 = ORIENTED_EDGE ( 'NONE', *, *, #2889, .T. ) ;
#160 = CARTESIAN_POINT ( 'NONE',  ( 0.000000000000000000, -1.700000000000000178, -0.3000000000000000444 ) ) ;
#161 = VECTOR ( 'NONE', #10, 1000.000000000000000 ) ;
#162 = FILL_AREA_STYLE ('',( #976 ) ) ;
#163 =( GEOMETRIC_REPRESENTATION_CONTEXT ( 3 ) GLOBAL_UNCERTAINTY_ASSIGNED_CONTEXT ( ( #1299 ) ) GLOBAL_UNIT_ASSIGNED_CONTEXT ( ( #2614, #1779, #2355 ) ) REPRESENTATION_CONTEXT ( 'NONE', 'WORKASPACE' ) );
#164 = SURFACE_SIDE_STYLE ('',( #3327 ) ) ;
#165 = MECHANICAL_DESIGN_GEOMETRIC_PRESENTATION_REPRESENTATION (  '', ( #2619 ), #1222 ) ;
#166 = ORIENTED_EDGE ( 'NONE', *, *, #2435, .F. ) ;
#167 = AXIS2_PLACEMENT_3D ( 'NONE', #1713, #2282, #2822 ) ;
#168 = SURFACE_STYLE_USAGE ( .BOTH. , #133 ) ;
#169 = VERTEX_POINT ( 'NONE', #394 ) ;
#170 = CARTESIAN_POINT ( 'NONE',  ( 1.550000000000000266, -2.000000000000000000, -0.3000000000000001554 ) ) ;
#171 = EDGE_LOOP ( 'NONE', ( #3025, #1303, #1517, #1203 ) ) ;
#172 = PRESENTATION_LAYER_ASSIGNMENT (  '', '', ( #766 ) ) ;
#173 = VECTOR ( 'NONE', #1367, 1000.000000000000000 ) ;
#174 = DIRECTION ( 'NONE',  ( 1.000000000000000000, 0.000000000000000000, 0.000000000000000000 ) ) ;
#175 = LINE ( 'NONE', #3392, #3306 ) ;
#176 = EDGE_CURVE ( 'NONE', #2804, #89, #2002, .T. ) ;
#177 = EDGE_LOOP ( 'NONE', ( #2252, #3316, #1373 ) ) ;
#178 = LINE ( 'NONE', #138, #2116 ) ;
#179 = EDGE_CURVE ( 'NONE', #1252, #2029, #1446, .T. ) ;
#180 = CARTESIAN_POINT ( 'NONE',  ( -2.250000000000000444, -1.700000000000000178, -0.3000000000000001554 ) ) ;
#181 = ORIENTED_EDGE ( 'NONE', *, *, #1547, .F. ) ;
#182 = DIRECTION ( 'NONE',  ( -1.000000000000000000, 0.000000000000000000, 0.000000000000000000 ) ) ;
#183 = VERTEX_POINT ( 'NONE', #867 ) ;
#184 = SURFACE_SIDE_STYLE ('',( #1293 ) ) ;
#185 = FILL_AREA_STYLE_COLOUR ( '', #1314 ) ;
#186 = ORIENTED_EDGE ( 'NONE', *, *, #3330, .F. ) ;
#187 = DIRECTION ( 'NONE',  ( 0.000000000000000000, -0.000000000000000000, -1.000000000000000000 ) ) ;
#188 = EDGE_LOOP ( 'NONE', ( #2482, #3320, #2152, #2884 ) ) ;
#189 =( NAMED_UNIT ( * ) PLANE_ANGLE_UNIT ( ) SI_UNIT ( $, .RADIAN. ) );
#190 = CARTESIAN_POINT ( 'NONE',  ( 2.550000000000000266, -2.000000000000000000, -1.900000000000000133 ) ) ;
#191 = UNCERTAINTY_MEASURE_WITH_UNIT (LENGTH_MEASURE( 1.000000000000000082E-05 ), #3002, 'distance_accuracy_value', 'NONE');
#192 = ORIENTED_EDGE ( 'NONE', *, *, #625, .F. ) ;
#193 = EDGE_CURVE ( 'NONE', #1750, #2489, #1684, .T. ) ;
#194 = AXIS2_PLACEMENT_3D ( 'NONE', #1084, #834, #2674 ) ;
#195 = EDGE_CURVE ( 'NONE', #2717, #1592, #1755, .T. ) ;
#196 = LINE ( 'NONE', #1208, #1168 ) ;
#197 = ORIENTED_EDGE ( 'NONE', *, *, #2750, .F. ) ;
#198 = LINE ( 'NONE', #2656, #2256 ) ;
#199 = EDGE_LOOP ( 'NONE', ( #1411, #2974, #3112, #1817, #2669, #748, #2169, #2744 ) ) ;
#200 = ORIENTED_EDGE ( 'NONE', *, *, #2680, .F. ) ;
#201 = CARTESIAN_POINT ( 'NONE',  ( 0.8718954248366005411, -0.6562091503267974968, 1.671895424836601363 ) ) ;
#202 = DIRECTION ( 'NONE',  ( 0.000000000000000000, -1.000000000000000000, 0.000000000000000000 ) ) ;
#203 = MECHANICAL_DESIGN_GEOMETRIC_PRESENTATION_REPRESENTATION (  '', ( #2691 ), #2346 ) ;
#204 = ORIENTED_EDGE ( 'NONE', *, *, #3359, .T. ) ;
#205 = VECTOR ( 'NONE', #2438, 1000.000000000000000 ) ;
#206 = ORIENTED_EDGE ( 'NONE', *, *, #3014, .T. ) ;
#207 = DIRECTION ( 'NONE',  ( 0.000000000000000000, -1.000000000000000000, 0.000000000000000000 ) ) ;
#208 = VECTOR ( 'NONE', #1028, 1000.000000000000000 ) ;
#209 = LINE ( 'NONE', #262, #2287 ) ;
#210 = ORIENTED_EDGE ( 'NONE', *, *, #2696, .F. ) ;
#211 = EDGE_CURVE ( 'NONE', #2787, #691, #373, .T. ) ;
#212 = DIRECTION ( 'NONE',  ( -1.000000000000000000, 0.000000000000000000, 0.000000000000000000 ) ) ;
#213 = EDGE_LOOP ( 'NONE', ( #3455, #1479, #989, #55 ) ) ;
#214 = DIRECTION ( 'NONE',  ( 0.000000000000000000, 1.000000000000000000, 0.000000000000000000 ) ) ;
#215 = LINE ( 'NONE', #3178, #2516 ) ;
#216 = STYLED_ITEM ( 'NONE', ( #2869 ), #2990 ) ;
#217 = AXIS2_PLACEMENT_3D ( 'NONE', #1090, #3265, #594 ) ;
#218 = UNCERTAINTY_MEASURE_WITH_UNIT (LENGTH_MEASURE( 1.000000000000000082E-05 ), #1926, 'distance_accuracy_value', 'NONE');
#219 = LINE ( 'NONE', #1033, #64 ) ;
#220 = AXIS2_PLACEMENT_3D ( 'NONE', #1082, #339, #1940 ) ;
#221 = AXIS2_PLACEMENT_3D ( 'NONE', #619, #3361, #2286 ) ;
#222 = SURFACE_STYLE_USAGE ( .BOTH. , #254 ) ;
#223 = ORIENTED_EDGE ( 'NONE', *, *, #2410, .T. ) ;
#224 = EDGE_LOOP ( 'NONE', ( #332, #2080, #1375, #2993 ) ) ;
#225 =( NAMED_UNIT ( * ) PLANE_ANGLE_UNIT ( ) SI_UNIT ( $, .RADIAN. ) );
#226 = ORIENTED_EDGE ( 'NONE', *, *, #1807, .T. ) ;
#227 = SURFACE_STYLE_USAGE ( .BOTH. , #184 ) ;
#228 = VECTOR ( 'NONE', #2115, 1000.000000000000000 ) ;
#229 = EDGE_CURVE ( 'NONE', #107, #2804, #1194, .T. ) ;
#230 = CARTESIAN_POINT ( 'NONE',  ( 2.250000000000000444, -1.700000000000000178, -1.900000000000000133 ) ) ;
#231 = CARTESIAN_POINT ( 'NONE',  ( 2.550000000000000266, -2.000000000000000000, -1.100000000000000089 ) ) ;
#232 = ORIENTED_EDGE ( 'NONE', *, *, #3286, .T. ) ;
#233 = LINE ( 'NONE', #2883, #2813 ) ;
#234 = LINE ( 'NONE', #1567, #11 ) ;
#235 = EDGE_CURVE ( 'NONE', #1750, #1611, #919, .T. ) ;
#236 = DIRECTION ( 'NONE',  ( -1.000000000000000000, 0.000000000000000000, 0.000000000000000000 ) ) ;
#237 = DIRECTION ( 'NONE',  ( 1.000000000000000000, 0.000000000000000000, 0.000000000000000000 ) ) ;
#238 = VERTEX_POINT ( 'NONE', #1669 ) ;
#239 = VERTEX_POINT ( 'NONE', #1982 ) ;
#240 = ORIENTED_EDGE ( 'NONE', *, *, #3401, .F. ) ;
#241 = DIRECTION ( 'NONE',  ( 1.000000000000000000, 0.000000000000000000, 0.000000000000000000 ) ) ;
#242 = PLANE ( 'NONE',  #2353 ) ;
#243 = FACE_OUTER_BOUND ( 'NONE', #2541, .T. ) ;
#244 = CARTESIAN_POINT ( 'NONE',  ( 2.550000000000000266, -1.000000000000000000, 0.3000000000000001554 ) ) ;
#245 = DIRECTION ( 'NONE',  ( 1.000000000000000000, 0.000000000000000000, 0.000000000000000000 ) ) ;
#246 = EDGE_CURVE ( 'NONE', #1752, #969, #2572, .T. ) ;
#247 = AXIS2_PLACEMENT_3D ( 'NONE', #1703, #2514, #903 ) ;
#248 = SURFACE_STYLE_FILL_AREA ( #1312 ) ;
#249 = AXIS2_PLACEMENT_3D ( 'NONE', #1157, #3078, #923 ) ;
#250 = CARTESIAN_POINT ( 'NONE',  ( -0.8000000000000014877, -0.5843137254901971112, -1.599999999999999423 ) ) ;
#251 = ADVANCED_FACE ( 'NONE', ( #3346 ), #621, .T. ) ;
#252 = EDGE_CURVE ( 'NONE', #2097, #1037, #2809, .T. ) ;
#253 = CARTESIAN_POINT ( 'NONE',  ( -2.550000000000000266, -2.000000000000000000, -1.900000000000000133 ) ) ;
#254 = SURFACE_SIDE_STYLE ('',( #1879 ) ) ;
#255 = VERTEX_POINT ( 'NONE', #1268 ) ;
#256 = EDGE_LOOP ( 'NONE', ( #1074, #1265, #60, #898 ) ) ;
#257 = VECTOR ( 'NONE', #610, 1000.000000000000000 ) ;
#258 = DIRECTION ( 'NONE',  ( 0.000000000000000000, 0.000000000000000000, -1.000000000000000000 ) ) ;
#259 = ORIENTED_EDGE ( 'NONE', *, *, #3122, .T. ) ;
#260 = CARTESIAN_POINT ( 'NONE',  ( 2.550000000000000266, -1.000000000000000000, 0.3000000000000000444 ) ) ;
#261 = CARTESIAN_POINT ( 'NONE',  ( -1.550000000000000266, -2.000000000000000000, -1.900000000000000133 ) ) ;
#262 = CARTESIAN_POINT ( 'NONE',  ( 2.250000000000000444, -1.700000000000000178, -1.900000000000000133 ) ) ;
#263 = ORIENTED_EDGE ( 'NONE', *, *, #795, .F. ) ;
#264 = CARTESIAN_POINT ( 'NONE',  ( -2.550000000000000266, 0.000000000000000000, -0.3000000000000000444 ) ) ;
#265 = FILL_AREA_STYLE ('',( #3210 ) ) ;
#266 = PRESENTATION_LAYER_ASSIGNMENT (  '', '', ( #3299 ) ) ;
#267 = PRESENTATION_LAYER_ASSIGNMENT (  '', '', ( #1219 ) ) ;
#268 = STYLED_ITEM ( 'NONE', ( #869 ), #3309 ) ;
#269 = LINE ( 'NONE', #3004, #46 ) ;
#270 = SURFACE_STYLE_USAGE ( .BOTH. , #1858 ) ;
#271 = CARTESIAN_POINT ( 'NONE',  ( -2.250000000000000444, -1.700000000000000178, -0.3000000000000001554 ) ) ;
#272 = VECTOR ( 'NONE', #3485, 1000.000000000000000 ) ;
#273 = CARTESIAN_POINT ( 'NONE',  ( -2.550000000000000266, 0.000000000000000000, 1.900000000000000133 ) ) ;
#274 = AXIS2_PLACEMENT_3D ( 'NONE', #747, #3399, #1291 ) ;
#275 =( NAMED_UNIT ( * ) PLANE_ANGLE_UNIT ( ) SI_UNIT ( $, .RADIAN. ) );
#276 = EDGE_CURVE ( 'NONE', #392, #1930, #544, .T. ) ;
#277 =( LENGTH_UNIT ( ) NAMED_UNIT ( * ) SI_UNIT ( .MILLI., .METRE. ) );
#278 = ORIENTED_EDGE ( 'NONE', *, *, #2696, .T. ) ;
#279 = PRESENTATION_LAYER_ASSIGNMENT (  '', '', ( #1003 ) ) ;
#280 = ORIENTED_EDGE ( 'NONE', *, *, #300, .F. ) ;
#281 = EDGE_CURVE ( 'NONE', #736, #1666, #2644, .T. ) ;
#282 = VERTEX_POINT ( 'NONE', #3450 ) ;
#283 = DIRECTION ( 'NONE',  ( 0.000000000000000000, -1.000000000000000000, 0.000000000000000000 ) ) ;
#284 =( NAMED_UNIT ( * ) SI_UNIT ( $, .STERADIAN. ) SOLID_ANGLE_UNIT ( ) );
#285 = VECTOR ( 'NONE', #441, 1000.000000000000000 ) ;
#286 = LINE ( 'NONE', #2142, #2071 ) ;
#287 = SURFACE_STYLE_USAGE ( .BOTH. , #12 ) ;
#288 = VERTEX_POINT ( 'NONE', #797 ) ;
#289 =( NAMED_UNIT ( * ) SI_UNIT ( $, .STERADIAN. ) SOLID_ANGLE_UNIT ( ) );
#290 = DIRECTION ( 'NONE',  ( -1.000000000000000000, 0.000000000000000000, 0.000000000000000000 ) ) ;
#291 =( NAMED_UNIT ( * ) SI_UNIT ( $, .STERADIAN. ) SOLID_ANGLE_UNIT ( ) );
#292 = COLOUR_RGB ( '',0.8627450980392157298, 0.5882352941176470784, 0.06274509803921568540 ) ;
#293 = CARTESIAN_POINT ( 'NONE',  ( 2.549999999999999822, -2.000000000000000000, -1.900000000000000133 ) ) ;
#294 = CARTESIAN_POINT ( 'NONE',  ( 1.550000000000000266, -1.700000000000000178, 0.3000000000000000444 ) ) ;
#295 = CARTESIAN_POINT ( 'NONE',  ( 0.000000000000000000, -1.000000000000000000, 0.3000000000000000444 ) ) ;
#296 = CARTESIAN_POINT ( 'NONE',  ( -1.000000000000000888, 0.2999999999999999334, -0.7000000000000000666 ) ) ;
#297 = PLANE ( 'NONE',  #1623 ) ;
#298 = VERTEX_POINT ( 'NONE', #781 ) ;
#299 = EDGE_LOOP ( 'NONE', ( #3386, #330, #2119, #774, #2604, #2617 ) ) ;
#300 = EDGE_CURVE ( 'NONE', #1160, #316, #215, .T. ) ;
#301 = FACE_OUTER_BOUND ( 'NONE', #171, .T. ) ;
#302 = VERTEX_POINT ( 'NONE', #3424 ) ;
#303 = EDGE_CURVE ( 'NONE', #485, #462, #2382, .T. ) ;
#304 = DIRECTION ( 'NONE',  ( -1.000000000000000000, 0.000000000000000000, 0.000000000000000000 ) ) ;
#305 = ORIENTED_EDGE ( 'NONE', *, *, #854, .F. ) ;
#306 = DIRECTION ( 'NONE',  ( 0.000000000000000000, -1.000000000000000000, 0.000000000000000000 ) ) ;
#307 = VECTOR ( 'NONE', #1099, 1000.000000000000000 ) ;
#308 = CARTESIAN_POINT ( 'NONE',  ( -0.000000000000000000, -2.000000000000000000, -1.900000000000000133 ) ) ;
#309 = CARTESIAN_POINT ( 'NONE',  ( -2.550000000000000266, -2.000000000000000000, 0.3000000000000000444 ) ) ;
#310 = FACE_OUTER_BOUND ( 'NONE', #2348, .T. ) ;
#311 = AXIS2_PLACEMENT_3D ( 'NONE', #1119, #2756, #340 ) ;
#312 = SURFACE_SIDE_STYLE ('',( #1127 ) ) ;
#313 = DIRECTION ( 'NONE',  ( -1.000000000000000000, 0.000000000000000000, 0.000000000000000000 ) ) ;
#314 = FACE_OUTER_BOUND ( 'NONE', #3391, .T. ) ;
#315 = ORIENTED_EDGE ( 'NONE', *, *, #2343, .T. ) ;
#316 = VERTEX_POINT ( 'NONE', #3168 ) ;
#317 = DIRECTION ( 'NONE',  ( 0.000000000000000000, 1.548860246407863583E-16, -1.000000000000000000 ) ) ;
#318 = EDGE_LOOP ( 'NONE', ( #2344, #1718, #3273, #2013, #3444, #2449 ) ) ;
#319 = LINE ( 'NONE', #2705, #957 ) ;
#320 = AXIS2_PLACEMENT_3D ( 'NONE', #578, #80, #799 ) ;
#321 = ADVANCED_FACE ( 'NONE', ( #1032 ), #3193, .T. ) ;
#322 = DIRECTION ( 'NONE',  ( 0.000000000000000000, -1.000000000000000000, -1.548860246407863583E-16 ) ) ;
#323 = LINE ( 'NONE', #1048, #3008 ) ;
#324 = FACE_OUTER_BOUND ( 'NONE', #256, .T. ) ;
#325 = EDGE_CURVE ( 'NONE', #2489, #2983, #1008, .T. ) ;
#326 = EDGE_LOOP ( 'NONE', ( #2864, #2891, #2914, #2571, #1476 ) ) ;
#327 =( GEOMETRIC_REPRESENTATION_CONTEXT ( 3 ) GLOBAL_UNCERTAINTY_ASSIGNED_CONTEXT ( ( #3345 ) ) GLOBAL_UNIT_ASSIGNED_CONTEXT ( ( #1887, #2178, #618 ) ) REPRESENTATION_CONTEXT ( 'NONE', 'WORKASPACE' ) );
#328 = CARTESIAN_POINT ( 'NONE',  ( 0.000000000000000000, -1.034313725490196401, 0.000000000000000000 ) ) ;
#329 = DIRECTION ( 'NONE',  ( -1.000000000000000000, -0.000000000000000000, 0.000000000000000000 ) ) ;
#330 = ORIENTED_EDGE ( 'NONE', *, *, #1903, .T. ) ;
#331 = COLOUR_RGB ( '',0.8627450980392157298, 0.5882352941176470784, 0.06274509803921568540 ) ;
#332 = ORIENTED_EDGE ( 'NONE', *, *, #1218, .T. ) ;
#333 = VECTOR ( 'NONE', #675, 1000.000000000000000 ) ;
#334 = AXIS2_PLACEMENT_3D ( 'NONE', #676, #1482, #1228 ) ;
#335 = PLANE ( 'NONE',  #221 ) ;
#336 = AXIS2_PLACEMENT_3D ( 'NONE', #2148, #527, #796 ) ;
#337 = LINE ( 'NONE', #1191, #1121 ) ;
#338 = AXIS2_PLACEMENT_3D ( 'NONE', #3285, #2412, #600 ) ;
#339 = DIRECTION ( 'NONE',  ( 0.000000000000000000, 1.000000000000000000, 0.000000000000000000 ) ) ;
#340 = DIRECTION ( 'NONE',  ( 0.000000000000000000, 1.000000000000000000, -1.355252715606880543E-16 ) ) ;
#341 = CARTESIAN_POINT ( 'NONE',  ( 1.200000000000000622, 2.000000000000000000, 2.000000000000000000 ) ) ;
#342 = ADVANCED_FACE ( 'NONE', ( #515 ), #2149, .T. ) ;
#343 = DIRECTION ( 'NONE',  ( 0.000000000000000000, 0.000000000000000000, 1.000000000000000000 ) ) ;
#344 = DIRECTION ( 'NONE',  ( -0.000000000000000000, 0.000000000000000000, -1.000000000000000000 ) ) ;
#345 = DIRECTION ( 'NONE',  ( 0.000000000000000000, 0.000000000000000000, -1.000000000000000000 ) ) ;
#346 = EDGE_CURVE ( 'NONE', #1214, #1178, #1570, .T. ) ;
#347 = CARTESIAN_POINT ( 'NONE',  ( 2.250000000000000444, -1.700000000000000178, -0.3000000000000001554 ) ) ;
#348 = ORIENTED_EDGE ( 'NONE', *, *, #1768, .T. ) ;
#349 = FACE_OUTER_BOUND ( 'NONE', #1679, .T. ) ;
#350 = CARTESIAN_POINT ( 'NONE',  ( -1.500000000000000888, 1.699999999999999956, 0.7000000000000000666 ) ) ;
#351 = DIRECTION ( 'NONE',  ( -1.000000000000000000, 0.000000000000000000, 0.000000000000000000 ) ) ;
#352 = LINE ( 'NONE', #792, #3156 ) ;
#353 = CARTESIAN_POINT ( 'NONE',  ( 0.9999999999999991118, 2.000000000000000000, 1.799999999999999600 ) ) ;
#354 = CARTESIAN_POINT ( 'NONE',  ( 2.550000000000000266, -2.000000000000000000, -1.100000000000000089 ) ) ;
#355 = DIRECTION ( 'NONE',  ( -0.7071067811865460184, 0.000000000000000000, -0.7071067811865490160 ) ) ;
#356 =( NAMED_UNIT ( * ) PLANE_ANGLE_UNIT ( ) SI_UNIT ( $, .RADIAN. ) );
#357 = SURFACE_SIDE_STYLE ('',( #2989 ) ) ;
#358 = ORIENTED_EDGE ( 'NONE', *, *, #1409, .F. ) ;
#359 = EDGE_CURVE ( 'NONE', #2877, #2489, #2677, .T. ) ;
#360 =( NAMED_UNIT ( * ) PLANE_ANGLE_UNIT ( ) SI_UNIT ( $, .RADIAN. ) );
#361 = ORIENTED_EDGE ( 'NONE', *, *, #817, .T. ) ;
#362 =( NAMED_UNIT ( * ) PLANE_ANGLE_UNIT ( ) SI_UNIT ( $, .RADIAN. ) );
#363 = FACE_OUTER_BOUND ( 'NONE', #2730, .T. ) ;
#364 = FACE_OUTER_BOUND ( 'NONE', #1746, .T. ) ;
#365 = EDGE_CURVE ( 'NONE', #3249, #1698, #2402, .T. ) ;
#366 = EDGE_CURVE ( 'NONE', #2589, #392, #1053, .T. ) ;
#367 = DIRECTION ( 'NONE',  ( -1.000000000000000000, 0.000000000000000000, 0.000000000000000000 ) ) ;
#368 = ORIENTED_EDGE ( 'NONE', *, *, #246, .T. ) ;
#369 = EDGE_CURVE ( 'NONE', #1771, #3367, #2899, .T. ) ;
#370 = DIRECTION ( 'NONE',  ( -0.000000000000000000, -0.000000000000000000, 1.000000000000000000 ) ) ;
#371 = CARTESIAN_POINT ( 'NONE',  ( 2.250000000000000444, -1.000000000000000000, 1.900000000000000133 ) ) ;
#372 = VERTEX_POINT ( 'NONE', #2098 ) ;
#373 = LINE ( 'NONE', #3059, #2051 ) ;
#374 = LINE ( 'NONE', #2553, #56 ) ;
#375 = LINE ( 'NONE', #906, #3420 ) ;
#376 = AXIS2_PLACEMENT_3D ( 'NONE', #1627, #2517, #344 ) ;
#377 = ORIENTED_EDGE ( 'NONE', *, *, #3451, .F. ) ;
#378 = LINE ( 'NONE', #2847, #597 ) ;
#379 = FILL_AREA_STYLE ('',( #1690 ) ) ;
#380 = DIRECTION ( 'NONE',  ( -1.000000000000000000, -0.000000000000000000, 0.000000000000000000 ) ) ;
#381 = ORIENTED_EDGE ( 'NONE', *, *, #1833, .F. ) ;
#382 = COLOUR_RGB ( '',0.8627450980392157298, 0.5882352941176470784, 0.06274509803921568540 ) ;
#383 = EDGE_CURVE ( 'NONE', #183, #3268, #2132, .T. ) ;
#384 = PRESENTATION_LAYER_ASSIGNMENT (  '', '', ( #1497 ) ) ;
#385 = VECTOR ( 'NONE', #174, 1000.000000000000000 ) ;
#386 = DIRECTION ( 'NONE',  ( 0.000000000000000000, 0.000000000000000000, -1.000000000000000000 ) ) ;
#387 = CARTESIAN_POINT ( 'NONE',  ( -2.250000000000000444, -1.700000000000000178, -1.900000000000000133 ) ) ;
#388 = STYLED_ITEM ( 'NONE', ( #435 ), #2590 ) ;
#389 = ADVANCED_FACE ( 'NONE', ( #2917 ), #496, .F. ) ;
#390 = CARTESIAN_POINT ( 'NONE',  ( -1.000000000000000888, 1.699999999999999956, 0.7000000000000000666 ) ) ;
#391 = CARTESIAN_POINT ( 'NONE',  ( 2.250000000000000444, -1.000000000000000000, -0.3000000000000000444 ) ) ;
#392 = VERTEX_POINT ( 'NONE', #3261 ) ;
#393 = VECTOR ( 'NONE', #2487, 1000.000000000000000 ) ;
#394 = CARTESIAN_POINT ( 'NONE',  ( -2.550000000000000266, -1.000000000000000000, -1.900000000000000133 ) ) ;
#395 = VERTEX_POINT ( 'NONE', #1104 ) ;
#396 = CARTESIAN_POINT ( 'NONE',  ( 2.250000000000000444, -1.700000000000000178, 1.900000000000000133 ) ) ;
#397 = ORIENTED_EDGE ( 'NONE', *, *, #1692, .F. ) ;
#398 = DIRECTION ( 'NONE',  ( 1.000000000000000000, 0.000000000000000000, 0.000000000000000000 ) ) ;
#399 = DIRECTION ( 'NONE',  ( -1.000000000000000000, 0.000000000000000000, 0.000000000000000000 ) ) ;
#400 = ORIENTED_EDGE ( 'NONE', *, *, #383, .T. ) ;
#401 = CIRCLE ( 'NONE', #3432, 1.000000000000000000 ) ;
#402 = DIRECTION ( 'NONE',  ( -1.000000000000000000, 0.000000000000000000, 0.000000000000000000 ) ) ;
#403 = DIRECTION ( 'NONE',  ( -1.000000000000000000, 0.000000000000000000, 0.000000000000000000 ) ) ;
#404 = EDGE_CURVE ( 'NONE', #2201, #1565, #847, .T. ) ;
#405 = DIRECTION ( 'NONE',  ( 0.000000000000000000, -0.000000000000000000, -1.000000000000000000 ) ) ;
#406 =( LENGTH_UNIT ( ) NAMED_UNIT ( * ) SI_UNIT ( .MILLI., .METRE. ) );
#407 = EDGE_LOOP ( 'NONE', ( #936, #2361, #2015, #3288 ) ) ;
#408 = EDGE_CURVE ( 'NONE', #2155, #2233, #3046, .T. ) ;
#409 =( LENGTH_UNIT ( ) NAMED_UNIT ( * ) SI_UNIT ( .MILLI., .METRE. ) );
#410 = DIRECTION ( 'NONE',  ( -0.000000000000000000, -0.000000000000000000, -1.000000000000000000 ) ) ;
#411 = ORIENTED_EDGE ( 'NONE', *, *, #1263, .F. ) ;
#412 = CARTESIAN_POINT ( 'NONE',  ( 2.550000000000000266, -1.750000000000000222, 1.100000000000000089 ) ) ;
#413 = ORIENTED_EDGE ( 'NONE', *, *, #2058, .F. ) ;
#414 = DIRECTION ( 'NONE',  ( 0.000000000000000000, 0.000000000000000000, 1.000000000000000000 ) ) ;
#415 = DIRECTION ( 'NONE',  ( -0.000000000000000000, -0.000000000000000000, 1.000000000000000000 ) ) ;
#416 = LINE ( 'NONE', #988, #1169 ) ;
#417 = CARTESIAN_POINT ( 'NONE',  ( 2.550000000000000266, -2.000000000000000000, 1.900000000000000133 ) ) ;
#418 = EDGE_LOOP ( 'NONE', ( #1981, #3083, #2332, #930, #1715, #92 ) ) ;
#419 = CLOSED_SHELL ( 'NONE', ( #790, #1974, #979, #3309, #2566, #3061, #678, #3473, #468, #1341 ) ) ;
#420 = CARTESIAN_POINT ( 'NONE',  ( 0.000000000000000000, -1.700000000000000178, 0.3000000000000000444 ) ) ;
#421 = CARTESIAN_POINT ( 'NONE',  ( -1.550000000000000266, -2.000000000000000000, 0.3000000000000001554 ) ) ;
#422 = LINE ( 'NONE', #160, #2031 ) ;
#423 = SURFACE_STYLE_USAGE ( .BOTH. , #164 ) ;
#424 = VERTEX_POINT ( 'NONE', #38 ) ;
#425 = DIRECTION ( 'NONE',  ( -0.000000000000000000, -0.000000000000000000, -1.000000000000000000 ) ) ;
#426 = CARTESIAN_POINT ( 'NONE',  ( 2.250000000000000444, -1.000000000000000000, -0.3000000000000001554 ) ) ;
#427 = VERTEX_POINT ( 'NONE', #293 ) ;
#428 = EDGE_LOOP ( 'NONE', ( #1988, #481, #2766 ) ) ;
#429 = VECTOR ( 'NONE', #783, 1000.000000000000000 ) ;
#430 = VECTOR ( 'NONE', #3259, 1000.000000000000000 ) ;
#431 = EDGE_CURVE ( 'NONE', #3253, #2231, #1947, .T. ) ;
#432 = PRESENTATION_LAYER_ASSIGNMENT (  '', '', ( #2740 ) ) ;
#433 = PLANE ( 'NONE',  #1 ) ;
#434 = SURFACE_SIDE_STYLE ('',( #1201 ) ) ;
#435 = PRESENTATION_STYLE_ASSIGNMENT (( #1757 ) ) ;
#436 = UNCERTAINTY_MEASURE_WITH_UNIT (LENGTH_MEASURE( 1.000000000000000082E-05 ), #1520, 'distance_accuracy_value', 'NONE');
#437 = LINE ( 'NONE', #1526, #1939 ) ;
#438 = AXIS2_PLACEMENT_3D ( 'NONE', #3348, #2831, #1212 ) ;
#439 = FILL_AREA_STYLE_COLOUR ( '', #3150 ) ;
#440 = ORIENTED_EDGE ( 'NONE', *, *, #693, .T. ) ;
#441 = DIRECTION ( 'NONE',  ( 0.000000000000000000, -1.000000000000000000, 0.000000000000000000 ) ) ;
#442 = STYLED_ITEM ( 'NONE', ( #3355 ), #2953 ) ;
#443 = VECTOR ( 'NONE', #1035, 1000.000000000000000 ) ;
#444 = FACE_OUTER_BOUND ( 'NONE', #177, .T. ) ;
#445 = ORIENTED_EDGE ( 'NONE', *, *, #193, .T. ) ;
#446 = SURFACE_STYLE_USAGE ( .BOTH. , #3315 ) ;
#447 = VERTEX_POINT ( 'NONE', #1898 ) ;
#448 = MECHANICAL_DESIGN_GEOMETRIC_PRESENTATION_REPRESENTATION (  '', ( #1171 ), #552 ) ;
#449 = EDGE_CURVE ( 'NONE', #107, #1548, #1403, .T. ) ;
#450 = AXIS2_PLACEMENT_3D ( 'NONE', #464, #666, #971 ) ;
#451 = PRESENTATION_STYLE_ASSIGNMENT (( #2916 ) ) ;
#452 = DIRECTION ( 'NONE',  ( -0.000000000000000000, -0.000000000000000000, 1.000000000000000000 ) ) ;
#453 = SURFACE_STYLE_FILL_AREA ( #122 ) ;
#454 = EDGE_CURVE ( 'NONE', #1666, #2994, #2167, .T. ) ;
#455 = DIRECTION ( 'NONE',  ( -0.000000000000000000, -0.000000000000000000, -1.000000000000000000 ) ) ;
#456 = ORIENTED_EDGE ( 'NONE', *, *, #36, .T. ) ;
#457 = SURFACE_STYLE_FILL_AREA ( #2878 ) ;
#458 = SURFACE_STYLE_USAGE ( .BOTH. , #484 ) ;
#459 = ORIENTED_EDGE ( 'NONE', *, *, #86, .T. ) ;
#460 = FACE_OUTER_BOUND ( 'NONE', #833, .T. ) ;
#461 = VERTEX_POINT ( 'NONE', #309 ) ;
#462 = VERTEX_POINT ( 'NONE', #2245 ) ;
#463 = LINE ( 'NONE', #2049, #1460 ) ;
#464 = CARTESIAN_POINT ( 'NONE',  ( 0.000000000000000000, -2.000000000000000000, -1.900000000000000133 ) ) ;
#465 = EDGE_CURVE ( 'NONE', #302, #2960, #1124, .T. ) ;
#466 = EDGE_CURVE ( 'NONE', #682, #1436, #2462, .T. ) ;
#467 = FACE_OUTER_BOUND ( 'NONE', #3161, .T. ) ;
#468 = ADVANCED_FACE ( 'NONE', ( #3242 ), #59, .F. ) ;
#469 = FILL_AREA_STYLE_COLOUR ( '', #1604 ) ;
#470 = ORIENTED_EDGE ( 'NONE', *, *, #905, .F. ) ;
#471 = LINE ( 'NONE', #2315, #285 ) ;
#472 = SURFACE_STYLE_FILL_AREA ( #3461 ) ;
#473 = ORIENTED_EDGE ( 'NONE', *, *, #1851, .T. ) ;
#474 = FACE_OUTER_BOUND ( 'NONE', #1798, .T. ) ;
#475 = FACE_OUTER_BOUND ( 'NONE', #2329, .T. ) ;
#476 = CARTESIAN_POINT ( 'NONE',  ( 1.199999999999998845, 0.000000000000000000, -2.000000000000000000 ) ) ;
#477 = CARTESIAN_POINT ( 'NONE',  ( -1.200000000000000622, 0.000000000000000000, -2.000000000000000000 ) ) ;
#478 = VECTOR ( 'NONE', #967, 1000.000000000000000 ) ;
#479 = DIRECTION ( 'NONE',  ( 0.000000000000000000, -0.000000000000000000, 1.000000000000000000 ) ) ;
#480 =( GEOMETRIC_REPRESENTATION_CONTEXT ( 3 ) GLOBAL_UNCERTAINTY_ASSIGNED_CONTEXT ( ( #73 ) ) GLOBAL_UNIT_ASSIGNED_CONTEXT ( ( #1298, #3293, #3063 ) ) REPRESENTATION_CONTEXT ( 'NONE', 'WORKASPACE' ) );
#481 = ORIENTED_EDGE ( 'NONE', *, *, #2801, .T. ) ;
#482 = ADVANCED_FACE ( 'NONE', ( #1141 ), #2223, .F. ) ;
#483 = SURFACE_STYLE_USAGE ( .BOTH. , #3246 ) ;
#484 = SURFACE_SIDE_STYLE ('',( #2094 ) ) ;
#485 = VERTEX_POINT ( 'NONE', #2586 ) ;
#486 = ADVANCED_FACE ( 'NONE', ( #1196 ), #2555, .F. ) ;
#487 = CARTESIAN_POINT ( 'NONE',  ( -2.550000000000000266, -2.000000000000000000, 0.3000000000000001554 ) ) ;
#488 = AXIS2_PLACEMENT_3D ( 'NONE', #2166, #3241, #564 ) ;
#489 = COLOUR_RGB ( '',0.8627450980392157298, 0.5882352941176470784, 0.06274509803921568540 ) ;
#490 = PLANE ( 'NONE',  #1763 ) ;
#491 = ORIENTED_EDGE ( 'NONE', *, *, #2967, .F. ) ;
#492 = VECTOR ( 'NONE', #3295, 1000.000000000000000 ) ;
#493 = SHAPE_DEFINITION_REPRESENTATION ( #2391, #1636 ) ;
#494 =( NAMED_UNIT ( * ) SI_UNIT ( $, .STERADIAN. ) SOLID_ANGLE_UNIT ( ) );
#495 = VECTOR ( 'NONE', #1530, 1000.000000000000000 ) ;
#496 = PLANE ( 'NONE',  #376 ) ;
#497 = VECTOR ( 'NONE', #415, 1000.000000000000000 ) ;
#498 = AXIS2_PLACEMENT_3D ( 'NONE', #2209, #2229, #874 ) ;
#499 = UNCERTAINTY_MEASURE_WITH_UNIT (LENGTH_MEASURE( 1.000000000000000082E-05 ), #566, 'distance_accuracy_value', 'NONE');
#500 = DIRECTION ( 'NONE',  ( -0.5773502691896249539, 0.5773502691896249539, 0.5773502691896273964 ) ) ;
#501 = COLOUR_RGB ( '',0.8627450980392157298, 0.5882352941176470784, 0.06274509803921568540 ) ;
#502 = CARTESIAN_POINT ( 'NONE',  ( -1.500000000000000888, 1.699999999999999956, 0.7000000000000000666 ) ) ;
#503 = EDGE_LOOP ( 'NONE', ( #377, #3163, #3011, #3071 ) ) ;
#504 = ORIENTED_EDGE ( 'NONE', *, *, #2633, .T. ) ;
#505 = MECHANICAL_DESIGN_GEOMETRIC_PRESENTATION_REPRESENTATION (  '', ( #2425 ), #3317 ) ;
#506 = ADVANCED_FACE ( 'NONE', ( #3388 ), #1213, .F. ) ;
#507 = FACE_OUTER_BOUND ( 'NONE', #1319, .T. ) ;
#508 = ORIENTED_EDGE ( 'NONE', *, *, #2275, .T. ) ;
#509 = CARTESIAN_POINT ( 'NONE',  ( 0.000000000000000000, -2.000000000000000000, 0.3000000000000000444 ) ) ;
#510 = EDGE_CURVE ( 'NONE', #1214, #3123, #2845, .T. ) ;
#511 = ADVANCED_FACE ( 'NONE', ( #444 ), #2347, .F. ) ;
#512 = DIRECTION ( 'NONE',  ( 0.000000000000000000, 0.000000000000000000, 1.000000000000000000 ) ) ;
#513 =( GEOMETRIC_REPRESENTATION_CONTEXT ( 3 ) GLOBAL_UNCERTAINTY_ASSIGNED_CONTEXT ( ( #2666 ) ) GLOBAL_UNIT_ASSIGNED_CONTEXT ( ( #3297, #1956, #1164 ) ) REPRESENTATION_CONTEXT ( 'NONE', 'WORKASPACE' ) );
#514 = CARTESIAN_POINT ( 'NONE',  ( 2.250000000000000444, -1.700000000000000178, -0.3000000000000001554 ) ) ;
#515 = FACE_OUTER_BOUND ( 'NONE', #1710, .T. ) ;
#516 = DIRECTION ( 'NONE',  ( 1.000000000000000000, 0.000000000000000000, 0.000000000000000000 ) ) ;
#517 = CARTESIAN_POINT ( 'NONE',  ( -1.000000000000000888, 1.699999999999999956, -0.6999999999999996225 ) ) ;
#518 = EDGE_LOOP ( 'NONE', ( #1845, #1404, #1188, #1206, #2952, #137 ) ) ;
#519 =( LENGTH_UNIT ( ) NAMED_UNIT ( * ) SI_UNIT ( .MILLI., .METRE. ) );
#520 = ORIENTED_EDGE ( 'NONE', *, *, #2214, .F. ) ;
#521 = LINE ( 'NONE', #3234, #1348 ) ;
#522 = SURFACE_STYLE_USAGE ( .BOTH. , #1995 ) ;
#523 = DIRECTION ( 'NONE',  ( 0.000000000000000000, -1.000000000000000000, -0.000000000000000000 ) ) ;
#524 = DIRECTION ( 'NONE',  ( 0.000000000000000000, 0.000000000000000000, 1.000000000000000000 ) ) ;
#525 = CARTESIAN_POINT ( 'NONE',  ( -1.550000000000000266, -1.700000000000000178, -1.900000000000000133 ) ) ;
#526 = EDGE_CURVE ( 'NONE', #427, #3173, #2606, .T. ) ;
#527 = DIRECTION ( 'NONE',  ( 0.000000000000000000, 1.000000000000000000, 0.000000000000000000 ) ) ;
#528 = AXIS2_PLACEMENT_3D ( 'NONE', #354, #91, #1726 ) ;
#529 = CARTESIAN_POINT ( 'NONE',  ( -2.550000000000000266, -1.000000000000000000, -0.3000000000000001554 ) ) ;
#530 = LINE ( 'NONE', #2371, #698 ) ;
#531 = EDGE_CURVE ( 'NONE', #3097, #972, #2620, .T. ) ;
#532 = ORIENTED_EDGE ( 'NONE', *, *, #2379, .T. ) ;
#533 = MECHANICAL_DESIGN_GEOMETRIC_PRESENTATION_REPRESENTATION (  '', ( #2909 ), #925 ) ;
#534 = ORIENTED_EDGE ( 'NONE', *, *, #2461, .F. ) ;
#535 = COLOUR_RGB ( '',0.8627450980392157298, 0.5882352941176470784, 0.06274509803921568540 ) ;
#536 = LINE ( 'NONE', #1863, #1055 ) ;
#537 = EDGE_LOOP ( 'NONE', ( #1489, #686, #2720, #2278, #2832, #1815, #504 ) ) ;
#538 = CARTESIAN_POINT ( 'NONE',  ( 0.000000000000000000, 0.000000000000000000, 2.000000000000000000 ) ) ;
#539 = DIRECTION ( 'NONE',  ( 0.000000000000000000, -1.548860246407863583E-16, 1.000000000000000000 ) ) ;
#540 = ORIENTED_EDGE ( 'NONE', *, *, #2342, .F. ) ;
#541 = CARTESIAN_POINT ( 'NONE',  ( -2.250000000000000444, -1.700000000000000178, -0.3000000000000000444 ) ) ;
#542 = STYLED_ITEM ( 'NONE', ( #2763 ), #3245 ) ;
#543 =( NAMED_UNIT ( * ) PLANE_ANGLE_UNIT ( ) SI_UNIT ( $, .RADIAN. ) );
#544 = LINE ( 'NONE', #1840, #1810 ) ;
#545 = ADVANCED_FACE ( 'NONE', ( #1065 ), #490, .F. ) ;
#546 = LINE ( 'NONE', #2501, #492 ) ;
#547 = AXIS2_PLACEMENT_3D ( 'NONE', #2519, #1069, #2150 ) ;
#548 = CIRCLE ( 'NONE', #3043, 0.2499999999999998890 ) ;
#549 = EDGE_CURVE ( 'NONE', #3344, #1666, #209, .T. ) ;
#550 =( NAMED_UNIT ( * ) SI_UNIT ( $, .STERADIAN. ) SOLID_ANGLE_UNIT ( ) );
#551 = ORIENTED_EDGE ( 'NONE', *, *, #2966, .F. ) ;
#552 =( GEOMETRIC_REPRESENTATION_CONTEXT ( 3 ) GLOBAL_UNCERTAINTY_ASSIGNED_CONTEXT ( ( #113 ) ) GLOBAL_UNIT_ASSIGNED_CONTEXT ( ( #406, #2239, #2027 ) ) REPRESENTATION_CONTEXT ( 'NONE', 'WORKASPACE' ) );
#553 = EDGE_LOOP ( 'NONE', ( #647, #1934, #3441, #2093 ) ) ;
#554 = LINE ( 'NONE', #1616, #2253 ) ;
#555 = VERTEX_POINT ( 'NONE', #2107 ) ;
#556 = LINE ( 'NONE', #2721, #2937 ) ;
#557 = DIRECTION ( 'NONE',  ( 0.000000000000000000, 1.000000000000000000, 0.000000000000000000 ) ) ;
#558 = PLANE ( 'NONE',  #3470 ) ;
#559 = SURFACE_STYLE_USAGE ( .BOTH. , #2984 ) ;
#560 = DIRECTION ( 'NONE',  ( 0.000000000000000000, 1.000000000000000000, 0.000000000000000000 ) ) ;
#561 = SURFACE_STYLE_FILL_AREA ( #1568 ) ;
#562 = VECTOR ( 'NONE', #3325, 1000.000000000000000 ) ;
#563 =( LENGTH_UNIT ( ) NAMED_UNIT ( * ) SI_UNIT ( .MILLI., .METRE. ) );
#564 = DIRECTION ( 'NONE',  ( -2.168404344971008868E-16, 1.000000000000000000, 0.000000000000000000 ) ) ;
#565 = CARTESIAN_POINT ( 'NONE',  ( -1.550000000000000266, -1.700000000000000178, 0.3000000000000001554 ) ) ;
#566 =( LENGTH_UNIT ( ) NAMED_UNIT ( * ) SI_UNIT ( .MILLI., .METRE. ) );
#567 = LINE ( 'NONE', #2202, #430 ) ;
#568 = DIRECTION ( 'NONE',  ( 1.000000000000000000, 0.000000000000000000, -0.000000000000000000 ) ) ;
#569 = ORIENTED_EDGE ( 'NONE', *, *, #3451, .T. ) ;
#570 = ORIENTED_EDGE ( 'NONE', *, *, #252, .F. ) ;
#571 = EDGE_CURVE ( 'NONE', #424, #2233, #2639, .T. ) ;
#572 = CARTESIAN_POINT ( 'NONE',  ( 1.499999999999999112, 0.5000000000000001110, -0.1499999999999998834 ) ) ;
#573 = ORIENTED_EDGE ( 'NONE', *, *, #1384, .F. ) ;
#574 = DIRECTION ( 'NONE',  ( 0.000000000000000000, 0.000000000000000000, -1.000000000000000000 ) ) ;
#575 = ADVANCED_FACE ( 'NONE', ( #2127 ), #3174, .T. ) ;
#576 = LINE ( 'NONE', #3275, #1545 ) ;
#577 = PRESENTATION_STYLE_ASSIGNMENT (( #1052 ) ) ;
#578 = CARTESIAN_POINT ( 'NONE',  ( -2.550000000000000266, -2.000000000000000000, 1.100000000000000089 ) ) ;
#579 = CARTESIAN_POINT ( 'NONE',  ( 0.000000000000000000, -2.000000000000000000, 2.000000000000000000 ) ) ;
#580 = SURFACE_STYLE_FILL_AREA ( #2506 ) ;
#581 = ORIENTED_EDGE ( 'NONE', *, *, #2829, .T. ) ;
#582 = FILL_AREA_STYLE_COLOUR ( '', #2926 ) ;
#583 = EDGE_CURVE ( 'NONE', #3253, #395, #2358, .T. ) ;
#584 = LINE ( 'NONE', #3256, #1503 ) ;
#585 = ORIENTED_EDGE ( 'NONE', *, *, #1672, .F. ) ;
#586 = EDGE_CURVE ( 'NONE', #2144, #677, #1852, .T. ) ;
#587 =( NAMED_UNIT ( * ) SI_UNIT ( $, .STERADIAN. ) SOLID_ANGLE_UNIT ( ) );
#588 =( LENGTH_UNIT ( ) NAMED_UNIT ( * ) SI_UNIT ( .MILLI., .METRE. ) );
#589 = DIRECTION ( 'NONE',  ( -1.000000000000000000, 0.000000000000000000, 0.000000000000000000 ) ) ;
#590 = VERTEX_POINT ( 'NONE', #1564 ) ;
#591 = VECTOR ( 'NONE', #1243, 1000.000000000000000 ) ;
#592 =( LENGTH_UNIT ( ) NAMED_UNIT ( * ) SI_UNIT ( .MILLI., .METRE. ) );
#593 = VECTOR ( 'NONE', #237, 1000.000000000000000 ) ;
#594 = DIRECTION ( 'NONE',  ( 0.000000000000000000, -0.000000000000000000, 1.000000000000000000 ) ) ;
#595 = PLANE ( 'NONE',  #938 ) ;
#596 = VERTEX_POINT ( 'NONE', #2673 ) ;
#597 = VECTOR ( 'NONE', #2028, 1000.000000000000000 ) ;
#598 =( GEOMETRIC_REPRESENTATION_CONTEXT ( 3 ) GLOBAL_UNCERTAINTY_ASSIGNED_CONTEXT ( ( #2628 ) ) GLOBAL_UNIT_ASSIGNED_CONTEXT ( ( #1657, #275, #1071 ) ) REPRESENTATION_CONTEXT ( 'NONE', 'WORKASPACE' ) );
#599 = MECHANICAL_DESIGN_GEOMETRIC_PRESENTATION_REPRESENTATION (  '', ( #766 ), #53 ) ;
#600 = DIRECTION ( 'NONE',  ( 0.000000000000000000, 0.000000000000000000, -1.000000000000000000 ) ) ;
#601 = FACE_OUTER_BOUND ( 'NONE', #2906, .T. ) ;
#602 = ADVANCED_FACE ( 'NONE', ( #243 ), #2689, .F. ) ;
#603 = VECTOR ( 'NONE', #1344, 1000.000000000000000 ) ;
#604 = DIRECTION ( 'NONE',  ( 0.000000000000000000, -1.000000000000000000, 8.131516293641283255E-17 ) ) ;
#605 = DIRECTION ( 'NONE',  ( 0.000000000000000000, 0.000000000000000000, 1.000000000000000000 ) ) ;
#606 = DIRECTION ( 'NONE',  ( -0.000000000000000000, -0.000000000000000000, -1.000000000000000000 ) ) ;
#607 = VECTOR ( 'NONE', #2812, 1000.000000000000000 ) ;
#608 = ADVANCED_FACE ( 'NONE', ( #3039 ), #558, .F. ) ;
#609 = EDGE_CURVE ( 'NONE', #288, #555, #352, .T. ) ;
#610 = DIRECTION ( 'NONE',  ( 0.000000000000000000, 0.000000000000000000, 1.000000000000000000 ) ) ;
#611 = VERTEX_POINT ( 'NONE', #2724 ) ;
#612 = CARTESIAN_POINT ( 'NONE',  ( 2.550000000000000266, -2.000000000000000000, -0.3000000000000001554 ) ) ;
#613 = EDGE_CURVE ( 'NONE', #590, #2922, #826, .T. ) ;
#614 = CIRCLE ( 'NONE', #1968, 0.2500000000000000000 ) ;
#615 = LINE ( 'NONE', #1677, #393 ) ;
#616 = PRESENTATION_STYLE_ASSIGNMENT (( #3267 ) ) ;
#617 = ORIENTED_EDGE ( 'NONE', *, *, #2801, .F. ) ;
#618 =( NAMED_UNIT ( * ) SI_UNIT ( $, .STERADIAN. ) SOLID_ANGLE_UNIT ( ) );
#619 = CARTESIAN_POINT ( 'NONE',  ( 1.550000000000000266, 0.000000000000000000, 1.900000000000000133 ) ) ;
#620 = DIRECTION ( 'NONE',  ( 1.000000000000000000, 0.000000000000000000, 0.000000000000000000 ) ) ;
#621 = PLANE ( 'NONE',  #249 ) ;
#622 = FILL_AREA_STYLE_COLOUR ( '', #2133 ) ;
#623 = STYLED_ITEM ( 'NONE', ( #1350 ), #7 ) ;
#624 = ORIENTED_EDGE ( 'NONE', *, *, #2101, .F. ) ;
#625 = EDGE_CURVE ( 'NONE', #2942, #1861, #1954, .T. ) ;
#626 = PLANE ( 'NONE',  #498 ) ;
#627 = UNCERTAINTY_MEASURE_WITH_UNIT (LENGTH_MEASURE( 1.000000000000000082E-05 ), #563, 'distance_accuracy_value', 'NONE');
#628 = ADVANCED_FACE ( 'NONE', ( #3237 ), #2959, .F. ) ;
#629 = ORIENTED_EDGE ( 'NONE', *, *, #2505, .T. ) ;
#630 = DIRECTION ( 'NONE',  ( -1.000000000000000000, 0.000000000000000000, 0.000000000000000000 ) ) ;
#631 = DIRECTION ( 'NONE',  ( 0.000000000000000000, -1.000000000000000000, 0.000000000000000000 ) ) ;
#632 = SURFACE_STYLE_USAGE ( .BOTH. , #1425 ) ;
#633 = DIRECTION ( 'NONE',  ( 0.000000000000000000, -0.000000000000000000, 1.000000000000000000 ) ) ;
#634 = ORIENTED_EDGE ( 'NONE', *, *, #776, .T. ) ;
#635 = DIRECTION ( 'NONE',  ( 0.000000000000000000, 1.000000000000000000, 0.000000000000000000 ) ) ;
#636 = AXIS2_PLACEMENT_3D ( 'NONE', #1628, #1642, #3279 ) ;
#637 = CARTESIAN_POINT ( 'NONE',  ( -2.550000000000000266, -1.000000000000000000, 1.900000000000000133 ) ) ;
#638 = AXIS2_PLACEMENT_3D ( 'NONE', #2797, #907, #949 ) ;
#639 = DIRECTION ( 'NONE',  ( 1.000000000000000000, -0.000000000000000000, -0.000000000000000000 ) ) ;
#640 = EDGE_LOOP ( 'NONE', ( #2440, #3314, #2880, #965 ) ) ;
#641 = DIRECTION ( 'NONE',  ( 0.000000000000000000, -1.000000000000000000, 1.355252715606880543E-16 ) ) ;
#642 = DIRECTION ( 'NONE',  ( 0.000000000000000000, 0.000000000000000000, 1.000000000000000000 ) ) ;
#643 = EDGE_CURVE ( 'NONE', #2787, #2333, #584, .T. ) ;
#644 = DIRECTION ( 'NONE',  ( -0.000000000000000000, -1.000000000000000000, -0.000000000000000000 ) ) ;
#645 = SURFACE_STYLE_USAGE ( .BOTH. , #2852 ) ;
#646 = ORIENTED_EDGE ( 'NONE', *, *, #1648, .T. ) ;
#647 = ORIENTED_EDGE ( 'NONE', *, *, #3477, .F. ) ;
#648 = AXIS2_PLACEMENT_3D ( 'NONE', #2427, #1543, #1589 ) ;
#649 = ADVANCED_FACE ( 'NONE', ( #2494 ), #1600, .F. ) ;
#650 = SURFACE_SIDE_STYLE ('',( #2037 ) ) ;
#651 = FILL_AREA_STYLE ('',( #941 ) ) ;
#652 =( NAMED_UNIT ( * ) PLANE_ANGLE_UNIT ( ) SI_UNIT ( $, .RADIAN. ) );
#653 = DIRECTION ( 'NONE',  ( 1.000000000000000000, 0.000000000000000000, -0.000000000000000000 ) ) ;
#654 =( GEOMETRIC_REPRESENTATION_CONTEXT ( 3 ) GLOBAL_UNCERTAINTY_ASSIGNED_CONTEXT ( ( #1167 ) ) GLOBAL_UNIT_ASSIGNED_CONTEXT ( ( #765, #189, #2625 ) ) REPRESENTATION_CONTEXT ( 'NONE', 'WORKASPACE' ) );
#655 = FACE_OUTER_BOUND ( 'NONE', #1259, .T. ) ;
#656 = ORIENTED_EDGE ( 'NONE', *, *, #1692, .T. ) ;
#657 = DIRECTION ( 'NONE',  ( 0.000000000000000000, -1.000000000000000000, 0.000000000000000000 ) ) ;
#658 = LINE ( 'NONE', #1670, #1009 ) ;
#659 = PRESENTATION_LAYER_ASSIGNMENT (  '', '', ( #1171 ) ) ;
#660 = VECTOR ( 'NONE', #631, 1000.000000000000000 ) ;
#661 = CARTESIAN_POINT ( 'NONE',  ( -2.550000000000000266, -1.000000000000000000, 0.3000000000000001554 ) ) ;
#662 = ORIENTED_EDGE ( 'NONE', *, *, #193, .F. ) ;
#663 = DIRECTION ( 'NONE',  ( 1.000000000000000000, -0.000000000000000000, 0.000000000000000000 ) ) ;
#664 = AXIS2_PLACEMENT_3D ( 'NONE', #1801, #2638, #207 ) ;
#665 = DIRECTION ( 'NONE',  ( 1.000000000000000000, 0.000000000000000000, 0.000000000000000000 ) ) ;
#666 = DIRECTION ( 'NONE',  ( 0.000000000000000000, 1.000000000000000000, 0.000000000000000000 ) ) ;
#667 = DIRECTION ( 'NONE',  ( 1.000000000000000000, 0.000000000000000000, 0.000000000000000000 ) ) ;
#668 = ORIENTED_EDGE ( 'NONE', *, *, #1872, .T. ) ;
#669 = AXIS2_PLACEMENT_3D ( 'NONE', #1722, #2216, #2549 ) ;
#670 = VECTOR ( 'NONE', #1760, 1000.000000000000000 ) ;
#671 = FILL_AREA_STYLE_COLOUR ( '', #1323 ) ;
#672 = LINE ( 'NONE', #421, #1112 ) ;
#673 = CARTESIAN_POINT ( 'NONE',  ( 0.9999999999999991118, -0.7843137254901964006, 2.000000000000000000 ) ) ;
#674 = VECTOR ( 'NONE', #851, 1000.000000000000114 ) ;
#675 = DIRECTION ( 'NONE',  ( -1.000000000000000000, 0.000000000000000000, 0.000000000000000000 ) ) ;
#676 = CARTESIAN_POINT ( 'NONE',  ( 1.550000000000000266, 0.000000000000000000, -1.900000000000000133 ) ) ;
#677 = VERTEX_POINT ( 'NONE', #1665 ) ;
#678 = ADVANCED_FACE ( 'NONE', ( #2982 ), #1869, .F. ) ;
#679 = LINE ( 'NONE', #1747, #2770 ) ;
#680 = PRESENTATION_STYLE_ASSIGNMENT (( #168 ) ) ;
#681 = EDGE_LOOP ( 'NONE', ( #870, #411, #491, #3081 ) ) ;
#682 = VERTEX_POINT ( 'NONE', #2200 ) ;
#683 = DIRECTION ( 'NONE',  ( -1.000000000000000000, 0.000000000000000000, -0.000000000000000000 ) ) ;
#684 = LINE ( 'NONE', #121, #3154 ) ;
#685 = SURFACE_SIDE_STYLE ('',( #3119 ) ) ;
#686 = ORIENTED_EDGE ( 'NONE', *, *, #2750, .T. ) ;
#687 = SURFACE_STYLE_FILL_AREA ( #1499 ) ;
#688 = DIRECTION ( 'NONE',  ( -1.000000000000000000, 0.000000000000000000, 0.000000000000000000 ) ) ;
#689 = DIRECTION ( 'NONE',  ( -0.5773502691896265082, -0.5773502691896265082, 0.5773502691896241767 ) ) ;
#690 = ADVANCED_FACE ( 'NONE', ( #1361 ), #2456, .T. ) ;
#691 = VERTEX_POINT ( 'NONE', #832 ) ;
#692 =( NAMED_UNIT ( * ) SI_UNIT ( $, .STERADIAN. ) SOLID_ANGLE_UNIT ( ) );
#693 = EDGE_CURVE ( 'NONE', #2804, #149, #841, .T. ) ;
#694 = VERTEX_POINT ( 'NONE', #2792 ) ;
#695 = VECTOR ( 'NONE', #3020, 1000.000000000000000 ) ;
#696 = DIRECTION ( 'NONE',  ( 1.000000000000000000, 0.000000000000000000, 0.000000000000000000 ) ) ;
#697 = ORIENTED_EDGE ( 'NONE', *, *, #454, .T. ) ;
#698 = VECTOR ( 'NONE', #140, 1000.000000000000000 ) ;
#699 = PRESENTATION_LAYER_ASSIGNMENT (  '', '', ( #2691 ) ) ;
#700 = UNCERTAINTY_MEASURE_WITH_UNIT (LENGTH_MEASURE( 1.000000000000000082E-05 ), #1078, 'distance_accuracy_value', 'NONE');
#701 = PRESENTATION_STYLE_ASSIGNMENT (( #3121 ) ) ;
#702 = MECHANICAL_DESIGN_GEOMETRIC_PRESENTATION_REPRESENTATION (  '', ( #1219 ), #2810 ) ;
#703 = VECTOR ( 'NONE', #2554, 1000.000000000000000 ) ;
#704 = PLANE ( 'NONE',  #3467 ) ;
#705 = CARTESIAN_POINT ( 'NONE',  ( -1.500000000000000888, 1.699999999999999956, -0.6999999999999998446 ) ) ;
#706 = VECTOR ( 'NONE', #641, 1000.000000000000000 ) ;
#707 = VERTEX_POINT ( 'NONE', #1153 ) ;
#708 = CARTESIAN_POINT ( 'NONE',  ( -2.250000000000000444, -1.000000000000000000, -0.3000000000000001554 ) ) ;
#709 = EDGE_CURVE ( 'NONE', #789, #1142, #2259, .T. ) ;
#710 = STYLED_ITEM ( 'NONE', ( #3058 ), #719 ) ;
#711 = PRESENTATION_LAYER_ASSIGNMENT (  '', '', ( #1108 ) ) ;
#712 = VECTOR ( 'NONE', #3, 1000.000000000000000 ) ;
#713 = DIRECTION ( 'NONE',  ( 1.000000000000000000, 0.000000000000000000, 0.000000000000000000 ) ) ;
#714 = ORIENTED_EDGE ( 'NONE', *, *, #2637, .F. ) ;
#715 = CARTESIAN_POINT ( 'NONE',  ( 2.550000000000000266, -2.000000000000000000, 1.900000000000000133 ) ) ;
#716 = ORIENTED_EDGE ( 'NONE', *, *, #2322, .T. ) ;
#717 = VECTOR ( 'NONE', #1649, 1000.000000000000000 ) ;
#718 = ADVANCED_FACE ( 'NONE', ( #883 ), #1963, .F. ) ;
#719 = ADVANCED_FACE ( 'NONE', ( #655 ), #111, .F. ) ;
#720 = PRESENTATION_STYLE_ASSIGNMENT (( #2849 ) ) ;
#721 = AXIS2_PLACEMENT_3D ( 'NONE', #1113, #317, #1132 ) ;
#722 = DIRECTION ( 'NONE',  ( 0.000000000000000000, -0.7071067811865461294, -0.7071067811865490160 ) ) ;
#723 = DIRECTION ( 'NONE',  ( -1.000000000000000000, -0.000000000000000000, -0.000000000000000000 ) ) ;
#724 = ADVANCED_FACE ( 'NONE', ( #2313 ), #2042, .T. ) ;
#725 = VECTOR ( 'NONE', #3387, 1000.000000000000000 ) ;
#726 = PLANE ( 'NONE',  #2918 ) ;
#727 = ORIENTED_EDGE ( 'NONE', *, *, #2410, .F. ) ;
#728 = VECTOR ( 'NONE', #370, 1000.000000000000000 ) ;
#729 = ORIENTED_EDGE ( 'NONE', *, *, #325, .T. ) ;
#730 = CARTESIAN_POINT ( 'NONE',  ( 2.550000000000000266, -1.000000000000000000, 1.900000000000000133 ) ) ;
#731 = MECHANICAL_DESIGN_GEOMETRIC_PRESENTATION_REPRESENTATION (  '', ( #3055 ), #2197 ) ;
#732 =( GEOMETRIC_REPRESENTATION_CONTEXT ( 3 ) GLOBAL_UNCERTAINTY_ASSIGNED_CONTEXT ( ( #1204 ) ) GLOBAL_UNIT_ASSIGNED_CONTEXT ( ( #3373, #2010, #3408 ) ) REPRESENTATION_CONTEXT ( 'NONE', 'WORKASPACE' ) );
#733 = ORIENTED_EDGE ( 'NONE', *, *, #531, .F. ) ;
#734 = LINE ( 'NONE', #708, #2085 ) ;
#735 =( LENGTH_UNIT ( ) NAMED_UNIT ( * ) SI_UNIT ( .MILLI., .METRE. ) );
#736 = VERTEX_POINT ( 'NONE', #391 ) ;
#737 = EDGE_LOOP ( 'NONE', ( #916, #381, #1451, #3307 ) ) ;
#738 = PRODUCT_CONTEXT ( 'NONE', #1742, 'mechanical' ) ;
#739 = DIRECTION ( 'NONE',  ( 0.000000000000000000, 0.000000000000000000, -1.000000000000000000 ) ) ;
#740 = DIRECTION ( 'NONE',  ( 0.000000000000000000, -0.000000000000000000, -1.000000000000000000 ) ) ;
#741 = EDGE_CURVE ( 'NONE', #1036, #876, #1950, .T. ) ;
#742 = CARTESIAN_POINT ( 'NONE',  ( 0.000000000000000000, -0.7843137254901964006, 2.000000000000000000 ) ) ;
#743 = EDGE_CURVE ( 'NONE', #3344, #1694, #128, .T. ) ;
#744 = ORIENTED_EDGE ( 'NONE', *, *, #2995, .T. ) ;
#745 = ORIENTED_EDGE ( 'NONE', *, *, #114, .F. ) ;
#746 = VECTOR ( 'NONE', #3329, 1000.000000000000000 ) ;
#747 = CARTESIAN_POINT ( 'NONE',  ( 2.550000000000000266, -2.000000000000000000, 1.100000000000000089 ) ) ;
#748 = ORIENTED_EDGE ( 'NONE', *, *, #3335, .F. ) ;
#749 = FACE_OUTER_BOUND ( 'NONE', #188, .T. ) ;
#750 = CARTESIAN_POINT ( 'NONE',  ( -2.250000000000000444, 0.000000000000000000, -1.900000000000000133 ) ) ;
#751 = ORIENTED_EDGE ( 'NONE', *, *, #3284, .T. ) ;
#752 = DIRECTION ( 'NONE',  ( 0.000000000000000000, -0.000000000000000000, -1.000000000000000000 ) ) ;
#753 = CARTESIAN_POINT ( 'NONE',  ( -2.250000000000000444, -1.000000000000000000, 1.900000000000000133 ) ) ;
#754 = VECTOR ( 'NONE', #1029, 1000.000000000000000 ) ;
#755 = EDGE_CURVE ( 'NONE', #827, #893, #1814, .T. ) ;
#756 = VERTEX_POINT ( 'NONE', #977 ) ;
#757 = VERTEX_POINT ( 'NONE', #1799 ) ;
#758 =( LENGTH_UNIT ( ) NAMED_UNIT ( * ) SI_UNIT ( .MILLI., .METRE. ) );
#759 = ORIENTED_EDGE ( 'NONE', *, *, #195, .T. ) ;
#760 = STYLED_ITEM ( 'NONE', ( #2177 ), #3200 ) ;
#761 = AXIS2_PLACEMENT_3D ( 'NONE', #2225, #1929, #2782 ) ;
#762 = CARTESIAN_POINT ( 'NONE',  ( -1.550000000000000266, -2.000000000000000000, 1.900000000000000133 ) ) ;
#763 = CARTESIAN_POINT ( 'NONE',  ( 1.550000000000000266, -2.000000000000000000, 0.3000000000000001554 ) ) ;
#764 = VECTOR ( 'NONE', #1754, 1000.000000000000000 ) ;
#765 =( LENGTH_UNIT ( ) NAMED_UNIT ( * ) SI_UNIT ( .MILLI., .METRE. ) );
#766 = STYLED_ITEM ( 'NONE', ( #2104 ), #825 ) ;
#767 = DIRECTION ( 'NONE',  ( 0.000000000000000000, 1.000000000000000000, 0.000000000000000000 ) ) ;
#768 = VECTOR ( 'NONE', #1857, 1000.000000000000114 ) ;
#769 = CARTESIAN_POINT ( 'NONE',  ( 0.000000000000000000, -1.000000000000000000, -0.3000000000000000444 ) ) ;
#770 = VECTOR ( 'NONE', #1907, 1000.000000000000000 ) ;
#771 = PLANE ( 'NONE',  #217 ) ;
#772 = ORIENTED_EDGE ( 'NONE', *, *, #235, .T. ) ;
#773 = EDGE_CURVE ( 'NONE', #1861, #1421, #1546, .T. ) ;
#774 = ORIENTED_EDGE ( 'NONE', *, *, #3302, .T. ) ;
#775 = LINE ( 'NONE', #2998, #1114 ) ;
#776 = EDGE_CURVE ( 'NONE', #802, #372, #2654, .T. ) ;
#777 = CARTESIAN_POINT ( 'NONE',  ( -2.550000000000000266, -2.000000000000000000, 1.100000000000000089 ) ) ;
#778 = CARTESIAN_POINT ( 'NONE',  ( 2.549999999999998934, 2.000000000000000000, 2.000000000000000000 ) ) ;
#779 = SURFACE_STYLE_FILL_AREA ( #265 ) ;
#780 =( NAMED_UNIT ( * ) SI_UNIT ( $, .STERADIAN. ) SOLID_ANGLE_UNIT ( ) );
#781 = CARTESIAN_POINT ( 'NONE',  ( 2.550000000000000266, -1.000000000000000000, 0.3000000000000001554 ) ) ;
#782 = DIRECTION ( 'NONE',  ( 2.168404344971008868E-16, -1.000000000000000000, 0.000000000000000000 ) ) ;
#783 = DIRECTION ( 'NONE',  ( 1.000000000000000000, 0.000000000000000000, 0.000000000000000000 ) ) ;
#784 =( NAMED_UNIT ( * ) PLANE_ANGLE_UNIT ( ) SI_UNIT ( $, .RADIAN. ) );
#785 = VERTEX_POINT ( 'NONE', #705 ) ;
#786 = ORIENTED_EDGE ( 'NONE', *, *, #2275, .F. ) ;
#787 = PRESENTATION_LAYER_ASSIGNMENT (  '', '', ( #623 ) ) ;
#788 = DIRECTION ( 'NONE',  ( 0.000000000000000000, -1.000000000000000000, 0.000000000000000000 ) ) ;
#789 = VERTEX_POINT ( 'NONE', #1012 ) ;
#790 = ADVANCED_FACE ( 'NONE', ( #3458 ), #3416, .F. ) ;
#791 = LINE ( 'NONE', #2723, #2861 ) ;
#792 = CARTESIAN_POINT ( 'NONE',  ( -2.250000000000000444, -1.000000000000000000, 1.900000000000000133 ) ) ;
#793 = SURFACE_STYLE_USAGE ( .BOTH. , #2737 ) ;
#794 =( NAMED_UNIT ( * ) PLANE_ANGLE_UNIT ( ) SI_UNIT ( $, .RADIAN. ) );
#795 = EDGE_CURVE ( 'NONE', #169, #707, #993, .T. ) ;
#796 = DIRECTION ( 'NONE',  ( 0.000000000000000000, 0.000000000000000000, 1.000000000000000000 ) ) ;
#797 = CARTESIAN_POINT ( 'NONE',  ( -2.250000000000000444, -1.000000000000000000, 1.900000000000000133 ) ) ;
#798 = CARTESIAN_POINT ( 'NONE',  ( -1.000000000000000888, 1.699999999999999956, -0.6999999999999998446 ) ) ;
#799 = DIRECTION ( 'NONE',  ( 0.000000000000000000, 0.000000000000000000, 1.000000000000000000 ) ) ;
#800 = FILL_AREA_STYLE ('',( #2649 ) ) ;
#801 = VERTEX_POINT ( 'NONE', #2943 ) ;
#802 = VERTEX_POINT ( 'NONE', #2927 ) ;
#803 = STYLED_ITEM ( 'NONE', ( #2665 ), #389 ) ;
#804 = PLANE ( 'NONE',  #948 ) ;
#805 = ORIENTED_EDGE ( 'NONE', *, *, #531, .T. ) ;
#806 = CARTESIAN_POINT ( 'NONE',  ( 2.250000000000000444, -1.000000000000000000, 1.900000000000000133 ) ) ;
#807 = DIRECTION ( 'NONE',  ( 0.000000000000000000, 0.000000000000000000, -1.000000000000000000 ) ) ;
#808 = MECHANICAL_DESIGN_GEOMETRIC_PRESENTATION_REPRESENTATION (  '', ( #3031 ), #327 ) ;
#809 = CARTESIAN_POINT ( 'NONE',  ( -1.500000000000000888, 1.699999999999999956, 0.7000000000000000666 ) ) ;
#810 = ORIENTED_EDGE ( 'NONE', *, *, #1516, .T. ) ;
#811 = DIRECTION ( 'NONE',  ( -0.000000000000000000, 1.000000000000000000, -8.131516293641283255E-17 ) ) ;
#812 = LINE ( 'NONE', #2441, #2634 ) ;
#813 = COLOUR_RGB ( '',0.8627450980392157298, 0.5882352941176470784, 0.06274509803921568540 ) ;
#814 = FILL_AREA_STYLE ('',( #2780 ) ) ;
#815 = SURFACE_SIDE_STYLE ('',( #39 ) ) ;
#816 = VERTEX_POINT ( 'NONE', #2374 ) ;
#817 = EDGE_CURVE ( 'NONE', #2366, #757, #1039, .T. ) ;
#818 = VECTOR ( 'NONE', #909, 1000.000000000000000 ) ;
#819 = DIRECTION ( 'NONE',  ( -0.000000000000000000, 0.000000000000000000, 1.000000000000000000 ) ) ;
#820 =( GEOMETRIC_REPRESENTATION_CONTEXT ( 3 ) GLOBAL_UNCERTAINTY_ASSIGNED_CONTEXT ( ( #2526 ) ) GLOBAL_UNIT_ASSIGNED_CONTEXT ( ( #987, #1804, #494 ) ) REPRESENTATION_CONTEXT ( 'NONE', 'WORKASPACE' ) );
#821 = CARTESIAN_POINT ( 'NONE',  ( -2.550000000000000266, 2.000000000000000000, 2.000000000000000000 ) ) ;
#822 = COLOUR_RGB ( '',0.8627450980392157298, 0.5882352941176470784, 0.06274509803921568540 ) ;
#823 = CARTESIAN_POINT ( 'NONE',  ( -2.550000000000000266, 0.000000000000000000, 2.000000000000000000 ) ) ;
#824 = ORIENTED_EDGE ( 'NONE', *, *, #856, .T. ) ;
#825 = ADVANCED_FACE ( 'NONE', ( #507 ), #3442, .F. ) ;
#826 = CIRCLE ( 'NONE', #220, 0.2500000000000000000 ) ;
#827 = VERTEX_POINT ( 'NONE', #572 ) ;
#828 = STYLED_ITEM ( 'NONE', ( #1190 ), #979 ) ;
#829 = DIRECTION ( 'NONE',  ( 0.000000000000000000, 1.000000000000000000, 0.000000000000000000 ) ) ;
#830 = ORIENTED_EDGE ( 'NONE', *, *, #2383, .T. ) ;
#831 = SURFACE_STYLE_FILL_AREA ( #3254 ) ;
#832 = CARTESIAN_POINT ( 'NONE',  ( -1.000000000000000888, 1.699999999999999956, 0.7000000000000000666 ) ) ;
#833 = EDGE_LOOP ( 'NONE', ( #2623, #1948, #3469, #2731 ) ) ;
#834 = DIRECTION ( 'NONE',  ( 0.000000000000000000, 1.000000000000000000, 0.000000000000000000 ) ) ;
#835 =( NAMED_UNIT ( * ) SI_UNIT ( $, .STERADIAN. ) SOLID_ANGLE_UNIT ( ) );
#836 = FILL_AREA_STYLE ('',( #3228 ) ) ;
#837 = DIRECTION ( 'NONE',  ( -1.000000000000000000, 0.000000000000000000, -0.000000000000000000 ) ) ;
#838 = CARTESIAN_POINT ( 'NONE',  ( -0.000000000000000000, -2.000000000000000000, -0.3000000000000000444 ) ) ;
#839 = EDGE_CURVE ( 'NONE', #2576, #2922, #2172, .T. ) ;
#840 = LINE ( 'NONE', #1094, #2653 ) ;
#841 = LINE ( 'NONE', #1924, #717 ) ;
#842 = ORIENTED_EDGE ( 'NONE', *, *, #151, .T. ) ;
#843 = CARTESIAN_POINT ( 'NONE',  ( -2.550000000000000266, 0.000000000000000000, -1.900000000000000133 ) ) ;
#844 = FACE_OUTER_BOUND ( 'NONE', #2507, .T. ) ;
#845 = VECTOR ( 'NONE', #2985, 1000.000000000000000 ) ;
#846 = LINE ( 'NONE', #308, #173 ) ;
#847 = LINE ( 'NONE', #2205, #2527 ) ;
#848 = VERTEX_POINT ( 'NONE', #1376 ) ;
#849 = SURFACE_STYLE_USAGE ( .BOTH. , #312 ) ;
#850 = LINE ( 'NONE', #2802, #2761 ) ;
#851 = DIRECTION ( 'NONE',  ( 0.7071067811865489050, -0.000000000000000000, -0.7071067811865460184 ) ) ;
#852 = VERTEX_POINT ( 'NONE', #1060 ) ;
#853 = ORIENTED_EDGE ( 'NONE', *, *, #449, .T. ) ;
#854 = EDGE_CURVE ( 'NONE', #611, #1694, #855, .T. ) ;
#855 = LINE ( 'NONE', #49, #2310 ) ;
#856 = EDGE_CURVE ( 'NONE', #1037, #1445, #2492, .T. ) ;
#857 = STYLED_ITEM ( 'NONE', ( #616 ), #2500 ) ;
#858 = ADVANCED_FACE ( 'NONE', ( #1645 ), #2955, .T. ) ;
#859 = CARTESIAN_POINT ( 'NONE',  ( -2.550000000000000266, -2.000000000000000000, -2.000000000000000000 ) ) ;
#860 = MECHANICAL_DESIGN_GEOMETRIC_PRESENTATION_REPRESENTATION (  '', ( #1821 ), #3084 ) ;
#861 = DIRECTION ( 'NONE',  ( 1.000000000000000000, -0.000000000000000000, -0.000000000000000000 ) ) ;
#862 = DIRECTION ( 'NONE',  ( 0.000000000000000000, 1.000000000000000000, 0.000000000000000000 ) ) ;
#863 = ORIENTED_EDGE ( 'NONE', *, *, #3466, .F. ) ;
#864 = VECTOR ( 'NONE', #145, 1000.000000000000000 ) ;
#865 = CARTESIAN_POINT ( 'NONE',  ( 2.250000000000000444, -1.000000000000000000, -1.900000000000000133 ) ) ;
#866 = UNCERTAINTY_MEASURE_WITH_UNIT (LENGTH_MEASURE( 1.000000000000000082E-05 ), #1749, 'distance_accuracy_value', 'NONE');
#867 = CARTESIAN_POINT ( 'NONE',  ( 1.550000000000000266, -1.700000000000000178, -0.3000000000000001554 ) ) ;
#868 = CARTESIAN_POINT ( 'NONE',  ( -0.000000000000000000, -1.000000000000000000, -1.900000000000000133 ) ) ;
#869 = PRESENTATION_STYLE_ASSIGNMENT (( #2479 ) ) ;
#870 = ORIENTED_EDGE ( 'NONE', *, *, #2019, .T. ) ;
#871 = CARTESIAN_POINT ( 'NONE',  ( 2.250000000000000444, -1.700000000000000178, 0.3000000000000000444 ) ) ;
#872 = LINE ( 'NONE', #612, #1321 ) ;
#873 = VECTOR ( 'NONE', #2886, 1000.000000000000000 ) ;
#874 = DIRECTION ( 'NONE',  ( 0.000000000000000000, 0.000000000000000000, 1.000000000000000000 ) ) ;
#875 =( NAMED_UNIT ( * ) PLANE_ANGLE_UNIT ( ) SI_UNIT ( $, .RADIAN. ) );
#876 = VERTEX_POINT ( 'NONE', #26 ) ;
#877 = AXIS2_PLACEMENT_3D ( 'NONE', #3082, #1473, #2588 ) ;
#878 = STYLED_ITEM ( 'NONE', ( #2879 ), #790 ) ;
#879 = AXIS2_PLACEMENT_3D ( 'NONE', #231, #523, #3207 ) ;
#880 = DIRECTION ( 'NONE',  ( 0.000000000000000000, 0.000000000000000000, 1.000000000000000000 ) ) ;
#881 = PLANE ( 'NONE',  #669 ) ;
#882 = EDGE_CURVE ( 'NONE', #1548, #149, #1075, .T. ) ;
#883 = FACE_OUTER_BOUND ( 'NONE', #1634, .T. ) ;
#884 = EDGE_LOOP ( 'NONE', ( #1254, #2803, #1919, #2727 ) ) ;
#885 = DIRECTION ( 'NONE',  ( 0.000000000000000000, 0.000000000000000000, 1.000000000000000000 ) ) ;
#886 = DIRECTION ( 'NONE',  ( 0.000000000000000000, 0.000000000000000000, -1.000000000000000000 ) ) ;
#887 = PRESENTATION_LAYER_ASSIGNMENT (  '', '', ( #2425 ) ) ;
#888 = FILL_AREA_STYLE_COLOUR ( '', #2293 ) ;
#889 = EDGE_CURVE ( 'NONE', #2430, #2201, #536, .T. ) ;
#890 = DIRECTION ( 'NONE',  ( 0.000000000000000000, 0.000000000000000000, 1.000000000000000000 ) ) ;
#891 = ORIENTED_EDGE ( 'NONE', *, *, #2860, .T. ) ;
#892 = DIRECTION ( 'NONE',  ( 0.000000000000000000, -1.000000000000000000, 0.000000000000000000 ) ) ;
#893 = VERTEX_POINT ( 'NONE', #1593 ) ;
#894 = VECTOR ( 'NONE', #688, 1000.000000000000000 ) ;
#895 = AXIS2_PLACEMENT_3D ( 'NONE', #2156, #574, #241 ) ;
#896 = DIRECTION ( 'NONE',  ( -0.000000000000000000, -0.000000000000000000, -1.000000000000000000 ) ) ;
#897 = DIRECTION ( 'NONE',  ( -0.000000000000000000, 0.000000000000000000, 1.000000000000000000 ) ) ;
#898 = ORIENTED_EDGE ( 'NONE', *, *, #1081, .T. ) ;
#899 = DIRECTION ( 'NONE',  ( 0.000000000000000000, -0.000000000000000000, -1.000000000000000000 ) ) ;
#900 = PRESENTATION_STYLE_ASSIGNMENT (( #139 ) ) ;
#901 = LINE ( 'NONE', #350, #1791 ) ;
#902 = UNCERTAINTY_MEASURE_WITH_UNIT (LENGTH_MEASURE( 1.000000000000000082E-05 ), #1369, 'distance_accuracy_value', 'NONE');
#903 = DIRECTION ( 'NONE',  ( 0.000000000000000000, 0.000000000000000000, -1.000000000000000000 ) ) ;
#904 = LINE ( 'NONE', #868, #2113 ) ;
#905 = EDGE_CURVE ( 'NONE', #3173, #1178, #3232, .T. ) ;
#906 = CARTESIAN_POINT ( 'NONE',  ( -1.200000000000002176, 0.000000000000000000, 2.000000000000000000 ) ) ;
#907 = DIRECTION ( 'NONE',  ( -1.000000000000000000, 0.000000000000000000, 0.000000000000000000 ) ) ;
#908 = ORIENTED_EDGE ( 'NONE', *, *, #3147, .T. ) ;
#909 = DIRECTION ( 'NONE',  ( 0.000000000000000000, -1.000000000000000000, 0.000000000000000000 ) ) ;
#910 = ORIENTED_EDGE ( 'NONE', *, *, #235, .F. ) ;
#911 = EDGE_CURVE ( 'NONE', #816, #1296, #840, .T. ) ;
#912 =( NAMED_UNIT ( * ) PLANE_ANGLE_UNIT ( ) SI_UNIT ( $, .RADIAN. ) );
#913 = AXIS2_PLACEMENT_3D ( 'NONE', #2709, #560, #2146 ) ;
#914 = CARTESIAN_POINT ( 'NONE',  ( -2.250000000000000444, -1.700000000000000178, 0.3000000000000001554 ) ) ;
#915 =( LENGTH_UNIT ( ) NAMED_UNIT ( * ) SI_UNIT ( .MILLI., .METRE. ) );
#916 = ORIENTED_EDGE ( 'NONE', *, *, #2325, .T. ) ;
#917 = UNCERTAINTY_MEASURE_WITH_UNIT (LENGTH_MEASURE( 1.000000000000000082E-05 ), #588, 'distance_accuracy_value', 'NONE');
#918 = ORIENTED_EDGE ( 'NONE', *, *, #195, .F. ) ;
#919 = CIRCLE ( 'NONE', #1989, 1.000000000000000000 ) ;
#920 = PLANE ( 'NONE',  #2533 ) ;
#921 = DIRECTION ( 'NONE',  ( -0.000000000000000000, -0.000000000000000000, -1.000000000000000000 ) ) ;
#922 = ORIENTED_EDGE ( 'NONE', *, *, #1038, .F. ) ;
#923 = DIRECTION ( 'NONE',  ( 0.000000000000000000, -0.000000000000000000, 1.000000000000000000 ) ) ;
#924 = VECTOR ( 'NONE', #290, 1000.000000000000000 ) ;
#925 =( GEOMETRIC_REPRESENTATION_CONTEXT ( 3 ) GLOBAL_UNCERTAINTY_ASSIGNED_CONTEXT ( ( #2794 ) ) GLOBAL_UNIT_ASSIGNED_CONTEXT ( ( #2815, #2082, #2377 ) ) REPRESENTATION_CONTEXT ( 'NONE', 'WORKASPACE' ) );
#926 = CARTESIAN_POINT ( 'NONE',  ( 2.550000000000000266, -2.000000000000000000, 0.3000000000000001554 ) ) ;
#927 = COLOUR_RGB ( '',0.2862745098039215508, 0.2862745098039215508, 0.2862745098039215508 ) ;
#928 = VECTOR ( 'NONE', #97, 1000.000000000000000 ) ;
#929 = FILL_AREA_STYLE ('',( #1432 ) ) ;
#930 = ORIENTED_EDGE ( 'NONE', *, *, #571, .F. ) ;
#931 = CARTESIAN_POINT ( 'NONE',  ( 0.9999999999999991118, 1.500000000000000000, -0.1500000000000000222 ) ) ;
#932 = ORIENTED_EDGE ( 'NONE', *, *, #3219, .T. ) ;
#933 = CARTESIAN_POINT ( 'NONE',  ( 2.550000000000000266, -2.000000000000000000, 0.8500000000000001998 ) ) ;
#934 = ADVANCED_FACE ( 'NONE', ( #2701 ), #804, .T. ) ;
#935 =( NAMED_UNIT ( * ) PLANE_ANGLE_UNIT ( ) SI_UNIT ( $, .RADIAN. ) );
#936 = ORIENTED_EDGE ( 'NONE', *, *, #2461, .T. ) ;
#937 = AXIS2_PLACEMENT_3D ( 'NONE', #1170, #2790, #386 ) ;
#938 = AXIS2_PLACEMENT_3D ( 'NONE', #3070, #399, #1458 ) ;
#939 = LINE ( 'NONE', #1461, #2003 ) ;
#940 = EDGE_CURVE ( 'NONE', #1073, #89, #3250, .T. ) ;
#941 = FILL_AREA_STYLE_COLOUR ( '', #2711 ) ;
#942 = DIRECTION ( 'NONE',  ( -0.000000000000000000, 1.000000000000000000, -0.000000000000000000 ) ) ;
#943 = COLOUR_RGB ( '',0.8627450980392157298, 0.5882352941176470784, 0.06274509803921568540 ) ;
#944 = CIRCLE ( 'NONE', #1333, 1.000000000000000000 ) ;
#945 = ORIENTED_EDGE ( 'NONE', *, *, #1357, .F. ) ;
#946 = VECTOR ( 'NONE', #2034, 1000.000000000000000 ) ;
#947 = LINE ( 'NONE', #1448, #607 ) ;
#948 = AXIS2_PLACEMENT_3D ( 'NONE', #1921, #1633, #1882 ) ;
#949 = DIRECTION ( 'NONE',  ( 0.000000000000000000, 0.000000000000000000, -1.000000000000000000 ) ) ;
#950 = ORIENTED_EDGE ( 'NONE', *, *, #2505, .F. ) ;
#951 = LINE ( 'NONE', #118, #818 ) ;
#952 = ORIENTED_EDGE ( 'NONE', *, *, #3170, .F. ) ;
#953 = LINE ( 'NONE', #1492, #2407 ) ;
#954 = DIRECTION ( 'NONE',  ( 0.000000000000000000, -1.000000000000000000, -1.548860246407863583E-16 ) ) ;
#955 = FILL_AREA_STYLE_COLOUR ( '', #2919 ) ;
#956 = EDGE_LOOP ( 'NONE', ( #2660, #1803, #2502, #3128, #1802, #1537 ) ) ;
#957 = VECTOR ( 'NONE', #1618, 1000.000000000000000 ) ;
#958 = CIRCLE ( 'NONE', #3384, 1.000000000000000000 ) ;
#959 = EDGE_CURVE ( 'NONE', #395, #1752, #1007, .T. ) ;
#960 = FILL_AREA_STYLE ('',( #671 ) ) ;
#961 = LINE ( 'NONE', #1826, #894 ) ;
#962 = EDGE_CURVE ( 'NONE', #1496, #682, #554, .T. ) ;
#963 = DIRECTION ( 'NONE',  ( -0.000000000000000000, -0.000000000000000000, -1.000000000000000000 ) ) ;
#964 = DIRECTION ( 'NONE',  ( -1.000000000000000000, 0.000000000000000000, 0.000000000000000000 ) ) ;
#965 = ORIENTED_EDGE ( 'NONE', *, *, #2264, .T. ) ;
#966 = LINE ( 'NONE', #1485, #1960 ) ;
#967 = DIRECTION ( 'NONE',  ( 0.000000000000000000, -1.000000000000000000, 0.000000000000000000 ) ) ;
#968 = EDGE_LOOP ( 'NONE', ( #2102, #830, #2697 ) ) ;
#969 = VERTEX_POINT ( 'NONE', #2719 ) ;
#970 = DIRECTION ( 'NONE',  ( -0.000000000000000000, -0.000000000000000000, -1.000000000000000000 ) ) ;
#971 = DIRECTION ( 'NONE',  ( 0.000000000000000000, 0.000000000000000000, -1.000000000000000000 ) ) ;
#972 = VERTEX_POINT ( 'NONE', #2747 ) ;
#973 = FACE_OUTER_BOUND ( 'NONE', #1906, .T. ) ;
#974 = PRESENTATION_STYLE_ASSIGNMENT (( #2324 ) ) ;
#975 = ADVANCED_FACE ( 'NONE', ( #301 ), #2450, .F. ) ;
#976 = FILL_AREA_STYLE_COLOUR ( '', #3153 ) ;
#977 = CARTESIAN_POINT ( 'NONE',  ( 1.499999999999999112, 1.500000000000000000, 0.1499999999999999667 ) ) ;
#978 = EDGE_CURVE ( 'NONE', #447, #3389, #1004, .T. ) ;
#979 = ADVANCED_FACE ( 'NONE', ( #3013 ), #335, .F. ) ;
#980 = ORIENTED_EDGE ( 'NONE', *, *, #2762, .T. ) ;
#981 = CARTESIAN_POINT ( 'NONE',  ( -2.550000000000000266, 0.000000000000000000, 2.000000000000000000 ) ) ;
#982 = SURFACE_SIDE_STYLE ('',( #1251 ) ) ;
#983 = ORIENTED_EDGE ( 'NONE', *, *, #2805, .F. ) ;
#984 = ADVANCED_FACE ( 'NONE', ( #105 ), #3323, .F. ) ;
#985 = CARTESIAN_POINT ( 'NONE',  ( -1.200000000000002176, 2.000000000000000000, 2.000000000000000000 ) ) ;
#986 = AXIS2_PLACEMENT_3D ( 'NONE', #750, #3446, #512 ) ;
#987 =( LENGTH_UNIT ( ) NAMED_UNIT ( * ) SI_UNIT ( .MILLI., .METRE. ) );
#988 = CARTESIAN_POINT ( 'NONE',  ( -2.550000000000000266, -2.000000000000000000, -1.900000000000000133 ) ) ;
#989 = ORIENTED_EDGE ( 'NONE', *, *, #3127, .F. ) ;
#990 = LINE ( 'NONE', #3360, #3244 ) ;
#991 = AXIS2_PLACEMENT_3D ( 'NONE', #2592, #642, #1185 ) ;
#992 = SURFACE_STYLE_FILL_AREA ( #162 ) ;
#993 = LINE ( 'NONE', #1831, #1550 ) ;
#994 = CIRCLE ( 'NONE', #1720, 0.2499999999999998890 ) ;
#995 = STYLED_ITEM ( 'NONE', ( #1987 ), #2733 ) ;
#996 = ORIENTED_EDGE ( 'NONE', *, *, #1872, .F. ) ;
#997 = DIRECTION ( 'NONE',  ( 0.000000000000000000, 0.000000000000000000, 1.000000000000000000 ) ) ;
#998 = COLOUR_RGB ( '',0.8627450980392157298, 0.5882352941176470784, 0.06274509803921568540 ) ;
#999 = CARTESIAN_POINT ( 'NONE',  ( -1.550000000000000266, 0.000000000000000000, -0.3000000000000000444 ) ) ;
#1000 = ORIENTED_EDGE ( 'NONE', *, *, #1676, .T. ) ;
#1001 = DIRECTION ( 'NONE',  ( 0.000000000000000000, 0.000000000000000000, -1.000000000000000000 ) ) ;
#1002 = ORIENTED_EDGE ( 'NONE', *, *, #1833, .T. ) ;
#1003 = STYLED_ITEM ( 'NONE', ( #2474 ), #678 ) ;
#1004 = CIRCLE ( 'NONE', #3202, 0.2500000000000000000 ) ;
#1005 = EDGE_CURVE ( 'NONE', #1930, #2007, #2309, .T. ) ;
#1006 = SURFACE_STYLE_FILL_AREA ( #2381 ) ;
#1007 = CIRCLE ( 'NONE', #2131, 0.2500000000000000000 ) ;
#1008 = LINE ( 'NONE', #1068, #1088 ) ;
#1009 = VECTOR ( 'NONE', #2538, 1000.000000000000000 ) ;
#1010 = DIRECTION ( 'NONE',  ( 0.000000000000000000, 0.000000000000000000, 1.000000000000000000 ) ) ;
#1011 = ORIENTED_EDGE ( 'NONE', *, *, #1920, .F. ) ;
#1012 = CARTESIAN_POINT ( 'NONE',  ( 1.550000000000000266, -2.000000000000000000, -0.3000000000000001554 ) ) ;
#1013 = ORIENTED_EDGE ( 'NONE', *, *, #303, .T. ) ;
#1014 = PLANE ( 'NONE',  #664 ) ;
#1015 = CARTESIAN_POINT ( 'NONE',  ( -2.250000000000000444, -1.000000000000000000, 0.3000000000000001554 ) ) ;
#1016 = ORIENTED_EDGE ( 'NONE', *, *, #962, .F. ) ;
#1017 = ADVANCED_FACE ( 'NONE', ( #349 ), #1739, .T. ) ;
#1018 = SURFACE_STYLE_FILL_AREA ( #2368 ) ;
#1019 = DIRECTION ( 'NONE',  ( 0.5773502691896249539, 0.5773502691896249539, 0.5773502691896273964 ) ) ;
#1020 = UNCERTAINTY_MEASURE_WITH_UNIT (LENGTH_MEASURE( 1.000000000000000082E-05 ), #3048, 'distance_accuracy_value', 'NONE');
#1021 = EDGE_CURVE ( 'NONE', #1949, #2155, #672, .T. ) ;
#1022 = LINE ( 'NONE', #769, #2881 ) ;
#1023 = ORIENTED_EDGE ( 'NONE', *, *, #1447, .T. ) ;
#1024 = ORIENTED_EDGE ( 'NONE', *, *, #2676, .T. ) ;
#1025 = FILL_AREA_STYLE ('',( #3138 ) ) ;
#1026 = ORIENTED_EDGE ( 'NONE', *, *, #431, .T. ) ;
#1027 = FILL_AREA_STYLE ('',( #1264 ) ) ;
#1028 = DIRECTION ( 'NONE',  ( -1.000000000000000000, 0.000000000000000000, 0.000000000000000000 ) ) ;
#1029 = DIRECTION ( 'NONE',  ( 0.000000000000000000, 1.000000000000000000, 0.000000000000000000 ) ) ;
#1030 = DIRECTION ( 'NONE',  ( 0.000000000000000000, 1.000000000000000000, 0.000000000000000000 ) ) ;
#1031 = SURFACE_STYLE_USAGE ( .BOTH. , #3192 ) ;
#1032 = FACE_OUTER_BOUND ( 'NONE', #2065, .T. ) ;
#1033 = CARTESIAN_POINT ( 'NONE',  ( -2.550000000000000266, -2.000000000000000000, 1.900000000000000133 ) ) ;
#1034 = ADVANCED_FACE ( 'NONE', ( #2791 ), #3056, .F. ) ;
#1035 = DIRECTION ( 'NONE',  ( 1.000000000000000000, -0.000000000000000000, -0.000000000000000000 ) ) ;
#1036 = VERTEX_POINT ( 'NONE', #1424 ) ;
#1037 = VERTEX_POINT ( 'NONE', #387 ) ;
#1038 = EDGE_CURVE ( 'NONE', #2144, #2793, #2530, .T. ) ;
#1039 = LINE ( 'NONE', #1248, #495 ) ;
#1040 = EDGE_LOOP ( 'NONE', ( #570, #1809, #2375, #3231 ) ) ;
#1041 = PLANE ( 'NONE',  #895 ) ;
#1042 = COLOUR_RGB ( '',0.8627450980392157298, 0.5882352941176470784, 0.06274509803921568540 ) ;
#1043 = AXIS2_PLACEMENT_3D ( 'NONE', #2292, #115, #2796 ) ;
#1044 = SURFACE_STYLE_FILL_AREA ( #2437 ) ;
#1045 = VECTOR ( 'NONE', #3229, 1000.000000000000000 ) ;
#1046 = VECTOR ( 'NONE', #2965, 1000.000000000000000 ) ;
#1047 = DIRECTION ( 'NONE',  ( 0.000000000000000000, 0.000000000000000000, -1.000000000000000000 ) ) ;
#1048 = CARTESIAN_POINT ( 'NONE',  ( 0.000000000000000000, -2.000000000000000000, 1.900000000000000133 ) ) ;
#1049 = PLANE ( 'NONE',  #1996 ) ;
#1050 = VECTOR ( 'NONE', #1261, 1000.000000000000000 ) ;
#1051 = VECTOR ( 'NONE', #2056, 1000.000000000000000 ) ;
#1052 = SURFACE_STYLE_USAGE ( .BOTH. , #2443 ) ;
#1053 = LINE ( 'NONE', #2370, #3440 ) ;
#1054 = CARTESIAN_POINT ( 'NONE',  ( 2.550000000000000266, -2.000000000000000000, -1.100000000000000089 ) ) ;
#1055 = VECTOR ( 'NONE', #6, 1000.000000000000000 ) ;
#1056 = LINE ( 'NONE', #3197, #593 ) ;
#1057 = ORIENTED_EDGE ( 'NONE', *, *, #3127, .T. ) ;
#1058 = EDGE_CURVE ( 'NONE', #2545, #3064, #2807, .T. ) ;
#1059 = VECTOR ( 'NONE', #93, 1000.000000000000000 ) ;
#1060 = CARTESIAN_POINT ( 'NONE',  ( -2.550000000000000266, -2.000000000000000000, -0.8500000000000001998 ) ) ;
#1061 = ORIENTED_EDGE ( 'NONE', *, *, #2241, .T. ) ;
#1062 = ADVANCED_FACE ( 'NONE', ( #1244 ), #3396, .F. ) ;
#1063 = PLANE ( 'NONE',  #2658 ) ;
#1064 = CARTESIAN_POINT ( 'NONE',  ( 1.499999999999999112, 0.5000000000000001110, 0.1500000000000000500 ) ) ;
#1065 = FACE_OUTER_BOUND ( 'NONE', #3471, .T. ) ;
#1066 = ORIENTED_EDGE ( 'NONE', *, *, #1087, .T. ) ;
#1067 = CARTESIAN_POINT ( 'NONE',  ( -1.550000000000000266, -2.000000000000000000, 0.3000000000000000444 ) ) ;
#1068 = CARTESIAN_POINT ( 'NONE',  ( -1.000000000000000888, 2.000000000000000000, -1.799999999999999600 ) ) ;
#1069 = DIRECTION ( 'NONE',  ( 0.000000000000000000, 1.000000000000000000, 0.000000000000000000 ) ) ;
#1070 = PRESENTATION_STYLE_ASSIGNMENT (( #2968 ) ) ;
#1071 =( NAMED_UNIT ( * ) SI_UNIT ( $, .STERADIAN. ) SOLID_ANGLE_UNIT ( ) );
#1072 = PLANE ( 'NONE',  #1383 ) ;
#1073 = VERTEX_POINT ( 'NONE', #261 ) ;
#1074 = ORIENTED_EDGE ( 'NONE', *, *, #1787, .T. ) ;
#1075 = LINE ( 'NONE', #2138, #3158 ) ;
#1076 = VECTOR ( 'NONE', #3462, 1000.000000000000000 ) ;
#1077 = ORIENTED_EDGE ( 'NONE', *, *, #346, .T. ) ;
#1078 =( LENGTH_UNIT ( ) NAMED_UNIT ( * ) SI_UNIT ( .MILLI., .METRE. ) );
#1079 = ADVANCED_FACE ( 'NONE', ( #2546 ), #3220, .T. ) ;
#1080 = FILL_AREA_STYLE_COLOUR ( '', #382 ) ;
#1081 = EDGE_CURVE ( 'NONE', #1930, #2641, #2981, .T. ) ;
#1082 = CARTESIAN_POINT ( 'NONE',  ( 2.550000000000000266, -2.000000000000000000, 1.100000000000000089 ) ) ;
#1083 = FILL_AREA_STYLE ('',( #2365 ) ) ;
#1084 = CARTESIAN_POINT ( 'NONE',  ( 0.000000000000000000, -0.7843137254901964006, 2.000000000000000000 ) ) ;
#1085 = DIRECTION ( 'NONE',  ( -0.000000000000000000, -0.000000000000000000, -1.000000000000000000 ) ) ;
#1086 = FACE_OUTER_BOUND ( 'NONE', #3000, .T. ) ;
#1087 = EDGE_CURVE ( 'NONE', #785, #1324, #791, .T. ) ;
#1088 = VECTOR ( 'NONE', #767, 1000.000000000000000 ) ;
#1089 = PLANE ( 'NONE',  #3411 ) ;
#1090 = CARTESIAN_POINT ( 'NONE',  ( -2.250000000000000444, -1.700000000000000178, 0.3000000000000001554 ) ) ;
#1091 = ORIENTED_EDGE ( 'NONE', *, *, #1591, .T. ) ;
#1092 = VECTOR ( 'NONE', #1382, 1000.000000000000000 ) ;
#1093 = ORIENTED_EDGE ( 'NONE', *, *, #359, .F. ) ;
#1094 = CARTESIAN_POINT ( 'NONE',  ( -1.000000000000000888, 0.2999999999999999334, 0.6999999999999998446 ) ) ;
#1095 = ORIENTED_EDGE ( 'NONE', *, *, #2280, .T. ) ;
#1096 = PLANE ( 'NONE',  #2136 ) ;
#1097 = CARTESIAN_POINT ( 'NONE',  ( 2.550000000000000266, -1.000000000000000000, 0.3000000000000001554 ) ) ;
#1098 = DIRECTION ( 'NONE',  ( 0.000000000000000000, 1.000000000000000000, 0.000000000000000000 ) ) ;
#1099 = DIRECTION ( 'NONE',  ( -0.000000000000000000, 1.000000000000000000, -0.000000000000000000 ) ) ;
#1100 = SURFACE_SIDE_STYLE ('',( #779 ) ) ;
#1101 = EDGE_CURVE ( 'NONE', #1576, #1287, #3340, .T. ) ;
#1102 = MECHANICAL_DESIGN_GEOMETRIC_PRESENTATION_REPRESENTATION (  '', ( #542 ), #1326 ) ;
#1103 = DIRECTION ( 'NONE',  ( 0.000000000000000000, 0.000000000000000000, -1.000000000000000000 ) ) ;
#1104 = CARTESIAN_POINT ( 'NONE',  ( 2.300000000000000266, -2.000000000000000000, -1.100000000000000089 ) ) ;
#1105 = AXIS2_PLACEMENT_3D ( 'NONE', #3390, #696, #1509 ) ;
#1106 = LINE ( 'NONE', #295, #2578 ) ;
#1107 = EDGE_CURVE ( 'NONE', #893, #1408, #2254, .T. ) ;
#1108 = STYLED_ITEM ( 'NONE', ( #2893 ), #2890 ) ;
#1109 = CARTESIAN_POINT ( 'NONE',  ( 2.250000000000000444, -1.700000000000000178, -0.3000000000000001554 ) ) ;
#1110 = FACE_OUTER_BOUND ( 'NONE', #2023, .T. ) ;
#1111 = ORIENTED_EDGE ( 'NONE', *, *, #776, .F. ) ;
#1112 = VECTOR ( 'NONE', #1959, 1000.000000000000000 ) ;
#1113 = CARTESIAN_POINT ( 'NONE',  ( -1.500000000000000888, 1.699999999999999956, -0.6999999999999998446 ) ) ;
#1114 = VECTOR ( 'NONE', #283, 1000.000000000000000 ) ;
#1115 = CARTESIAN_POINT ( 'NONE',  ( 2.250000000000000444, -1.700000000000000178, 0.3000000000000001554 ) ) ;
#1116 = LINE ( 'NONE', #390, #1495 ) ;
#1117 = ORIENTED_EDGE ( 'NONE', *, *, #2258, .F. ) ;
#1118 =( NAMED_UNIT ( * ) SI_UNIT ( $, .STERADIAN. ) SOLID_ANGLE_UNIT ( ) );
#1119 = CARTESIAN_POINT ( 'NONE',  ( 1.499999999999999112, 1.500000000000000000, -0.1500000000000000222 ) ) ;
#1120 = DIRECTION ( 'NONE',  ( 0.000000000000000000, 0.000000000000000000, -1.000000000000000000 ) ) ;
#1121 = VECTOR ( 'NONE', #2531, 1000.000000000000000 ) ;
#1122 = VECTOR ( 'NONE', #500, 1000.000000000000114 ) ;
#1123 = FILL_AREA_STYLE ('',( #888 ) ) ;
#1124 = LINE ( 'NONE', #2713, #2962 ) ;
#1125 = ORIENTED_EDGE ( 'NONE', *, *, #3014, .F. ) ;
#1126 = ADVANCED_FACE ( 'NONE', ( #1598 ), #3480, .F. ) ;
#1127 = SURFACE_STYLE_FILL_AREA ( #62 ) ;
#1128 = COLOUR_RGB ( '',0.8627450980392157298, 0.5882352941176470784, 0.06274509803921568540 ) ;
#1129 = FACE_OUTER_BOUND ( 'NONE', #1508, .T. ) ;
#1130 = ADVANCED_FACE ( 'NONE', ( #1911 ), #31, .F. ) ;
#1131 = ORIENTED_EDGE ( 'NONE', *, *, #2762, .F. ) ;
#1132 = DIRECTION ( 'NONE',  ( 0.000000000000000000, 1.000000000000000000, 1.548860246407863583E-16 ) ) ;
#1133 = FILL_AREA_STYLE_COLOUR ( '', #3264 ) ;
#1134 = CARTESIAN_POINT ( 'NONE',  ( 2.550000000000000266, -2.000000000000000000, -1.100000000000000089 ) ) ;
#1135 = AXIS2_PLACEMENT_3D ( 'NONE', #3482, #2111, #245 ) ;
#1136 = DIRECTION ( 'NONE',  ( -0.000000000000000000, -0.000000000000000000, -1.000000000000000000 ) ) ;
#1137 = CARTESIAN_POINT ( 'NONE',  ( -2.550000000000000266, 2.000000000000000000, -2.000000000000000000 ) ) ;
#1138 = CARTESIAN_POINT ( 'NONE',  ( 2.250000000000000444, -1.700000000000000178, 0.3000000000000001554 ) ) ;
#1139 = CARTESIAN_POINT ( 'NONE',  ( 1.550000000000000266, 0.000000000000000000, -0.3000000000000000444 ) ) ;
#1140 = SURFACE_STYLE_FILL_AREA ( #3062 ) ;
#1141 = FACE_OUTER_BOUND ( 'NONE', #2046, .T. ) ;
#1142 = VERTEX_POINT ( 'NONE', #2454 ) ;
#1143 = CARTESIAN_POINT ( 'NONE',  ( 0.000000000000000000, -1.700000000000000178, -1.900000000000000133 ) ) ;
#1144 = VECTOR ( 'NONE', #1315, 1000.000000000000000 ) ;
#1145 = CARTESIAN_POINT ( 'NONE',  ( -1.550000000000000266, -1.700000000000000178, 0.3000000000000000444 ) ) ;
#1146 = VERTEX_POINT ( 'NONE', #1620 ) ;
#1147 = EDGE_CURVE ( 'NONE', #801, #2781, #286, .T. ) ;
#1148 = CIRCLE ( 'NONE', #320, 0.2500000000000000000 ) ;
#1150 = AXIS2_PLACEMENT_3D ( 'NONE', #3096, #3349, #2316 ) ;
#1149 =( NAMED_UNIT ( * ) SI_UNIT ( $, .STERADIAN. ) SOLID_ANGLE_UNIT ( ) );
#1151 = VECTOR ( 'NONE', #367, 1000.000000000000000 ) ;
#1152 = ADVANCED_FACE ( 'NONE', ( #1439 ), #920, .F. ) ;
#1153 = CARTESIAN_POINT ( 'NONE',  ( -2.550000000000000266, -2.000000000000000000, -1.900000000000000133 ) ) ;
#1154 = ORIENTED_EDGE ( 'NONE', *, *, #81, .T. ) ;
#1155 = CARTESIAN_POINT ( 'NONE',  ( -0.000000000000000000, 2.000000000000000000, -2.000000000000000000 ) ) ;
#1156 = UNCERTAINTY_MEASURE_WITH_UNIT (LENGTH_MEASURE( 1.000000000000000082E-05 ), #758, 'distance_accuracy_value', 'NONE');
#1157 = CARTESIAN_POINT ( 'NONE',  ( 0.000000000000000000, 2.000000000000000000, 2.000000000000000000 ) ) ;
#1158 = CARTESIAN_POINT ( 'NONE',  ( -1.399999999999998135, 2.000000000000000000, 0.6000000000000080824 ) ) ;
#1159 = CARTESIAN_POINT ( 'NONE',  ( 0.5999999999999976463, 2.000000000000000000, 1.399999999999999689 ) ) ;
#1160 = VERTEX_POINT ( 'NONE', #3395 ) ;
#1161 = EDGE_LOOP ( 'NONE', ( #910, #2882, #668, #84, #2551 ) ) ;
#1162 = AXIS2_PLACEMENT_3D ( 'NONE', #3022, #2165, #1351 ) ;
#1163 = LINE ( 'NONE', #1418, #2703 ) ;
#1164 =( NAMED_UNIT ( * ) SI_UNIT ( $, .STERADIAN. ) SOLID_ANGLE_UNIT ( ) );
#1165 = VERTEX_POINT ( 'NONE', #2020 ) ;
#1166 = MECHANICAL_DESIGN_GEOMETRIC_PRESENTATION_REPRESENTATION (  '', ( #2648 ), #48 ) ;
#1167 = UNCERTAINTY_MEASURE_WITH_UNIT (LENGTH_MEASURE( 1.000000000000000082E-05 ), #765, 'distance_accuracy_value', 'NONE');
#1168 = VECTOR ( 'NONE', #963, 1000.000000000000000 ) ;
#1169 = VECTOR ( 'NONE', #452, 1000.000000000000000 ) ;
#1170 = CARTESIAN_POINT ( 'NONE',  ( -2.250000000000000444, -1.000000000000000000, 0.3000000000000001554 ) ) ;
#1171 = STYLED_ITEM ( 'NONE', ( #1764 ), #718 ) ;
#1172 = CARTESIAN_POINT ( 'NONE',  ( 2.550000000000000266, 0.000000000000000000, 0.3000000000000000444 ) ) ;
#1173 = EDGE_CURVE ( 'NONE', #2170, #1506, #2285, .T. ) ;
#1174 = VERTEX_POINT ( 'NONE', #1515 ) ;
#1175 = LINE ( 'NONE', #1682, #1241 ) ;
#1176 = STYLED_ITEM ( 'NONE', ( #900 ), #1017 ) ;
#1177 = CARTESIAN_POINT ( 'NONE',  ( 0.000000000000000000, 0.000000000000000000, -1.900000000000000133 ) ) ;
#1178 = VERTEX_POINT ( 'NONE', #2340 ) ;
#1179 = ADVANCED_FACE ( 'NONE', ( #973 ), #158, .T. ) ;
#1180 = DIRECTION ( 'NONE',  ( -1.000000000000000000, -0.000000000000000000, -0.000000000000000000 ) ) ;
#1181 = DIRECTION ( 'NONE',  ( 0.000000000000000000, -1.000000000000000000, 0.000000000000000000 ) ) ;
#1182 = DIRECTION ( 'NONE',  ( -0.000000000000000000, 0.000000000000000000, 1.000000000000000000 ) ) ;
#1183 = ORIENTED_EDGE ( 'NONE', *, *, #1562, .F. ) ;
#1184 = FILL_AREA_STYLE ('',( #2570 ) ) ;
#1185 = DIRECTION ( 'NONE',  ( 1.000000000000000000, 0.000000000000000000, 0.000000000000000000 ) ) ;
#1186 =( NAMED_UNIT ( * ) SI_UNIT ( $, .STERADIAN. ) SOLID_ANGLE_UNIT ( ) );
#1187 = FILL_AREA_STYLE_COLOUR ( '', #822 ) ;
#1188 = ORIENTED_EDGE ( 'NONE', *, *, #743, .F. ) ;
#1189 = ORIENTED_EDGE ( 'NONE', *, *, #1490, .F. ) ;
#1190 = PRESENTATION_STYLE_ASSIGNMENT (( #2579 ) ) ;
#1191 = CARTESIAN_POINT ( 'NONE',  ( 0.000000000000000000, -1.034313725490196401, 1.000000000000000000 ) ) ;
#1192 = CARTESIAN_POINT ( 'NONE',  ( -0.000000000000000000, -1.700000000000000178, -1.900000000000000133 ) ) ;
#1193 = UNCERTAINTY_MEASURE_WITH_UNIT (LENGTH_MEASURE( 1.000000000000000082E-05 ), #2235, 'distance_accuracy_value', 'NONE');
#1194 = LINE ( 'NONE', #2274, #3076 ) ;
#1195 = PLANE ( 'NONE',  #438 ) ;
#1196 = FACE_OUTER_BOUND ( 'NONE', #1561, .T. ) ;
#1197 = ORIENTED_EDGE ( 'NONE', *, *, #2405, .T. ) ;
#1198 = SURFACE_STYLE_FILL_AREA ( #1184 ) ;
#1199 = EDGE_CURVE ( 'NONE', #2378, #3344, #2838, .T. ) ;
#1200 = DIRECTION ( 'NONE',  ( 1.000000000000000000, 0.000000000000000000, 0.000000000000000000 ) ) ;
#1201 = SURFACE_STYLE_FILL_AREA ( #2851 ) ;
#1202 = PRESENTATION_STYLE_ASSIGNMENT (( #645 ) ) ;
#1203 = ORIENTED_EDGE ( 'NONE', *, *, #2736, .T. ) ;
#1204 = UNCERTAINTY_MEASURE_WITH_UNIT (LENGTH_MEASURE( 1.000000000000000082E-05 ), #3373, 'distance_accuracy_value', 'NONE');
#1205 = DIRECTION ( 'NONE',  ( 0.000000000000000000, 0.000000000000000000, 1.000000000000000000 ) ) ;
#1206 = ORIENTED_EDGE ( 'NONE', *, *, #1199, .F. ) ;
#1207 = LINE ( 'NONE', #2289, #1483 ) ;
#1208 = CARTESIAN_POINT ( 'NONE',  ( 0.9999999999999991118, -0.7843137254901964006, 2.000000000000000000 ) ) ;
#1209 = ORIENTED_EDGE ( 'NONE', *, *, #1422, .T. ) ;
#1210 = CARTESIAN_POINT ( 'NONE',  ( 0.000000000000000000, -2.000000000000000000, -0.3000000000000000444 ) ) ;
#1211 = MECHANICAL_DESIGN_GEOMETRIC_PRESENTATION_REPRESENTATION (  '', ( #2740 ), #1486 ) ;
#1212 = DIRECTION ( 'NONE',  ( 0.000000000000000000, 0.000000000000000000, -1.000000000000000000 ) ) ;
#1213 = PLANE ( 'NONE',  #94 ) ;
#1214 = VERTEX_POINT ( 'NONE', #3412 ) ;
#1215 =( LENGTH_UNIT ( ) NAMED_UNIT ( * ) SI_UNIT ( .MILLI., .METRE. ) );
#1216 = EDGE_CURVE ( 'NONE', #1420, #2848, #990, .T. ) ;
#1217 =( NAMED_UNIT ( * ) SI_UNIT ( $, .STERADIAN. ) SOLID_ANGLE_UNIT ( ) );
#1218 = EDGE_CURVE ( 'NONE', #677, #2641, #178, .T. ) ;
#1219 = STYLED_ITEM ( 'NONE', ( #1070 ), #1654 ) ;
#1220 =( GEOMETRIC_REPRESENTATION_CONTEXT ( 3 ) GLOBAL_UNCERTAINTY_ASSIGNED_CONTEXT ( ( #917 ) ) GLOBAL_UNIT_ASSIGNED_CONTEXT ( ( #588, #356, #3240 ) ) REPRESENTATION_CONTEXT ( 'NONE', 'WORKASPACE' ) );
#1221 = ORIENTED_EDGE ( 'NONE', *, *, #431, .F. ) ;
#1222 =( GEOMETRIC_REPRESENTATION_CONTEXT ( 3 ) GLOBAL_UNCERTAINTY_ASSIGNED_CONTEXT ( ( #2596 ) ) GLOBAL_UNIT_ASSIGNED_CONTEXT ( ( #915, #935, #3338 ) ) REPRESENTATION_CONTEXT ( 'NONE', 'WORKASPACE' ) );
#1223 = VERTEX_POINT ( 'NONE', #2855 ) ;
#1224 = CARTESIAN_POINT ( 'NONE',  ( 0.7385620915032677924, -0.5228758169934649702, -1.538562091503266949 ) ) ;
#1225 = STYLED_ITEM ( 'NONE', ( #451 ), #3012 ) ;
#1226 =( LENGTH_UNIT ( ) NAMED_UNIT ( * ) SI_UNIT ( .MILLI., .METRE. ) );
#1227 = MECHANICAL_DESIGN_GEOMETRIC_PRESENTATION_REPRESENTATION (  '', ( #710 ), #1893 ) ;
#1228 = DIRECTION ( 'NONE',  ( 0.000000000000000000, 0.000000000000000000, -1.000000000000000000 ) ) ;
#1229 = ORIENTED_EDGE ( 'NONE', *, *, #1422, .F. ) ;
#1230 = PLANE ( 'NONE',  #2192 ) ;
#1231 = SURFACE_STYLE_USAGE ( .BOTH. , #116 ) ;
#1232 = ORIENTED_EDGE ( 'NONE', *, *, #281, .F. ) ;
#1233 = LINE ( 'NONE', #3131, #2297 ) ;
#1234 = ORIENTED_EDGE ( 'NONE', *, *, #1936, .F. ) ;
#1235 = VECTOR ( 'NONE', #1766, 1000.000000000000000 ) ;
#1236 = CARTESIAN_POINT ( 'NONE',  ( 0.000000000000000000, 0.000000000000000000, 1.900000000000000133 ) ) ;
#1237 = ADVANCED_FACE ( 'NONE', ( #467 ), #3088, .T. ) ;
#1238 = PLANE ( 'NONE',  #450 ) ;
#1239 =( LENGTH_UNIT ( ) NAMED_UNIT ( * ) SI_UNIT ( .MILLI., .METRE. ) );
#1240 = ORIENTED_EDGE ( 'NONE', *, *, #2264, .F. ) ;
#1241 = VECTOR ( 'NONE', #3057, 1000.000000000000000 ) ;
#1242 = EDGE_CURVE ( 'NONE', #2621, #1214, #3381, .T. ) ;
#1243 = DIRECTION ( 'NONE',  ( -0.000000000000000000, -0.000000000000000000, -1.000000000000000000 ) ) ;
#1244 = FACE_OUTER_BOUND ( 'NONE', #1560, .T. ) ;
#1245 = PRESENTATION_LAYER_ASSIGNMENT (  '', '', ( #2776 ) ) ;
#1246 = EDGE_CURVE ( 'NONE', #2366, #123, #939, .T. ) ;
#1247 = CYLINDRICAL_SURFACE ( 'NONE', #167, 1.000000000000000000 ) ;
#1248 = CARTESIAN_POINT ( 'NONE',  ( -1.550000000000000266, 0.000000000000000000, 1.900000000000000133 ) ) ;
#1249 = ORIENTED_EDGE ( 'NONE', *, *, #1347, .F. ) ;
#1250 = DIRECTION ( 'NONE',  ( 0.000000000000000000, 1.000000000000000000, 0.000000000000000000 ) ) ;
#1251 = SURFACE_STYLE_FILL_AREA ( #3332 ) ;
#1252 = VERTEX_POINT ( 'NONE', #2074 ) ;
#1253 = FACE_OUTER_BOUND ( 'NONE', #537, .T. ) ;
#1254 = ORIENTED_EDGE ( 'NONE', *, *, #2693, .T. ) ;
#1255 = DIRECTION ( 'NONE',  ( 0.000000000000000000, 0.000000000000000000, -1.000000000000000000 ) ) ;
#1256 =( NAMED_UNIT ( * ) SI_UNIT ( $, .STERADIAN. ) SOLID_ANGLE_UNIT ( ) );
#1257 = PRESENTATION_LAYER_ASSIGNMENT (  '', '', ( #2619 ) ) ;
#1258 = DIRECTION ( 'NONE',  ( 1.000000000000000000, 0.000000000000000000, 0.000000000000000000 ) ) ;
#1259 = EDGE_LOOP ( 'NONE', ( #3339, #786, #305, #842 ) ) ;
#1260 = EDGE_CURVE ( 'NONE', #2420, #2170, #2054, .T. ) ;
#1261 = DIRECTION ( 'NONE',  ( 0.000000000000000000, 0.000000000000000000, 1.000000000000000000 ) ) ;
#1262 = ORIENTED_EDGE ( 'NONE', *, *, #3089, .F. ) ;
#1263 = EDGE_CURVE ( 'NONE', #2434, #1964, #437, .T. ) ;
#1264 = FILL_AREA_STYLE_COLOUR ( '', #120 ) ;
#1265 = ORIENTED_EDGE ( 'NONE', *, *, #3374, .F. ) ;
#1266 = ORIENTED_EDGE ( 'NONE', *, *, #408, .T. ) ;
#1267 = PLANE ( 'NONE',  #2124 ) ;
#1268 = CARTESIAN_POINT ( 'NONE',  ( 2.250000000000000444, -1.000000000000000000, 0.3000000000000001554 ) ) ;
#1269 = UNCERTAINTY_MEASURE_WITH_UNIT (LENGTH_MEASURE( 1.000000000000000082E-05 ), #2228, 'distance_accuracy_value', 'NONE');
#1270 = AXIS2_PLACEMENT_3D ( 'NONE', #3427, #1758, #1010 ) ;
#1271 = CARTESIAN_POINT ( 'NONE',  ( 0.000000000000000000, 0.000000000000000000, -1.900000000000000133 ) ) ;
#1272 = EDGE_LOOP ( 'NONE', ( #908, #581, #259, #1396, #751, #204 ) ) ;
#1273 = VECTOR ( 'NONE', #343, 1000.000000000000000 ) ;
#1274 = ADVANCED_FACE ( 'NONE', ( #1498 ), #726, .F. ) ;
#1275 =( NAMED_UNIT ( * ) PLANE_ANGLE_UNIT ( ) SI_UNIT ( $, .RADIAN. ) );
#1276 = ORIENTED_EDGE ( 'NONE', *, *, #643, .F. ) ;
#1277 = DIRECTION ( 'NONE',  ( 1.000000000000000000, 0.000000000000000000, 0.000000000000000000 ) ) ;
#1278 = MECHANICAL_DESIGN_GEOMETRIC_PRESENTATION_REPRESENTATION (  '', ( #1225 ), #654 ) ;
#1279 = VECTOR ( 'NONE', #1902, 1000.000000000000000 ) ;
#1280 = ADVANCED_FACE ( 'NONE', ( #2092 ), #1072, .T. ) ;
#1281 = ORIENTED_EDGE ( 'NONE', *, *, #2157, .F. ) ;
#1282 = AXIS2_PLACEMENT_3D ( 'NONE', #2143, #862, #2999 ) ;
#1283 = CARTESIAN_POINT ( 'NONE',  ( 2.550000000000000266, -1.000000000000000000, -0.3000000000000001554 ) ) ;
#1284 = DIRECTION ( 'NONE',  ( -1.000000000000000000, -0.000000000000000000, 0.000000000000000000 ) ) ;
#1285 = CARTESIAN_POINT ( 'NONE',  ( 0.000000000000000000, -2.000000000000000000, 0.3000000000000000444 ) ) ;
#1286 =( NAMED_UNIT ( * ) SI_UNIT ( $, .STERADIAN. ) SOLID_ANGLE_UNIT ( ) );
#1287 = VERTEX_POINT ( 'NONE', #2941 ) ;
#1288 = MECHANICAL_DESIGN_GEOMETRIC_PRESENTATION_REPRESENTATION (  '', ( #2030 ), #1796 ) ;
#1289 = VECTOR ( 'NONE', #1646, 1000.000000000000000 ) ;
#1290 = ORIENTED_EDGE ( 'NONE', *, *, #1923, .T. ) ;
#1291 = DIRECTION ( 'NONE',  ( -1.000000000000000000, 0.000000000000000000, 0.000000000000000000 ) ) ;
#1292 = ORIENTED_EDGE ( 'NONE', *, *, #1553, .T. ) ;
#1293 = SURFACE_STYLE_FILL_AREA ( #1027 ) ;
#1294 = FILL_AREA_STYLE_COLOUR ( '', #2520 ) ;
#1295 = VERTEX_POINT ( 'NONE', #22 ) ;
#1296 = VERTEX_POINT ( 'NONE', #296 ) ;
#1297 = DIRECTION ( 'NONE',  ( 1.000000000000000000, 0.000000000000000000, 0.000000000000000000 ) ) ;
#1298 =( LENGTH_UNIT ( ) NAMED_UNIT ( * ) SI_UNIT ( .MILLI., .METRE. ) );
#1299 = UNCERTAINTY_MEASURE_WITH_UNIT (LENGTH_MEASURE( 1.000000000000000082E-05 ), #2614, 'distance_accuracy_value', 'NONE');
#1300 = DIRECTION ( 'NONE',  ( 0.7071067811865491270, 0.000000000000000000, -0.7071067811865460184 ) ) ;
#1301 = ADVANCED_FACE ( 'NONE', ( #1573 ), #2668, .F. ) ;
#1302 = LINE ( 'NONE', #2386, #712 ) ;
#1303 = ORIENTED_EDGE ( 'NONE', *, *, #1087, .F. ) ;
#1304 = VERTEX_POINT ( 'NONE', #2117 ) ;
#1305 = VECTOR ( 'NONE', #885, 1000.000000000000000 ) ;
#1306 = SURFACE_STYLE_FILL_AREA ( #1025 ) ;
#1307 = ORIENTED_EDGE ( 'NONE', *, *, #2552, .T. ) ;
#1308 = DIRECTION ( 'NONE',  ( 0.000000000000000000, 1.000000000000000000, 0.000000000000000000 ) ) ;
#1309 = LINE ( 'NONE', #230, #208 ) ;
#1310 =( NAMED_UNIT ( * ) PLANE_ANGLE_UNIT ( ) SI_UNIT ( $, .RADIAN. ) );
#1311 = FILL_AREA_STYLE_COLOUR ( '', #1313 ) ;
#1312 = FILL_AREA_STYLE ('',( #2949 ) ) ;
#1313 = COLOUR_RGB ( '',0.8627450980392157298, 0.5882352941176470784, 0.06274509803921568540 ) ;
#1314 = COLOUR_RGB ( '',0.8627450980392157298, 0.5882352941176470784, 0.06274509803921568540 ) ;
#1315 = DIRECTION ( 'NONE',  ( 0.000000000000000000, -1.000000000000000000, 0.000000000000000000 ) ) ;
#1316 = EDGE_CURVE ( 'NONE', #427, #1565, #1808, .T. ) ;
#1317 = DIRECTION ( 'NONE',  ( -0.000000000000000000, -0.000000000000000000, 1.000000000000000000 ) ) ;
#1318 = EDGE_CURVE ( 'NONE', #2877, #1771, #1056, .T. ) ;
#1319 = EDGE_LOOP ( 'NONE', ( #980, #2265, #1704, #1683, #2607, #2471, #1183 ) ) ;
#1320 = ORIENTED_EDGE ( 'NONE', *, *, #743, .T. ) ;
#1321 = VECTOR ( 'NONE', #1953, 1000.000000000000000 ) ;
#1322 = DIRECTION ( 'NONE',  ( -1.000000000000000000, 0.000000000000000000, 0.000000000000000000 ) ) ;
#1323 = COLOUR_RGB ( '',0.8627450980392157298, 0.5882352941176470784, 0.06274509803921568540 ) ;
#1324 = VERTEX_POINT ( 'NONE', #517 ) ;
#1325 = CARTESIAN_POINT ( 'NONE',  ( -1.550000000000000266, -1.700000000000000178, 0.3000000000000001554 ) ) ;
#1326 =( GEOMETRIC_REPRESENTATION_CONTEXT ( 3 ) GLOBAL_UNCERTAINTY_ASSIGNED_CONTEXT ( ( #627 ) ) GLOBAL_UNIT_ASSIGNED_CONTEXT ( ( #563, #1625, #291 ) ) REPRESENTATION_CONTEXT ( 'NONE', 'WORKASPACE' ) );
#1327 = DIRECTION ( 'NONE',  ( 1.000000000000000000, -0.000000000000000000, -0.000000000000000000 ) ) ;
#1328 = VECTOR ( 'NONE', #3406, 1000.000000000000000 ) ;
#1329 = CARTESIAN_POINT ( 'NONE',  ( 0.000000000000000000, -1.000000000000000000, 0.3000000000000000444 ) ) ;
#1330 = EDGE_LOOP ( 'NONE', ( #456, #1925, #1661, #2575 ) ) ;
#1331 = DIRECTION ( 'NONE',  ( 0.000000000000000000, -1.000000000000000000, 0.000000000000000000 ) ) ;
#1332 = VECTOR ( 'NONE', #2272, 1000.000000000000000 ) ;
#1333 = AXIS2_PLACEMENT_3D ( 'NONE', #2887, #2663, #3449 ) ;
#1334 = VECTOR ( 'NONE', #3069, 1000.000000000000000 ) ;
#1335 = DIRECTION ( 'NONE',  ( 0.000000000000000000, 1.000000000000000000, 0.000000000000000000 ) ) ;
#1336 = PLANE ( 'NONE',  #636 ) ;
#1337 = EDGE_CURVE ( 'NONE', #298, #1304, #3468, .T. ) ;
#1338 = DIRECTION ( 'NONE',  ( 0.000000000000000000, 0.000000000000000000, 1.000000000000000000 ) ) ;
#1339 = ORIENTED_EDGE ( 'NONE', *, *, #1218, .F. ) ;
#1340 = ORIENTED_EDGE ( 'NONE', *, *, #1696, .F. ) ;
#1341 = ADVANCED_FACE ( 'NONE', ( #2681 ), #1353, .F. ) ;
#1342 = EDGE_CURVE ( 'NONE', #1165, #1146, #994, .T. ) ;
#1343 = CIRCLE ( 'NONE', #3110, 0.2499999999999997780 ) ;
#1344 = DIRECTION ( 'NONE',  ( 0.000000000000000000, 1.000000000000000000, 0.000000000000000000 ) ) ;
#1345 = ORIENTED_EDGE ( 'NONE', *, *, #449, .F. ) ;
#1346 = DIRECTION ( 'NONE',  ( 0.000000000000000000, 0.000000000000000000, 1.000000000000000000 ) ) ;
#1347 = EDGE_CURVE ( 'NONE', #596, #1521, #1302, .T. ) ;
#1348 = VECTOR ( 'NONE', #2978, 1000.000000000000000 ) ;
#1349 =( NAMED_UNIT ( * ) PLANE_ANGLE_UNIT ( ) SI_UNIT ( $, .RADIAN. ) );
#1350 = PRESENTATION_STYLE_ASSIGNMENT (( #793 ) ) ;
#1351 = DIRECTION ( 'NONE',  ( -1.000000000000000000, 0.000000000000000000, 0.000000000000000000 ) ) ;
#1352 = CYLINDRICAL_SURFACE ( 'NONE', #1761, 1.000000000000000000 ) ;
#1353 = SPHERICAL_SURFACE ( 'NONE', #648, 0.2499999999999998890 ) ;
#1354 = PLANE ( 'NONE',  #2610 ) ;
#1355 = EDGE_LOOP ( 'NONE', ( #1340, #2954, #2387, #3105 ) ) ;
#1356 = CARTESIAN_POINT ( 'NONE',  ( 2.550000000000000266, -2.000000000000000000, -1.100000000000000089 ) ) ;
#1357 = EDGE_CURVE ( 'NONE', #2333, #816, #3453, .T. ) ;
#1358 = ORIENTED_EDGE ( 'NONE', *, *, #1920, .T. ) ;
#1359 = LINE ( 'NONE', #2957, #3109 ) ;
#1360 = DIRECTION ( 'NONE',  ( -0.000000000000000000, 0.000000000000000000, 1.000000000000000000 ) ) ;
#1361 = FACE_OUTER_BOUND ( 'NONE', #3407, .T. ) ;
#1362 = ORIENTED_EDGE ( 'NONE', *, *, #643, .T. ) ;
#1363 = ADVANCED_FACE ( 'NONE', ( #2446 ), #771, .F. ) ;
#1364 = DIRECTION ( 'NONE',  ( -0.000000000000000000, -0.000000000000000000, 1.000000000000000000 ) ) ;
#1365 = CARTESIAN_POINT ( 'NONE',  ( -2.550000000000000266, -1.000000000000000000, 0.3000000000000000444 ) ) ;
#1366 = SPHERICAL_SURFACE ( 'NONE', #2746, 0.2499999999999998890 ) ;
#1367 = DIRECTION ( 'NONE',  ( -1.000000000000000000, 0.000000000000000000, 0.000000000000000000 ) ) ;
#1368 = VECTOR ( 'NONE', #1805, 1000.000000000000000 ) ;
#1369 =( LENGTH_UNIT ( ) NAMED_UNIT ( * ) SI_UNIT ( .MILLI., .METRE. ) );
#1370 = PLANE ( 'NONE',  #547 ) ;
#1371 = FACE_OUTER_BOUND ( 'NONE', #407, .T. ) ;
#1372 = DIRECTION ( 'NONE',  ( 1.000000000000000000, 0.000000000000000000, -0.000000000000000000 ) ) ;
#1373 = ORIENTED_EDGE ( 'NONE', *, *, #1342, .F. ) ;
#1374 = AXIS2_PLACEMENT_3D ( 'NONE', #3189, #1047, #713 ) ;
#1375 = ORIENTED_EDGE ( 'NONE', *, *, #276, .F. ) ;
#1376 = CARTESIAN_POINT ( 'NONE',  ( 0.9999999999999991118, 1.500000000000000000, 0.1499999999999999667 ) ) ;
#1377 = ORIENTED_EDGE ( 'NONE', *, *, #1246, .T. ) ;
#1378 = DIRECTION ( 'NONE',  ( -1.000000000000000000, 0.000000000000000000, 0.000000000000000000 ) ) ;
#1379 = ADVANCED_FACE ( 'NONE', ( #364 ), #3280, .T. ) ;
#1380 = FILL_AREA_STYLE ('',( #3287 ) ) ;
#1381 = PRESENTATION_LAYER_ASSIGNMENT (  '', '', ( #268 ) ) ;
#1382 = DIRECTION ( 'NONE',  ( -0.000000000000000000, -0.000000000000000000, -1.000000000000000000 ) ) ;
#1383 = AXIS2_PLACEMENT_3D ( 'NONE', #742, #2151, #479 ) ;
#1384 = EDGE_CURVE ( 'NONE', #3382, #1883, #850, .T. ) ;
#1385 = AXIS2_PLACEMENT_3D ( 'NONE', #2627, #3169, #2678 ) ;
#1386 = SURFACE_SIDE_STYLE ('',( #1140 ) ) ;
#1387 = CARTESIAN_POINT ( 'NONE',  ( 2.550000000000000266, -2.000000000000000000, -1.900000000000000133 ) ) ;
#1388 = ORIENTED_EDGE ( 'NONE', *, *, #1877, .F. ) ;
#1389 = CARTESIAN_POINT ( 'NONE',  ( 1.550000000000000266, -1.700000000000000178, 0.3000000000000001554 ) ) ;
#1390 = COLOUR_RGB ( '',0.8627450980392157298, 0.5882352941176470784, 0.06274509803921568540 ) ;
#1391 = DIRECTION ( 'NONE',  ( 1.000000000000000000, 0.000000000000000000, 0.000000000000000000 ) ) ;
#1392 = PRESENTATION_LAYER_ASSIGNMENT (  '', '', ( #2759 ) ) ;
#1393 = DIRECTION ( 'NONE',  ( 0.000000000000000000, -1.000000000000000000, 0.000000000000000000 ) ) ;
#1394 = PRESENTATION_LAYER_ASSIGNMENT (  '', '', ( #2925 ) ) ;
#1395 = CARTESIAN_POINT ( 'NONE',  ( -0.5999999999999986455, 2.000000000000000000, 1.399999999999998801 ) ) ;
#1396 = ORIENTED_EDGE ( 'NONE', *, *, #179, .T. ) ;
#1397 = FILL_AREA_STYLE ('',( #582 ) ) ;
#1398 =( GEOMETRIC_REPRESENTATION_CONTEXT ( 3 ) GLOBAL_UNCERTAINTY_ASSIGNED_CONTEXT ( ( #124 ) ) GLOBAL_UNIT_ASSIGNED_CONTEXT ( ( #409, #1685, #587 ) ) REPRESENTATION_CONTEXT ( 'NONE', 'WORKASPACE' ) );
#1399 = CARTESIAN_POINT ( 'NONE',  ( -1.550000000000000266, -1.700000000000000178, 1.900000000000000133 ) ) ;
#1400 = CARTESIAN_POINT ( 'NONE',  ( 0.000000000000000000, 0.000000000000000000, 0.3000000000000001554 ) ) ;
#1401 = CARTESIAN_POINT ( 'NONE',  ( 1.399999999999997247, 2.000000000000000000, 0.6000000000000091926 ) ) ;
#1402 = VECTOR ( 'NONE', #2679, 1000.000000000000000 ) ;
#1403 = LINE ( 'NONE', #2188, #2232 ) ;
#1404 = ORIENTED_EDGE ( 'NONE', *, *, #854, .T. ) ;
#1405 = ORIENTED_EDGE ( 'NONE', *, *, #3352, .T. ) ;
#1406 = CARTESIAN_POINT ( 'NONE',  ( 0.000000000000000000, 0.000000000000000000, -2.000000000000000000 ) ) ;
#1407 = CARTESIAN_POINT ( 'NONE',  ( 2.550000000000000266, -2.000000000000000000, 1.100000000000000089 ) ) ;
#1408 = VERTEX_POINT ( 'NONE', #3247 ) ;
#1409 = EDGE_CURVE ( 'NONE', #2922, #2717, #1895, .T. ) ;
#1410 = CARTESIAN_POINT ( 'NONE',  ( 1.499999999999999112, 1.500000000000000000, 0.1499999999999999667 ) ) ;
#1411 = ORIENTED_EDGE ( 'NONE', *, *, #1318, .T. ) ;
#1412 = CARTESIAN_POINT ( 'NONE',  ( 0.000000000000000000, -2.000000000000000000, -1.900000000000000133 ) ) ;
#1413 = DIRECTION ( 'NONE',  ( 0.000000000000000000, -1.000000000000000000, 1.355252715606880543E-16 ) ) ;
#1414 = SURFACE_STYLE_USAGE ( .BOTH. , #357 ) ;
#1415 = EDGE_LOOP ( 'NONE', ( #2565, #2008, #2373, #3429 ) ) ;
#1416 = CARTESIAN_POINT ( 'NONE',  ( 1.499999999999999112, 1.500000000000000000, -0.1500000000000000222 ) ) ;
#1417 = EDGE_CURVE ( 'NONE', #876, #447, #548, .T. ) ;
#1418 = CARTESIAN_POINT ( 'NONE',  ( 2.550000000000000266, 0.000000000000000000, 1.900000000000000133 ) ) ;
#1419 = CARTESIAN_POINT ( 'NONE',  ( 0.000000000000000000, -1.000000000000000000, 1.900000000000000133 ) ) ;
#1420 = VERTEX_POINT ( 'NONE', #821 ) ;
#1421 = VERTEX_POINT ( 'NONE', #2465 ) ;
#1422 = EDGE_CURVE ( 'NONE', #462, #1496, #2168, .T. ) ;
#1423 = DIRECTION ( 'NONE',  ( 0.000000000000000000, -0.000000000000000000, 1.000000000000000000 ) ) ;
#1424 = CARTESIAN_POINT ( 'NONE',  ( -2.550000000000000266, -2.000000000000000000, 1.350000000000000089 ) ) ;
#1425 = SURFACE_SIDE_STYLE ('',( #1443 ) ) ;
#1426 = VECTOR ( 'NONE', #589, 1000.000000000000000 ) ;
#1427 =( LENGTH_UNIT ( ) NAMED_UNIT ( * ) SI_UNIT ( .MILLI., .METRE. ) );
#1428 = ORIENTED_EDGE ( 'NONE', *, *, #176, .F. ) ;
#1429 = DIRECTION ( 'NONE',  ( 1.000000000000000000, -0.000000000000000000, -0.000000000000000000 ) ) ;
#1430 = CARTESIAN_POINT ( 'NONE',  ( -1.550000000000000266, 0.000000000000000000, 0.3000000000000000444 ) ) ;
#1431 = CARTESIAN_POINT ( 'NONE',  ( -2.550000000000000266, 0.000000000000000000, -2.000000000000000000 ) ) ;
#1432 = FILL_AREA_STYLE_COLOUR ( '', #2398 ) ;
#1433 = ORIENTED_EDGE ( 'NONE', *, *, #3015, .T. ) ;
#1434 = VECTOR ( 'NONE', #1085, 1000.000000000000000 ) ;
#1435 = LINE ( 'NONE', #3051, #3252 ) ;
#1436 = VERTEX_POINT ( 'NONE', #1932 ) ;
#1437 = CIRCLE ( 'NONE', #2243, 0.2499999999999997780 ) ;
#1438 = EDGE_LOOP ( 'NONE', ( #2294, #50, #3405, #2095 ) ) ;
#1439 = FACE_OUTER_BOUND ( 'NONE', #2140, .T. ) ;
#1440 = CARTESIAN_POINT ( 'NONE',  ( 0.000000000000000000, 0.000000000000000000, -0.3000000000000001554 ) ) ;
#1441 = AXIS2_PLACEMENT_3D ( 'NONE', #2021, #3301, #880 ) ;
#1442 = EDGE_CURVE ( 'NONE', #3123, #2768, #2193, .T. ) ;
#1443 = SURFACE_STYLE_FILL_AREA ( #69 ) ;
#1444 = DIRECTION ( 'NONE',  ( -1.000000000000000000, -0.000000000000000000, 0.000000000000000000 ) ) ;
#1445 = VERTEX_POINT ( 'NONE', #2991 ) ;
#1446 = LINE ( 'NONE', #1138, #746 ) ;
#1447 = EDGE_CURVE ( 'NONE', #1558, #785, #1435, .T. ) ;
#1448 = CARTESIAN_POINT ( 'NONE',  ( 0.000000000000000000, -0.7843137254901964006, 1.799999999999999600 ) ) ;
#1449 = DIRECTION ( 'NONE',  ( -1.000000000000000000, -0.000000000000000000, -0.000000000000000000 ) ) ;
#1450 = SURFACE_STYLE_USAGE ( .BOTH. , #982 ) ;
#1451 = ORIENTED_EDGE ( 'NONE', *, *, #1147, .F. ) ;
#1452 = CARTESIAN_POINT ( 'NONE',  ( -2.250000000000000444, -1.700000000000000178, 1.900000000000000133 ) ) ;
#1453 = ORIENTED_EDGE ( 'NONE', *, *, #2552, .F. ) ;
#1454 = VECTOR ( 'NONE', #942, 1000.000000000000000 ) ;
#1455 = LINE ( 'NONE', #2334, #2537 ) ;
#1456 = SURFACE_STYLE_USAGE ( .BOTH. , #3049 ) ;
#1457 = LINE ( 'NONE', #914, #2184 ) ;
#1458 = DIRECTION ( 'NONE',  ( 0.000000000000000000, 0.000000000000000000, -1.000000000000000000 ) ) ;
#1459 = ORIENTED_EDGE ( 'NONE', *, *, #549, .F. ) ;
#1460 = VECTOR ( 'NONE', #2558, 1000.000000000000000 ) ;
#1461 = CARTESIAN_POINT ( 'NONE',  ( -1.550000000000000266, -2.000000000000000000, 1.900000000000000133 ) ) ;
#1462 =( NAMED_UNIT ( * ) PLANE_ANGLE_UNIT ( ) SI_UNIT ( $, .RADIAN. ) );
#1463 = LINE ( 'NONE', #1115, #728 ) ;
#1464 = CARTESIAN_POINT ( 'NONE',  ( -1.200000000000000622, -0.9843137254901960231, -2.000000000000000000 ) ) ;
#1465 = ADVANCED_FACE ( 'NONE', ( #1371 ), #3296, .F. ) ;
#1466 = SURFACE_STYLE_FILL_AREA ( #1504 ) ;
#1467 = ORIENTED_EDGE ( 'NONE', *, *, #741, .T. ) ;
#1468 = DIRECTION ( 'NONE',  ( -1.000000000000000000, 0.000000000000000000, 0.000000000000000000 ) ) ;
#1469 = CARTESIAN_POINT ( 'NONE',  ( 2.550000000000000266, -1.000000000000000000, -0.3000000000000001554 ) ) ;
#1470 = ADVANCED_FACE ( 'NONE', ( #3009 ), #1643, .T. ) ;
#1471 =( NAMED_UNIT ( * ) PLANE_ANGLE_UNIT ( ) SI_UNIT ( $, .RADIAN. ) );
#1472 = ORIENTED_EDGE ( 'NONE', *, *, #2889, .F. ) ;
#1473 = DIRECTION ( 'NONE',  ( 0.000000000000000000, 1.000000000000000000, 0.000000000000000000 ) ) ;
#1474 = CARTESIAN_POINT ( 'NONE',  ( 1.499999999999999112, 1.500000000000000000, 0.1499999999999999667 ) ) ;
#1475 = ORIENTED_EDGE ( 'NONE', *, *, #2367, .F. ) ;
#1476 = ORIENTED_EDGE ( 'NONE', *, *, #1744, .T. ) ;
#1477 = DIRECTION ( 'NONE',  ( -1.000000000000000000, 0.000000000000000000, 0.000000000000000000 ) ) ;
#1478 = CARTESIAN_POINT ( 'NONE',  ( 0.000000000000000000, 0.000000000000000000, 0.3000000000000001554 ) ) ;
#1479 = ORIENTED_EDGE ( 'NONE', *, *, #36, .F. ) ;
#1480 = LINE ( 'NONE', #2939, #1615 ) ;
#1481 = CARTESIAN_POINT ( 'NONE',  ( -0.000000000000000000, -1.000000000000000000, -0.3000000000000000444 ) ) ;
#1482 = DIRECTION ( 'NONE',  ( 1.000000000000000000, 0.000000000000000000, 0.000000000000000000 ) ) ;
#1483 = VECTOR ( 'NONE', #3437, 1000.000000000000000 ) ;
#1484 = ORIENTED_EDGE ( 'NONE', *, *, #3166, .T. ) ;
#1485 = CARTESIAN_POINT ( 'NONE',  ( -1.550000000000000266, -1.700000000000000178, -0.3000000000000001554 ) ) ;
#1486 =( GEOMETRIC_REPRESENTATION_CONTEXT ( 3 ) GLOBAL_UNCERTAINTY_ASSIGNED_CONTEXT ( ( #3040 ) ) GLOBAL_UNIT_ASSIGNED_CONTEXT ( ( #735, #1310, #2364 ) ) REPRESENTATION_CONTEXT ( 'NONE', 'WORKASPACE' ) );
#1487 = EDGE_CURVE ( 'NONE', #596, #316, #82, .T. ) ;
#1488 = ORIENTED_EDGE ( 'NONE', *, *, #2343, .F. ) ;
#1489 = ORIENTED_EDGE ( 'NONE', *, *, #1342, .T. ) ;
#1490 = EDGE_CURVE ( 'NONE', #1445, #2508, #2742, .T. ) ;
#1491 = EDGE_CURVE ( 'NONE', #2589, #2576, #1163, .T. ) ;
#1492 = CARTESIAN_POINT ( 'NONE',  ( -0.000000000000000000, 2.000000000000000000, -2.000000000000000000 ) ) ;
#1493 = CARTESIAN_POINT ( 'NONE',  ( 0.000000000000000000, -0.7843137254901964006, 1.000000000000000000 ) ) ;
#1494 = PRESENTATION_LAYER_ASSIGNMENT (  '', '', ( #3031 ) ) ;
#1495 = VECTOR ( 'NONE', #3017, 1000.000000000000000 ) ;
#1496 = VERTEX_POINT ( 'NONE', #2729 ) ;
#1497 = STYLED_ITEM ( 'NONE', ( #2970 ), #1341 ) ;
#1498 = FACE_OUTER_BOUND ( 'NONE', #2039, .T. ) ;
#1499 = FILL_AREA_STYLE ('',( #1759 ) ) ;
#1500 = VECTOR ( 'NONE', #2512, 1000.000000000000000 ) ;
#1501 = VECTOR ( 'NONE', #1991, 1000.000000000000000 ) ;
#1502 = LINE ( 'NONE', #1481, #333 ) ;
#1503 = VECTOR ( 'NONE', #1889, 1000.000000000000000 ) ;
#1504 = FILL_AREA_STYLE ('',( #439 ) ) ;
#1505 = VECTOR ( 'NONE', #329, 1000.000000000000000 ) ;
#1506 = VERTEX_POINT ( 'NONE', #1145 ) ;
#1507 = VECTOR ( 'NONE', #829, 1000.000000000000000 ) ;
#1508 = EDGE_LOOP ( 'NONE', ( #2725, #1617, #3175, #45 ) ) ;
#1509 = DIRECTION ( 'NONE',  ( 0.000000000000000000, 0.000000000000000000, 1.000000000000000000 ) ) ;
#1510 = ORIENTED_EDGE ( 'NONE', *, *, #1316, .T. ) ;
#1511 = STYLED_ITEM ( 'NONE', ( #3347 ), #1813 ) ;
#1512 = FACE_OUTER_BOUND ( 'NONE', #2043, .T. ) ;
#1513 =( NAMED_UNIT ( * ) PLANE_ANGLE_UNIT ( ) SI_UNIT ( $, .RADIAN. ) );
#1514 = UNCERTAINTY_MEASURE_WITH_UNIT (LENGTH_MEASURE( 1.000000000000000082E-05 ), #277, 'distance_accuracy_value', 'NONE');
#1515 = CARTESIAN_POINT ( 'NONE',  ( 0.9999999999999991118, 0.5000000000000001110, -0.1499999999999998834 ) ) ;
#1516 = EDGE_CURVE ( 'NONE', #1287, #1750, #615, .T. ) ;
#1517 = ORIENTED_EDGE ( 'NONE', *, *, #1447, .F. ) ;
#1518 = CARTESIAN_POINT ( 'NONE',  ( 1.224646799147353207E-16, -1.034313725490196401, -1.000000000000000000 ) ) ;
#1519 = ORIENTED_EDGE ( 'NONE', *, *, #1740, .F. ) ;
#1520 =( LENGTH_UNIT ( ) NAMED_UNIT ( * ) SI_UNIT ( .MILLI., .METRE. ) );
#1521 = VERTEX_POINT ( 'NONE', #65 ) ;
#1522 = DIRECTION ( 'NONE',  ( 0.000000000000000000, -1.000000000000000000, 0.000000000000000000 ) ) ;
#1523 = ORIENTED_EDGE ( 'NONE', *, *, #211, .T. ) ;
#1524 = LINE ( 'NONE', #3118, #1501 ) ;
#1525 = ADVANCED_FACE ( 'NONE', ( #1129 ), #626, .T. ) ;
#1526 = CARTESIAN_POINT ( 'NONE',  ( 1.499999999999999112, 1.500000000000000000, -0.1500000000000000222 ) ) ;
#1527 = VECTOR ( 'NONE', #1541, 1000.000000000000000 ) ;
#1528 = EDGE_CURVE ( 'NONE', #1832, #1800, #2786, .T. ) ;
#1529 = CARTESIAN_POINT ( 'NONE',  ( -2.250000000000000444, 0.000000000000000000, 1.900000000000000133 ) ) ;
#1530 = DIRECTION ( 'NONE',  ( 0.000000000000000000, 1.000000000000000000, -0.000000000000000000 ) ) ;
#1531 = ORIENTED_EDGE ( 'NONE', *, *, #1569, .T. ) ;
#1532 = CARTESIAN_POINT ( 'NONE',  ( -1.550000000000000266, -2.000000000000000000, 0.3000000000000001554 ) ) ;
#1533 = CARTESIAN_POINT ( 'NONE',  ( 2.550000000000000266, -1.000000000000000000, -1.900000000000000133 ) ) ;
#1534 = ORIENTED_EDGE ( 'NONE', *, *, #3067, .T. ) ;
#1535 = MECHANICAL_DESIGN_GEOMETRIC_PRESENTATION_REPRESENTATION (  '', ( #2341 ), #28 ) ;
#1536 = CARTESIAN_POINT ( 'NONE',  ( 2.550000000000000266, -2.000000000000000000, 0.3000000000000000444 ) ) ;
#1537 = ORIENTED_EDGE ( 'NONE', *, *, #2379, .F. ) ;
#1538 = PRESENTATION_LAYER_ASSIGNMENT (  '', '', ( #3135 ) ) ;
#1539 = MECHANICAL_DESIGN_GEOMETRIC_PRESENTATION_REPRESENTATION (  '', ( #803 ), #480 ) ;
#1540 = LINE ( 'NONE', #1283, #2818 ) ;
#1541 = DIRECTION ( 'NONE',  ( -1.000000000000000000, -0.000000000000000000, 0.000000000000000000 ) ) ;
#1542 = CARTESIAN_POINT ( 'NONE',  ( -2.250000000000000444, -1.700000000000000178, 1.900000000000000133 ) ) ;
#1543 = DIRECTION ( 'NONE',  ( 0.000000000000000000, -0.000000000000000000, 1.000000000000000000 ) ) ;
#1544 = VECTOR ( 'NONE', #1551, 1000.000000000000000 ) ;
#1545 = VECTOR ( 'NONE', #1638, 1000.000000000000000 ) ;
#1546 = LINE ( 'NONE', #1518, #2016 ) ;
#1547 = EDGE_CURVE ( 'NONE', #691, #816, #1777, .T. ) ;
#1548 = VERTEX_POINT ( 'NONE', #3085 ) ;
#1549 = CARTESIAN_POINT ( 'NONE',  ( 0.9999999999999991118, 1.500000000000000000, -0.1500000000000000222 ) ) ;
#1550 = VECTOR ( 'NONE', #1847, 1000.000000000000000 ) ;
#1551 = DIRECTION ( 'NONE',  ( -1.000000000000000000, 0.000000000000000000, 0.000000000000000000 ) ) ;
#1552 = PRESENTATION_LAYER_ASSIGNMENT (  '', '', ( #1225 ) ) ;
#1553 = EDGE_CURVE ( 'NONE', #1883, #1752, #1524, .T. ) ;
#1554 = ORIENTED_EDGE ( 'NONE', *, *, #1794, .T. ) ;
#1555 = SURFACE_STYLE_FILL_AREA ( #1583 ) ;
#1556 = CARTESIAN_POINT ( 'NONE',  ( 0.000000000000000000, -0.7843137254901964006, 0.000000000000000000 ) ) ;
#1557 = DIRECTION ( 'NONE',  ( 1.000000000000000000, 0.000000000000000000, 0.000000000000000000 ) ) ;
#1558 = VERTEX_POINT ( 'NONE', #2870 ) ;
#1559 = AXIS2_PLACEMENT_3D ( 'NONE', #477, #1300, #2840 ) ;
#1560 = EDGE_LOOP ( 'NONE', ( #950, #2499, #159, #1574, #697, #2318 ) ) ;
#1561 = EDGE_LOOP ( 'NONE', ( #2284, #47, #2290, #119 ) ) ;
#1562 = EDGE_CURVE ( 'NONE', #852, #238, #416, .T. ) ;
#1563 = PLANE ( 'NONE',  #42 ) ;
#1564 = CARTESIAN_POINT ( 'NONE',  ( 2.300000000000000266, -2.000000000000000000, 1.100000000000000089 ) ) ;
#1565 = VERTEX_POINT ( 'NONE', #2069 ) ;
#1566 = LINE ( 'NONE', #2350, #1328 ) ;
#1567 = CARTESIAN_POINT ( 'NONE',  ( 2.250000000000000444, -1.000000000000000000, 0.3000000000000001554 ) ) ;
#1568 = FILL_AREA_STYLE ('',( #1311 ) ) ;
#1569 = EDGE_CURVE ( 'NONE', #2155, #801, #1457, .T. ) ;
#1570 = LINE ( 'NONE', #3226, #1368 ) ;
#1571 = CARTESIAN_POINT ( 'NONE',  ( -2.250000000000000444, -1.700000000000000178, 0.3000000000000001554 ) ) ;
#1572 =( GEOMETRIC_REPRESENTATION_CONTEXT ( 3 ) GLOBAL_UNCERTAINTY_ASSIGNED_CONTEXT ( ( #2513 ) ) GLOBAL_UNIT_ASSIGNED_CONTEXT ( ( #3448, #3224, #289 ) ) REPRESENTATION_CONTEXT ( 'NONE', 'WORKASPACE' ) );
#1573 = FACE_OUTER_BOUND ( 'NONE', #2858, .T. ) ;
#1574 = ORIENTED_EDGE ( 'NONE', *, *, #281, .T. ) ;
#1575 = CARTESIAN_POINT ( 'NONE',  ( 0.000000000000000000, -0.9843137254901977995, 2.000000000000000000 ) ) ;
#1576 = VERTEX_POINT ( 'NONE', #3376 ) ;
#1577 = CARTESIAN_POINT ( 'NONE',  ( -1.550000000000000266, -2.000000000000000000, -0.3000000000000001554 ) ) ;
#1578 = DIRECTION ( 'NONE',  ( -1.000000000000000000, 0.000000000000000000, 0.000000000000000000 ) ) ;
#1579 = CARTESIAN_POINT ( 'NONE',  ( 2.550000000000000266, -1.000000000000000000, 1.900000000000000133 ) ) ;
#1580 = EDGE_CURVE ( 'NONE', #1142, #427, #2321, .T. ) ;
#1581 =( NAMED_UNIT ( * ) PLANE_ANGLE_UNIT ( ) SI_UNIT ( $, .RADIAN. ) );
#1582 = DIRECTION ( 'NONE',  ( 0.000000000000000000, -1.000000000000000000, 0.000000000000000000 ) ) ;
#1583 = FILL_AREA_STYLE ('',( #3212 ) ) ;
#1584 = EDGE_CURVE ( 'NONE', #1622, #1223, #684, .T. ) ;
#1585 =( GEOMETRIC_REPRESENTATION_CONTEXT ( 3 ) GLOBAL_UNCERTAINTY_ASSIGNED_CONTEXT ( ( #2561 ) ) GLOBAL_UNIT_ASSIGNED_CONTEXT ( ( #2488, #875, #550 ) ) REPRESENTATION_CONTEXT ( 'NONE', 'WORKASPACE' ) );
#1586 = ADVANCED_FACE ( 'NONE', ( #1512 ), #1714, .F. ) ;
#1587 = LINE ( 'NONE', #1224, #1122 ) ;
#1588 = COLOUR_RGB ( '',0.8627450980392157298, 0.5882352941176470784, 0.06274509803921568540 ) ;
#1589 = DIRECTION ( 'NONE',  ( -1.000000000000000000, 0.000000000000000000, 0.000000000000000000 ) ) ;
#1590 = ORIENTED_EDGE ( 'NONE', *, *, #1038, .T. ) ;
#1591 = EDGE_CURVE ( 'NONE', #1521, #424, #1792, .T. ) ;
#1592 = VERTEX_POINT ( 'NONE', #933 ) ;
#1593 = CARTESIAN_POINT ( 'NONE',  ( 1.499999999999999112, 0.5000000000000001110, 0.1500000000000000500 ) ) ;
#1594 = ORIENTED_EDGE ( 'NONE', *, *, #959, .T. ) ;
#1595 =( NAMED_UNIT ( * ) SI_UNIT ( $, .STERADIAN. ) SOLID_ANGLE_UNIT ( ) );
#1596 = VECTOR ( 'NONE', #153, 1000.000000000000000 ) ;
#1597 = CARTESIAN_POINT ( 'NONE',  ( 0.000000000000000000, 0.000000000000000000, -1.900000000000000133 ) ) ;
#1598 = FACE_OUTER_BOUND ( 'NONE', #2535, .T. ) ;
#1599 = MECHANICAL_DESIGN_GEOMETRIC_PRESENTATION_REPRESENTATION (  '', ( #388 ), #3146 ) ;
#1600 = PLANE ( 'NONE',  #1606 ) ;
#1601 = EDGE_LOOP ( 'NONE', ( #2296, #1786, #2388, #2615, #2754, #1488, #71 ) ) ;
#1602 = DIRECTION ( 'NONE',  ( 0.000000000000000000, 1.000000000000000000, 0.000000000000000000 ) ) ;
#1603 = PRESENTATION_LAYER_ASSIGNMENT (  '', '', ( #710 ) ) ;
#1604 = COLOUR_RGB ( '',0.2862745098039215508, 0.2862745098039215508, 0.2862745098039215508 ) ;
#1605 = LINE ( 'NONE', #3484, #2118 ) ;
#1606 = AXIS2_PLACEMENT_3D ( 'NONE', #1410, #2217, #604 ) ;
#1607 = DIRECTION ( 'NONE',  ( -0.000000000000000000, -0.000000000000000000, 1.000000000000000000 ) ) ;
#1608 = PRESENTATION_LAYER_ASSIGNMENT (  '', '', ( #1176 ) ) ;
#1609 = CARTESIAN_POINT ( 'NONE',  ( -1.500000000000000888, 0.2999999999999999334, 0.6999999999999998446 ) ) ;
#1610 = CARTESIAN_POINT ( 'NONE',  ( -1.550000000000000266, -1.700000000000000178, -0.3000000000000001554 ) ) ;
#1611 = VERTEX_POINT ( 'NONE', #1493 ) ;
#1612 = ORIENTED_EDGE ( 'NONE', *, *, #1553, .F. ) ;
#1613 = VECTOR ( 'NONE', #1180, 1000.000000000000000 ) ;
#1614 = ADVANCED_FACE ( 'NONE', ( #3393 ), #1238, .F. ) ;
#1615 = VECTOR ( 'NONE', #2667, 1000.000000000000000 ) ;
#1616 = CARTESIAN_POINT ( 'NONE',  ( -2.550000000000000266, -2.000000000000000000, -0.3000000000000001554 ) ) ;
#1617 = ORIENTED_EDGE ( 'NONE', *, *, #2612, .F. ) ;
#1618 = DIRECTION ( 'NONE',  ( -0.000000000000000000, -1.000000000000000000, 0.000000000000000000 ) ) ;
#1619 = CARTESIAN_POINT ( 'NONE',  ( 2.550000000000000266, -1.000000000000000000, -1.900000000000000133 ) ) ;
#1620 = CARTESIAN_POINT ( 'NONE',  ( -2.550000000000000266, -1.750000000000000222, -1.100000000000000089 ) ) ;
#1621 = DIRECTION ( 'NONE',  ( 0.000000000000000000, 0.000000000000000000, -1.000000000000000000 ) ) ;
#1622 = VERTEX_POINT ( 'NONE', #1736 ) ;
#1623 = AXIS2_PLACEMENT_3D ( 'NONE', #823, #1372, #2194 ) ;
#1624 = LINE ( 'NONE', #2182, #1305 ) ;
#1625 =( NAMED_UNIT ( * ) PLANE_ANGLE_UNIT ( ) SI_UNIT ( $, .RADIAN. ) );
#1626 = DIRECTION ( 'NONE',  ( 0.000000000000000000, -1.000000000000000000, 0.000000000000000000 ) ) ;
#1627 = CARTESIAN_POINT ( 'NONE',  ( -2.550000000000000266, 0.000000000000000000, 1.900000000000000133 ) ) ;
#1628 = CARTESIAN_POINT ( 'NONE',  ( -1.000000000000000888, 0.000000000000000000, 2.000000000000000000 ) ) ;
#1629 = DIRECTION ( 'NONE',  ( 0.000000000000000000, -1.000000000000000000, 0.000000000000000000 ) ) ;
#1630 = ORIENTED_EDGE ( 'NONE', *, *, #1242, .F. ) ;
#1631 = ORIENTED_EDGE ( 'NONE', *, *, #2121, .F. ) ;
#1632 = EDGE_CURVE ( 'NONE', #2562, #2636, #3134, .T. ) ;
#1633 = DIRECTION ( 'NONE',  ( 0.000000000000000000, 0.7071067811865491270, -0.7071067811865460184 ) ) ;
#1634 = EDGE_LOOP ( 'NONE', ( #1905, #1594, #368 ) ) ;
#1635 = DIRECTION ( 'NONE',  ( -0.000000000000000000, -0.000000000000000000, -1.000000000000000000 ) ) ;
#1636 = ADVANCED_BREP_SHAPE_REPRESENTATION ( 'EE-SX1320', ( #1732, #1813, #1806, #2953, #2936, #127 ), #732 ) ;
#1637 = CARTESIAN_POINT ( 'NONE',  ( -2.550000000000000266, -2.000000000000000000, -1.100000000000000089 ) ) ;
#1638 = DIRECTION ( 'NONE',  ( -0.000000000000000000, -1.000000000000000000, -0.000000000000000000 ) ) ;
#1639 = PLANE ( 'NONE',  #488 ) ;
#1640 =( NAMED_UNIT ( * ) SI_UNIT ( $, .STERADIAN. ) SOLID_ANGLE_UNIT ( ) );
#1641 = PRESENTATION_STYLE_ASSIGNMENT (( #2189 ) ) ;
#1642 = DIRECTION ( 'NONE',  ( 1.000000000000000000, 0.000000000000000000, -0.000000000000000000 ) ) ;
#1643 = PLANE ( 'NONE',  #2078 ) ;
#1644 = DIRECTION ( 'NONE',  ( 0.000000000000000000, 1.000000000000000000, 0.000000000000000000 ) ) ;
#1645 = FACE_OUTER_BOUND ( 'NONE', #3233, .T. ) ;
#1646 = DIRECTION ( 'NONE',  ( 1.000000000000000000, 0.000000000000000000, 0.000000000000000000 ) ) ;
#1647 = PLANE ( 'NONE',  #2005 ) ;
#1648 = EDGE_CURVE ( 'NONE', #893, #756, #2836, .T. ) ;
#1649 = DIRECTION ( 'NONE',  ( -0.000000000000000000, -0.000000000000000000, 1.000000000000000000 ) ) ;
#1650 = FACE_OUTER_BOUND ( 'NONE', #884, .T. ) ;
#1651 = COLOUR_RGB ( '',0.8627450980392157298, 0.5882352941176470784, 0.06274509803921568540 ) ;
#1652 = LINE ( 'NONE', #1401, #3479 ) ;
#1653 = COLOUR_RGB ( '',0.8627450980392157298, 0.5882352941176470784, 0.06274509803921568540 ) ;
#1654 = ADVANCED_FACE ( 'NONE', ( #2300 ), #3263, .T. ) ;
#1655 = CARTESIAN_POINT ( 'NONE',  ( 0.000000000000000000, 0.000000000000000000, 0.3000000000000000444 ) ) ;
#1656 = VECTOR ( 'NONE', #182, 1000.000000000000000 ) ;
#1657 =( LENGTH_UNIT ( ) NAMED_UNIT ( * ) SI_UNIT ( .MILLI., .METRE. ) );
#1658 = CARTESIAN_POINT ( 'NONE',  ( -2.550000000000000266, -1.000000000000000000, -1.900000000000000133 ) ) ;
#1659 = FILL_AREA_STYLE_COLOUR ( '', #1128 ) ;
#1660 = EDGE_LOOP ( 'NONE', ( #348, #2428, #2718, #1519, #1688, #2268, #3053, #3400, #2096, #2475, #2905, #2757, #129, #2661, #1234, #1730, #2414, #1091, #1262, #25 ) ) ;
#1661 = ORIENTED_EDGE ( 'NONE', *, *, #1648, .F. ) ;
#1662 = VECTOR ( 'NONE', #1413, 1000.000000000000000 ) ;
#1663 = CARTESIAN_POINT ( 'NONE',  ( 2.550000000000000266, -2.000000000000000000, -0.3000000000000000444 ) ) ;
#1664 = PLANE ( 'NONE',  #2469 ) ;
#1665 = CARTESIAN_POINT ( 'NONE',  ( 2.250000000000000444, -1.000000000000000000, 0.3000000000000000444 ) ) ;
#1666 = VERTEX_POINT ( 'NONE', #1931 ) ;
#1667 = LINE ( 'NONE', #1412, #1500 ) ;
#1668 = UNCERTAINTY_MEASURE_WITH_UNIT (LENGTH_MEASURE( 1.000000000000000082E-05 ), #519, 'distance_accuracy_value', 'NONE');
#1669 = CARTESIAN_POINT ( 'NONE',  ( -2.550000000000000266, -2.000000000000000000, -0.3000000000000000444 ) ) ;
#1670 = CARTESIAN_POINT ( 'NONE',  ( -2.250000000000000444, -1.000000000000000000, 0.3000000000000001554 ) ) ;
#1671 = STYLED_ITEM ( 'NONE', ( #2126 ), #2120 ) ;
#1672 = EDGE_CURVE ( 'NONE', #789, #2631, #872, .T. ) ;
#1673 = DIRECTION ( 'NONE',  ( -0.000000000000000000, -0.000000000000000000, -1.000000000000000000 ) ) ;
#1674 = ORIENTED_EDGE ( 'NONE', *, *, #1632, .T. ) ;
#1675 = EDGE_LOOP ( 'NONE', ( #1773, #585, #1631, #3132, #1941, #1630 ) ) ;
#1676 = EDGE_CURVE ( 'NONE', #1832, #2525, #2694, .T. ) ;
#1677 = CARTESIAN_POINT ( 'NONE',  ( -1.000000000000000888, -0.7843137254901964006, 2.000000000000000000 ) ) ;
#1678 = DIRECTION ( 'NONE',  ( 1.000000000000000000, 0.000000000000000000, 0.000000000000000000 ) ) ;
#1679 = EDGE_LOOP ( 'NONE', ( #1232, #1870, #20, #3324 ) ) ;
#1680 = ORIENTED_EDGE ( 'NONE', *, *, #2367, .T. ) ;
#1681 = DIRECTION ( 'NONE',  ( -1.000000000000000000, 0.000000000000000000, 0.000000000000000000 ) ) ;
#1682 = CARTESIAN_POINT ( 'NONE',  ( -2.550000000000000266, -1.000000000000000000, 1.900000000000000133 ) ) ;
#1683 = ORIENTED_EDGE ( 'NONE', *, *, #2865, .T. ) ;
#1684 = LINE ( 'NONE', #1966, #3283 ) ;
#1685 =( NAMED_UNIT ( * ) PLANE_ANGLE_UNIT ( ) SI_UNIT ( $, .RADIAN. ) );
#1686 = CARTESIAN_POINT ( 'NONE',  ( 2.250000000000000444, -1.700000000000000178, -1.900000000000000133 ) ) ;
#1687 =( NAMED_UNIT ( * ) SI_UNIT ( $, .STERADIAN. ) SOLID_ANGLE_UNIT ( ) );
#1688 = ORIENTED_EDGE ( 'NONE', *, *, #889, .T. ) ;
#1689 = DIRECTION ( 'NONE',  ( 1.000000000000000000, -0.000000000000000000, -0.000000000000000000 ) ) ;
#1690 = FILL_AREA_STYLE_COLOUR ( '', #1894 ) ;
#1691 = DIRECTION ( 'NONE',  ( 0.000000000000000000, -0.000000000000000000, -1.000000000000000000 ) ) ;
#1692 = EDGE_CURVE ( 'NONE', #3389, #1036, #1148, .T. ) ;
#1693 = ADVANCED_FACE ( 'NONE', ( #2226, #2503 ), #1336, .T. ) ;
#1694 = VERTEX_POINT ( 'NONE', #2714 ) ;
#1695 =( NAMED_UNIT ( * ) SI_UNIT ( $, .STERADIAN. ) SOLID_ANGLE_UNIT ( ) );
#1696 = EDGE_CURVE ( 'NONE', #1800, #555, #1106, .T. ) ;
#1697 = SURFACE_STYLE_FILL_AREA ( #651 ) ;
#1698 = VERTEX_POINT ( 'NONE', #2741 ) ;
#1699 = LINE ( 'NONE', #1961, #2664 ) ;
#1700 = DIRECTION ( 'NONE',  ( -1.000000000000000000, 0.000000000000000000, 0.000000000000000000 ) ) ;
#1701 = EDGE_LOOP ( 'NONE', ( #2339, #945, #1276, #1523 ) ) ;
#1702 = UNCERTAINTY_MEASURE_WITH_UNIT (LENGTH_MEASURE( 1.000000000000000082E-05 ), #1427, 'distance_accuracy_value', 'NONE');
#1703 = CARTESIAN_POINT ( 'NONE',  ( 2.550000000000000266, -2.000000000000000000, 1.100000000000000089 ) ) ;
#1704 = ORIENTED_EDGE ( 'NONE', *, *, #2633, .F. ) ;
#1705 = CARTESIAN_POINT ( 'NONE',  ( 1.224646799147353207E-16, -1.034313725490196401, -1.000000000000000000 ) ) ;
#1706 = AXIS2_PLACEMENT_3D ( 'NONE', #1271, #1205, #1477 ) ;
#1707 = CARTESIAN_POINT ( 'NONE',  ( 1.199999999999998845, 2.000000000000000000, -2.000000000000000000 ) ) ;
#1708 = ORIENTED_EDGE ( 'NONE', *, *, #3335, .T. ) ;
#1709 = FACE_OUTER_BOUND ( 'NONE', #640, .T. ) ;
#1710 = EDGE_LOOP ( 'NONE', ( #1189, #413, #1013, #2682 ) ) ;
#1711 = PRESENTATION_LAYER_ASSIGNMENT (  '', '', ( #542 ) ) ;
#1712 = CARTESIAN_POINT ( 'NONE',  ( -1.500000000000000888, 0.2999999999999999334, 0.6999999999999998446 ) ) ;
#1713 = CARTESIAN_POINT ( 'NONE',  ( 0.000000000000000000, -1.034313725490196401, 0.000000000000000000 ) ) ;
#1714 = PLANE ( 'NONE',  #1952 ) ;
#1715 = ORIENTED_EDGE ( 'NONE', *, *, #1591, .F. ) ;
#1716 = AXIS2_PLACEMENT_3D ( 'NONE', #2247, #892, #1973 ) ;
#1717 = UNCERTAINTY_MEASURE_WITH_UNIT (LENGTH_MEASURE( 1.000000000000000082E-05 ), #3336, 'distance_accuracy_value', 'NONE');
#1718 = ORIENTED_EDGE ( 'NONE', *, *, #2011, .F. ) ;
#1719 = ADVANCED_FACE ( 'NONE', ( #2 ), #1352, .F. ) ;
#1720 = AXIS2_PLACEMENT_3D ( 'NONE', #2921, #1557, #1338 ) ;
#1721 = AXIS2_PLACEMENT_3D ( 'NONE', #32, #1098, #3272 ) ;
#1722 = CARTESIAN_POINT ( 'NONE',  ( 0.000000000000000000, -1.000000000000000000, -1.900000000000000133 ) ) ;
#1723 = ADVANCED_FACE ( 'NONE', ( #2484 ), #1089, .F. ) ;
#1724 = SURFACE_STYLE_USAGE ( .BOTH. , #3365 ) ;
#1725 = ORIENTED_EDGE ( 'NONE', *, *, #817, .F. ) ;
#1726 = DIRECTION ( 'NONE',  ( 0.000000000000000000, 0.000000000000000000, 1.000000000000000000 ) ) ;
#1727 = LINE ( 'NONE', #1139, #1059 ) ;
#1728 = FACE_OUTER_BOUND ( 'NONE', #1415, .T. ) ;
#1729 = PRESENTATION_STYLE_ASSIGNMENT (( #1231 ) ) ;
#1730 = ORIENTED_EDGE ( 'NONE', *, *, #1487, .F. ) ;
#1731 = CARTESIAN_POINT ( 'NONE',  ( 2.550000000000000266, -2.000000000000000000, 1.900000000000000133 ) ) ;
#1732 = MANIFOLD_SOLID_BREP ( 'Cut-Revolve1', #3443 ) ;
#1733 = PRESENTATION_LAYER_ASSIGNMENT (  '', '', ( #2030 ) ) ;
#1734 = FILL_AREA_STYLE_COLOUR ( '', #813 ) ;
#1735 = SURFACE_STYLE_FILL_AREA ( #379 ) ;
#1736 = CARTESIAN_POINT ( 'NONE',  ( 1.550000000000000266, -1.700000000000000178, 1.900000000000000133 ) ) ;
#1737 = ORIENTED_EDGE ( 'NONE', *, *, #2932, .T. ) ;
#1738 = CARTESIAN_POINT ( 'NONE',  ( 2.550000000000000266, 0.000000000000000000, -1.900000000000000133 ) ) ;
#1739 = PLANE ( 'NONE',  #1441 ) ;
#1740 = EDGE_CURVE ( 'NONE', #2430, #1436, #567, .T. ) ;
#1741 = CARTESIAN_POINT ( 'NONE',  ( -1.550000000000000266, -2.000000000000000000, 1.900000000000000133 ) ) ;
#1742 = APPLICATION_CONTEXT ( 'automotive_design' ) ;
#1743 =( NAMED_UNIT ( * ) SI_UNIT ( $, .STERADIAN. ) SOLID_ANGLE_UNIT ( ) );
#1744 = EDGE_CURVE ( 'NONE', #144, #2873, #3274, .T. ) ;
#1745 = EDGE_CURVE ( 'NONE', #2525, #1036, #812, .T. ) ;
#1746 = EDGE_LOOP ( 'NONE', ( #3186, #2670, #3091, #1994 ) ) ;
#1747 = CARTESIAN_POINT ( 'NONE',  ( -2.550000000000000266, 0.000000000000000000, 0.3000000000000000444 ) ) ;
#1748 = CLOSED_SHELL ( 'NONE', ( #2948, #1280, #251, #3216, #61, #1693, #2616, #2548, #3266, #3126, #1079, #1723, #2384, #934, #2063, #602, #1586, #2044, #486, #67, #1465, #1126, #1034, #3221, #3183, #1130, #1363, #3379, #628, #3397, #321, #1379, #1470, #2722, #984, #724, #342, #2086, #2760, #1525, #3262, #1237, #1719, #690, #975, #3419, #608, #1301, #858, #649, #545, #152, #3108, #1179 ) ) ;
#1749 =( LENGTH_UNIT ( ) NAMED_UNIT ( * ) SI_UNIT ( .MILLI., .METRE. ) );
#1750 = VERTEX_POINT ( 'NONE', #1892 ) ;
#1751 = DIRECTION ( 'NONE',  ( 1.000000000000000000, -0.000000000000000000, -0.000000000000000000 ) ) ;
#1752 = VERTEX_POINT ( 'NONE', #2986 ) ;
#1753 = DIRECTION ( 'NONE',  ( 0.000000000000000000, 0.000000000000000000, -1.000000000000000000 ) ) ;
#1754 = DIRECTION ( 'NONE',  ( 0.000000000000000000, -1.000000000000000000, 0.000000000000000000 ) ) ;
#1755 = CIRCLE ( 'NONE', #247, 0.2499999999999998890 ) ;
#1756 = CARTESIAN_POINT ( 'NONE',  ( -2.550000000000000266, -2.000000000000000000, 1.900000000000000133 ) ) ;
#1757 = SURFACE_STYLE_USAGE ( .BOTH. , #685 ) ;
#1758 = DIRECTION ( 'NONE',  ( -1.000000000000000000, 0.000000000000000000, 0.000000000000000000 ) ) ;
#1759 = FILL_AREA_STYLE_COLOUR ( '', #501 ) ;
#1760 = DIRECTION ( 'NONE',  ( -0.000000000000000000, -0.000000000000000000, -1.000000000000000000 ) ) ;
#1761 = AXIS2_PLACEMENT_3D ( 'NONE', #328, #21, #2445 ) ;
#1762 =( NAMED_UNIT ( * ) PLANE_ANGLE_UNIT ( ) SI_UNIT ( $, .RADIAN. ) );
#1763 = AXIS2_PLACEMENT_3D ( 'NONE', #2945, #2419, #1816 ) ;
#1764 = PRESENTATION_STYLE_ASSIGNMENT (( #423 ) ) ;
#1765 = ORIENTED_EDGE ( 'NONE', *, *, #613, .F. ) ;
#1766 = DIRECTION ( 'NONE',  ( 0.000000000000000000, -1.000000000000000000, 0.000000000000000000 ) ) ;
#1767 = VECTOR ( 'NONE', #1824, 1000.000000000000000 ) ;
#1768 = EDGE_CURVE ( 'NONE', #2894, #1496, #2947, .T. ) ;
#1769 = AXIS2_PLACEMENT_3D ( 'NONE', #1143, #2426, #345 ) ;
#1770 = DIRECTION ( 'NONE',  ( 1.000000000000000000, 0.000000000000000000, 0.000000000000000000 ) ) ;
#1771 = VERTEX_POINT ( 'NONE', #15 ) ;
#1772 = DIRECTION ( 'NONE',  ( 0.000000000000000000, 0.000000000000000000, -1.000000000000000000 ) ) ;
#1773 = ORIENTED_EDGE ( 'NONE', *, *, #2995, .F. ) ;
#1774 = ADVANCED_FACE ( 'NONE', ( #844 ), #1049, .T. ) ;
#1775 = LINE ( 'NONE', #3354, #1596 ) ;
#1776 = CARTESIAN_POINT ( 'NONE',  ( 2.549999999999998934, 2.000000000000000000, -2.000000000000000000 ) ) ;
#1777 = LINE ( 'NONE', #136, #3472 ) ;
#1778 = VECTOR ( 'NONE', #2392, 1000.000000000000000 ) ;
#1779 =( NAMED_UNIT ( * ) PLANE_ANGLE_UNIT ( ) SI_UNIT ( $, .RADIAN. ) );
#1780 = VERTEX_POINT ( 'NONE', #2130 ) ;
#1781 = VECTOR ( 'NONE', #2635, 1000.000000000000000 ) ;
#1782 = FILL_AREA_STYLE_COLOUR ( '', #110 ) ;
#1783 = ORIENTED_EDGE ( 'NONE', *, *, #2234, .T. ) ;
#1784 = DIRECTION ( 'NONE',  ( -0.000000000000000000, -0.000000000000000000, -1.000000000000000000 ) ) ;
#1785 = ORIENTED_EDGE ( 'NONE', *, *, #132, .T. ) ;
#1786 = ORIENTED_EDGE ( 'NONE', *, *, #1745, .F. ) ;
#1787 = EDGE_CURVE ( 'NONE', #2641, #2636, #2738, .T. ) ;
#1788 = MECHANICAL_DESIGN_GEOMETRIC_PRESENTATION_REPRESENTATION (  '', ( #1511 ), #1398 ) ;
#1789 = LINE ( 'NONE', #2624, #873 ) ;
#1790 = SPHERICAL_SURFACE ( 'NONE', #2477, 0.2499999999999998890 ) ;
#1791 = VECTOR ( 'NONE', #2237, 1000.000000000000000 ) ;
#1792 = LINE ( 'NONE', #1756, #946 ) ;
#1793 = UNCERTAINTY_MEASURE_WITH_UNIT (LENGTH_MEASURE( 1.000000000000000082E-05 ), #1226, 'distance_accuracy_value', 'NONE');
#1794 = EDGE_CURVE ( 'NONE', #1178, #2768, #2476, .T. ) ;
#1795 = ORIENTED_EDGE ( 'NONE', *, *, #693, .F. ) ;
#1796 =( GEOMETRIC_REPRESENTATION_CONTEXT ( 3 ) GLOBAL_UNCERTAINTY_ASSIGNED_CONTEXT ( ( #1825 ) ) GLOBAL_UNIT_ASSIGNED_CONTEXT ( ( #3476, #1922, #87 ) ) REPRESENTATION_CONTEXT ( 'NONE', 'WORKASPACE' ) );
#1797 = PRODUCT_DEFINITION_FORMATION_WITH_SPECIFIED_SOURCE ( 'ANY', '', #2662, .NOT_KNOWN. ) ;
#1798 = EDGE_LOOP ( 'NONE', ( #2408, #1131, #197 ) ) ;
#1799 = CARTESIAN_POINT ( 'NONE',  ( -1.550000000000000266, -1.700000000000000178, 1.900000000000000133 ) ) ;
#1800 = VERTEX_POINT ( 'NONE', #1365 ) ;
#1801 = CARTESIAN_POINT ( 'NONE',  ( 0.9999999999999991118, 0.000000000000000000, -1.799999999999999600 ) ) ;
#1802 = ORIENTED_EDGE ( 'NONE', *, *, #1005, .T. ) ;
#1803 = ORIENTED_EDGE ( 'NONE', *, *, #1491, .F. ) ;
#1804 =( NAMED_UNIT ( * ) PLANE_ANGLE_UNIT ( ) SI_UNIT ( $, .RADIAN. ) );
#1805 = DIRECTION ( 'NONE',  ( -0.000000000000000000, -0.000000000000000000, -1.000000000000000000 ) ) ;
#1806 = MANIFOLD_SOLID_BREP ( 'Mirror2[2]', #2328 ) ;
#1807 = EDGE_CURVE ( 'NONE', #3382, #2378, #904, .T. ) ;
#1808 = LINE ( 'NONE', #2904, #1045 ) ;
#1809 = ORIENTED_EDGE ( 'NONE', *, *, #1969, .F. ) ;
#1810 = VECTOR ( 'NONE', #2352, 1000.000000000000000 ) ;
#1811 = ORIENTED_EDGE ( 'NONE', *, *, #3415, .F. ) ;
#1812 = EDGE_CURVE ( 'NONE', #123, #1506, #35, .T. ) ;
#1813 = MANIFOLD_SOLID_BREP ( 'Mirror2[1]', #419 ) ;
#1814 = LINE ( 'NONE', #2360, #1050 ) ;
#1815 = ORIENTED_EDGE ( 'NONE', *, *, #795, .T. ) ;
#1816 = DIRECTION ( 'NONE',  ( 0.000000000000000000, -0.000000000000000000, -1.000000000000000000 ) ) ;
#1817 = ORIENTED_EDGE ( 'NONE', *, *, #2611, .T. ) ;
#1818 =( GEOMETRIC_REPRESENTATION_CONTEXT ( 3 ) GLOBAL_UNCERTAINTY_ASSIGNED_CONTEXT ( ( #2900 ) ) GLOBAL_UNIT_ASSIGNED_CONTEXT ( ( #592, #362, #2785 ) ) REPRESENTATION_CONTEXT ( 'NONE', 'WORKASPACE' ) );
#1819 = CARTESIAN_POINT ( 'NONE',  ( 2.250000000000000444, -1.700000000000000178, -1.900000000000000133 ) ) ;
#1820 = ORIENTED_EDGE ( 'NONE', *, *, #1058, .F. ) ;
#1821 = STYLED_ITEM ( 'NONE', ( #680 ), #482 ) ;
#1822 = MECHANICAL_DESIGN_GEOMETRIC_PRESENTATION_REPRESENTATION (  '', ( #156 ), #2400 ) ;
#1823 = DIRECTION ( 'NONE',  ( 1.000000000000000000, 0.000000000000000000, 0.000000000000000000 ) ) ;
#1824 = DIRECTION ( 'NONE',  ( -0.000000000000000000, -0.000000000000000000, -1.000000000000000000 ) ) ;
#1825 = UNCERTAINTY_MEASURE_WITH_UNIT (LENGTH_MEASURE( 1.000000000000000082E-05 ), #3476, 'distance_accuracy_value', 'NONE');
#1826 = CARTESIAN_POINT ( 'NONE',  ( 2.250000000000000444, -1.700000000000000178, 1.900000000000000133 ) ) ;
#1827 = ORIENTED_EDGE ( 'NONE', *, *, #1409, .T. ) ;
#1828 = EDGE_CURVE ( 'NONE', #2233, #2704, #3093, .T. ) ;
#1829 = COLOUR_RGB ( '',0.8627450980392157298, 0.5882352941176470784, 0.06274509803921568540 ) ;
#1830 = PRESENTATION_LAYER_ASSIGNMENT (  '', '', ( #388 ) ) ;
#1831 = CARTESIAN_POINT ( 'NONE',  ( -2.550000000000000266, 0.000000000000000000, -1.900000000000000133 ) ) ;
#1832 = VERTEX_POINT ( 'NONE', #637 ) ;
#1833 = EDGE_CURVE ( 'NONE', #2781, #3277, #658, .T. ) ;
#1834 = CARTESIAN_POINT ( 'NONE',  ( -2.250000000000000444, -1.700000000000000178, 0.3000000000000000444 ) ) ;
#1835 =( GEOMETRIC_REPRESENTATION_CONTEXT ( 3 ) GLOBAL_UNCERTAINTY_ASSIGNED_CONTEXT ( ( #3321 ) ) GLOBAL_UNIT_ASSIGNED_CONTEXT ( ( #2480, #543, #780 ) ) REPRESENTATION_CONTEXT ( 'NONE', 'WORKASPACE' ) );
#1836 = SURFACE_SIDE_STYLE ('',( #472 ) ) ;
#1837 = FACE_OUTER_BOUND ( 'NONE', #2084, .T. ) ;
#1838 = PRESENTATION_LAYER_ASSIGNMENT (  '', '', ( #3375 ) ) ;
#1839 = DIRECTION ( 'NONE',  ( 0.000000000000000000, 0.000000000000000000, -1.000000000000000000 ) ) ;
#1840 = CARTESIAN_POINT ( 'NONE',  ( 2.250000000000000444, 0.000000000000000000, 1.900000000000000133 ) ) ;
#1841 = CIRCLE ( 'NONE', #2026, 0.2499999999999997780 ) ;
#1842 = LINE ( 'NONE', #673, #670 ) ;
#1843 = DIRECTION ( 'NONE',  ( 0.000000000000000000, 1.000000000000000000, 0.000000000000000000 ) ) ;
#1844 = ORIENTED_EDGE ( 'NONE', *, *, #3225, .F. ) ;
#1845 = ORIENTED_EDGE ( 'NONE', *, *, #3086, .T. ) ;
#1846 = EDGE_CURVE ( 'NONE', #3215, #2994, #1727, .T. ) ;
#1847 = DIRECTION ( 'NONE',  ( 0.000000000000000000, -1.000000000000000000, 0.000000000000000000 ) ) ;
#1848 = ORIENTED_EDGE ( 'NONE', *, *, #2829, .F. ) ;
#1849 = FILL_AREA_STYLE_COLOUR ( '', #292 ) ;
#1850 = EDGE_CURVE ( 'NONE', #238, #3097, #2795, .T. ) ;
#1851 = EDGE_CURVE ( 'NONE', #3382, #282, #3369, .T. ) ;
#1852 = LINE ( 'NONE', #1329, #2820 ) ;
#1853 = ORIENTED_EDGE ( 'NONE', *, *, #229, .T. ) ;
#1854 = DIRECTION ( 'NONE',  ( 1.000000000000000000, 0.000000000000000000, 0.000000000000000000 ) ) ;
#1855 = SPHERICAL_SURFACE ( 'NONE', #1135, 0.2499999999999998890 ) ;
#1856 = SURFACE_SIDE_STYLE ('',( #561 ) ) ;
#1857 = DIRECTION ( 'NONE',  ( 0.5773502691896265082, -0.5773502691896265082, 0.5773502691896241767 ) ) ;
#1858 = SURFACE_SIDE_STYLE ('',( #1555 ) ) ;
#1859 = LINE ( 'NONE', #271, #272 ) ;
#1860 = FACE_OUTER_BOUND ( 'NONE', #3430, .T. ) ;
#1861 = VERTEX_POINT ( 'NONE', #1705 ) ;
#1862 = EDGE_LOOP ( 'NONE', ( #1928, #1795, #2773, #853 ) ) ;
#1863 = CARTESIAN_POINT ( 'NONE',  ( -2.550000000000000266, -2.000000000000000000, 2.000000000000000000 ) ) ;
#1864 = VERTEX_POINT ( 'NONE', #341 ) ;
#1865 = SURFACE_STYLE_USAGE ( .BOTH. , #51 ) ;
#1866 = AXIS2_PLACEMENT_3D ( 'NONE', #2692, #202, #740 ) ;
#1867 =( LENGTH_UNIT ( ) NAMED_UNIT ( * ) SI_UNIT ( .MILLI., .METRE. ) );
#1868 = DIRECTION ( 'NONE',  ( -0.000000000000000000, 1.000000000000000000, -0.000000000000000000 ) ) ;
#1869 = PLANE ( 'NONE',  #3042 ) ;
#1870 = ORIENTED_EDGE ( 'NONE', *, *, #2860, .F. ) ;
#1871 = CARTESIAN_POINT ( 'NONE',  ( -2.550000000000000266, -2.000000000000000000, 2.000000000000000000 ) ) ;
#1872 = EDGE_CURVE ( 'NONE', #1287, #144, #947, .T. ) ;
#1873 = COLOUR_RGB ( '',0.2862745098039215508, 0.2862745098039215508, 0.2862745098039215508 ) ;
#1874 = DIRECTION ( 'NONE',  ( -0.000000000000000000, -0.000000000000000000, 1.000000000000000000 ) ) ;
#1875 =( NAMED_UNIT ( * ) SI_UNIT ( $, .STERADIAN. ) SOLID_ANGLE_UNIT ( ) );
#1876 = DIRECTION ( 'NONE',  ( 0.000000000000000000, -1.000000000000000000, 0.000000000000000000 ) ) ;
#1877 = EDGE_CURVE ( 'NONE', #2983, #694, #1652, .T. ) ;
#1878 = CARTESIAN_POINT ( 'NONE',  ( 0.000000000000000000, -1.034313725490196401, 1.000000000000000000 ) ) ;
#1879 = SURFACE_STYLE_FILL_AREA ( #800 ) ;
#1880 = ORIENTED_EDGE ( 'NONE', *, *, #2903, .T. ) ;
#1881 = ORIENTED_EDGE ( 'NONE', *, *, #586, .T. ) ;
#1882 = DIRECTION ( 'NONE',  ( -1.000000000000000000, 0.000000000000000000, -0.000000000000000000 ) ) ;
#1883 = VERTEX_POINT ( 'NONE', #2495 ) ;
#1884 =( NAMED_UNIT ( * ) PLANE_ANGLE_UNIT ( ) SI_UNIT ( $, .RADIAN. ) );
#1885 = VECTOR ( 'NONE', #410, 1000.000000000000000 ) ;
#1886 = SURFACE_SIDE_STYLE ('',( #1044 ) ) ;
#1887 =( LENGTH_UNIT ( ) NAMED_UNIT ( * ) SI_UNIT ( .MILLI., .METRE. ) );
#1888 = CIRCLE ( 'NONE', #2749, 0.2500000000000000000 ) ;
#1889 = DIRECTION ( 'NONE',  ( 0.000000000000000000, -1.000000000000000000, -1.548860246407863583E-16 ) ) ;
#1890 = ORIENTED_EDGE ( 'NONE', *, *, #586, .F. ) ;
#1891 = LINE ( 'NONE', #2934, #1076 ) ;
#1892 = CARTESIAN_POINT ( 'NONE',  ( -1.000000000000000888, -0.7843137254901964006, 0.000000000000000000 ) ) ;
#1893 =( GEOMETRIC_REPRESENTATION_CONTEXT ( 3 ) GLOBAL_UNCERTAINTY_ASSIGNED_CONTEXT ( ( #1702 ) ) GLOBAL_UNIT_ASSIGNED_CONTEXT ( ( #1427, #143, #1743 ) ) REPRESENTATION_CONTEXT ( 'NONE', 'WORKASPACE' ) );
#1894 = COLOUR_RGB ( '',0.2862745098039215508, 0.2862745098039215508, 0.2862745098039215508 ) ;
#1895 = CIRCLE ( 'NONE', #2819, 0.2499999999999998890 ) ;
#1896 = CARTESIAN_POINT ( 'NONE',  ( 2.550000000000000266, -2.000000000000000000, -0.8500000000000001998 ) ) ;
#1897 = CARTESIAN_POINT ( 'NONE',  ( -2.250000000000000444, -1.700000000000000178, -0.3000000000000001554 ) ) ;
#1898 = CARTESIAN_POINT ( 'NONE',  ( -2.550000000000000266, -2.000000000000000000, 0.8500000000000001998 ) ) ;
#1899 = EDGE_CURVE ( 'NONE', #2434, #827, #75, .T. ) ;
#1900 = DIRECTION ( 'NONE',  ( 1.000000000000000000, 0.000000000000000000, 0.000000000000000000 ) ) ;
#1901 = AXIS2_PLACEMENT_3D ( 'NONE', #2418, #2269, #630 ) ;
#1902 = DIRECTION ( 'NONE',  ( 0.000000000000000000, -1.000000000000000000, 0.000000000000000000 ) ) ;
#1903 = EDGE_CURVE ( 'NONE', #3367, #302, #2515, .T. ) ;
#1904 = LINE ( 'NONE', #838, #1151 ) ;
#1905 = ORIENTED_EDGE ( 'NONE', *, *, #2383, .F. ) ;
#1906 = EDGE_LOOP ( 'NONE', ( #646, #4, #3281, #2108 ) ) ;
#1907 = DIRECTION ( 'NONE',  ( 0.000000000000000000, -0.000000000000000000, -1.000000000000000000 ) ) ;
#1908 = EDGE_LOOP ( 'NONE', ( #3421, #315, #3157, #2048, #3199, #8, #397 ) ) ;
#1909 = SURFACE_SIDE_STYLE ('',( #831 ) ) ;
#1910 = DIRECTION ( 'NONE',  ( 1.000000000000000000, 0.000000000000000000, -0.000000000000000000 ) ) ;
#1911 = FACE_OUTER_BOUND ( 'NONE', #737, .T. ) ;
#1912 = EDGE_LOOP ( 'NONE', ( #2556, #983, #532, #2842 ) ) ;
#1913 =( NAMED_UNIT ( * ) PLANE_ANGLE_UNIT ( ) SI_UNIT ( $, .RADIAN. ) );
#1914 = DIRECTION ( 'NONE',  ( 0.000000000000000000, 0.000000000000000000, -1.000000000000000000 ) ) ;
#1915 = PLANE ( 'NONE',  #1162 ) ;
#1916 =( NAMED_UNIT ( * ) PLANE_ANGLE_UNIT ( ) SI_UNIT ( $, .RADIAN. ) );
#1917 = DIRECTION ( 'NONE',  ( -0.000000000000000000, 0.000000000000000000, 1.000000000000000000 ) ) ;
#1918 = LINE ( 'NONE', #1395, #674 ) ;
#1919 = ORIENTED_EDGE ( 'NONE', *, *, #1899, .F. ) ;
#1920 = EDGE_CURVE ( 'NONE', #590, #2717, #1841, .T. ) ;
#1921 = CARTESIAN_POINT ( 'NONE',  ( 0.000000000000000000, -0.9843137254901960231, -2.000000000000000000 ) ) ;
#1922 =( NAMED_UNIT ( * ) PLANE_ANGLE_UNIT ( ) SI_UNIT ( $, .RADIAN. ) );
#1923 = EDGE_CURVE ( 'NONE', #2333, #1558, #374, .T. ) ;
#1924 = CARTESIAN_POINT ( 'NONE',  ( -2.250000000000000444, -1.700000000000000178, -1.900000000000000133 ) ) ;
#1925 = ORIENTED_EDGE ( 'NONE', *, *, #2613, .F. ) ;
#1926 =( LENGTH_UNIT ( ) NAMED_UNIT ( * ) SI_UNIT ( .MILLI., .METRE. ) );
#1927 = FACE_OUTER_BOUND ( 'NONE', #681, .T. ) ;
#1928 = ORIENTED_EDGE ( 'NONE', *, *, #882, .T. ) ;
#1929 = DIRECTION ( 'NONE',  ( 0.000000000000000000, 1.000000000000000000, 0.000000000000000000 ) ) ;
#1930 = VERTEX_POINT ( 'NONE', #396 ) ;
#1931 = CARTESIAN_POINT ( 'NONE',  ( 2.250000000000000444, -1.700000000000000178, -0.3000000000000000444 ) ) ;
#1932 = CARTESIAN_POINT ( 'NONE',  ( -1.550000000000000266, -2.000000000000000000, -1.900000000000000133 ) ) ;
#1933 = CARTESIAN_POINT ( 'NONE',  ( 1.550000000000000266, -2.000000000000000000, 0.3000000000000000444 ) ) ;
#1934 = ORIENTED_EDGE ( 'NONE', *, *, #609, .F. ) ;
#1935 = MECHANICAL_DESIGN_GEOMETRIC_PRESENTATION_REPRESENTATION (  '', ( #2460 ), #1818 ) ;
#1936 = EDGE_CURVE ( 'NONE', #316, #2772, #131, .T. ) ;
#1937 = DIRECTION ( 'NONE',  ( -0.000000000000000000, -0.000000000000000000, -1.000000000000000000 ) ) ;
#1938 = DIRECTION ( 'NONE',  ( 0.000000000000000000, 0.000000000000000000, 1.000000000000000000 ) ) ;
#1939 = VECTOR ( 'NONE', #3106, 1000.000000000000000 ) ;
#1940 = DIRECTION ( 'NONE',  ( 0.000000000000000000, 0.000000000000000000, 1.000000000000000000 ) ) ;
#1941 = ORIENTED_EDGE ( 'NONE', *, *, #510, .F. ) ;
#1942 = EDGE_CURVE ( 'NONE', #2508, #2430, #471, .T. ) ;
#1943 = DIRECTION ( 'NONE',  ( 0.000000000000000000, 0.000000000000000000, 1.000000000000000000 ) ) ;
#1944 = VECTOR ( 'NONE', #1181, 1000.000000000000000 ) ;
#1945 = SURFACE_STYLE_USAGE ( .BOTH. , #3041 ) ;
#1946 = CARTESIAN_POINT ( 'NONE',  ( -2.550000000000000266, -2.000000000000000000, 1.100000000000000089 ) ) ;
#1947 = LINE ( 'NONE', #1387, #257 ) ;
#1948 = ORIENTED_EDGE ( 'NONE', *, *, #1744, .F. ) ;
#1949 = VERTEX_POINT ( 'NONE', #1532 ) ;
#1950 = CIRCLE ( 'NONE', #2411, 0.2499999999999998890 ) ;
#1951 = STYLED_ITEM ( 'NONE', ( #3007 ), #2936 ) ;
#1952 = AXIS2_PLACEMENT_3D ( 'NONE', #3151, #722, #2559 ) ;
#1953 = DIRECTION ( 'NONE',  ( 1.000000000000000000, 0.000000000000000000, 0.000000000000000000 ) ) ;
#1954 = CIRCLE ( 'NONE', #1282, 1.000000000000000000 ) ;
#1955 = CARTESIAN_POINT ( 'NONE',  ( 2.250000000000000444, -1.000000000000000000, -0.3000000000000001554 ) ) ;
#1956 =( NAMED_UNIT ( * ) PLANE_ANGLE_UNIT ( ) SI_UNIT ( $, .RADIAN. ) );
#1957 = ORIENTED_EDGE ( 'NONE', *, *, #2236, .F. ) ;
#1958 =( GEOMETRIC_REPRESENTATION_CONTEXT ( 3 ) GLOBAL_UNCERTAINTY_ASSIGNED_CONTEXT ( ( #1193 ) ) GLOBAL_UNIT_ASSIGNED_CONTEXT ( ( #2235, #1462, #2255 ) ) REPRESENTATION_CONTEXT ( 'NONE', 'WORKASPACE' ) );
#1959 = DIRECTION ( 'NONE',  ( 0.000000000000000000, 1.000000000000000000, 0.000000000000000000 ) ) ;
#1960 = VECTOR ( 'NONE', #2584, 1000.000000000000000 ) ;
#1961 = CARTESIAN_POINT ( 'NONE',  ( 2.550000000000000266, -1.000000000000000000, 1.900000000000000133 ) ) ;
#1962 = EDGE_CURVE ( 'NONE', #2894, #1949, #3402, .T. ) ;
#1963 = SPHERICAL_SURFACE ( 'NONE', #2543, 0.2499999999999998890 ) ;
#1964 = VERTEX_POINT ( 'NONE', #1549 ) ;
#1965 = UNCERTAINTY_MEASURE_WITH_UNIT (LENGTH_MEASURE( 1.000000000000000082E-05 ), #126, 'distance_accuracy_value', 'NONE');
#1966 = CARTESIAN_POINT ( 'NONE',  ( -1.000000000000000888, -0.7843137254901964006, 2.000000000000000000 ) ) ;
#1967 = DIRECTION ( 'NONE',  ( -1.000000000000000000, 0.000000000000000000, 0.000000000000000000 ) ) ;
#1968 = AXIS2_PLACEMENT_3D ( 'NONE', #2472, #1308, #1346 ) ;
#1969 = EDGE_CURVE ( 'NONE', #2545, #2097, #966, .T. ) ;
#1970 = DIRECTION ( 'NONE',  ( 0.7071067811865489050, -0.000000000000000000, 0.7071067811865460184 ) ) ;
#1971 = FILL_AREA_STYLE_COLOUR ( '', #2057 ) ;
#1972 = ORIENTED_EDGE ( 'NONE', *, *, #3330, .T. ) ;
#1973 = DIRECTION ( 'NONE',  ( 0.000000000000000000, -0.000000000000000000, -1.000000000000000000 ) ) ;
#1974 = ADVANCED_FACE ( 'NONE', ( #2362 ), #1230, .F. ) ;
#1975 = DIRECTION ( 'NONE',  ( -0.000000000000000000, 0.000000000000000000, -1.000000000000000000 ) ) ;
#1976 = ORIENTED_EDGE ( 'NONE', *, *, #1442, .F. ) ;
#1977 = UNCERTAINTY_MEASURE_WITH_UNIT (LENGTH_MEASURE( 1.000000000000000082E-05 ), #1215, 'distance_accuracy_value', 'NONE');
#1978 = ORIENTED_EDGE ( 'NONE', *, *, #1107, .F. ) ;
#1979 = AXIS2_PLACEMENT_3D ( 'NONE', #1637, #1602, #1914 ) ;
#1980 = FILL_AREA_STYLE_COLOUR ( '', #2706 ) ;
#1981 = ORIENTED_EDGE ( 'NONE', *, *, #2485, .F. ) ;
#1982 = CARTESIAN_POINT ( 'NONE',  ( 0.9999999999999991118, -0.7843137254901964006, 0.000000000000000000 ) ) ;
#1983 = CARTESIAN_POINT ( 'NONE',  ( -2.250000000000000444, -1.700000000000000178, 1.900000000000000133 ) ) ;
#1984 = DIRECTION ( 'NONE',  ( 0.000000000000000000, 1.000000000000000000, 0.000000000000000000 ) ) ;
#1985 =( LENGTH_UNIT ( ) NAMED_UNIT ( * ) SI_UNIT ( .MILLI., .METRE. ) );
#1986 = EDGE_LOOP ( 'NONE', ( #3371, #3459, #1475, #2389 ) ) ;
#1987 = PRESENTATION_STYLE_ASSIGNMENT (( #446 ) ) ;
#1988 = ORIENTED_EDGE ( 'NONE', *, *, #978, .T. ) ;
#1989 = AXIS2_PLACEMENT_3D ( 'NONE', #2536, #635, #1943 ) ;
#1990 =( NAMED_UNIT ( * ) PLANE_ANGLE_UNIT ( ) SI_UNIT ( $, .RADIAN. ) );
#1991 = DIRECTION ( 'NONE',  ( 0.000000000000000000, 0.000000000000000000, 1.000000000000000000 ) ) ;
#1992 = ORIENTED_EDGE ( 'NONE', *, *, #2139, .T. ) ;
#1993 = EDGE_CURVE ( 'NONE', #827, #1174, #198, .T. ) ;
#1994 = ORIENTED_EDGE ( 'NONE', *, *, #1442, .T. ) ;
#1995 = SURFACE_SIDE_STYLE ('',( #2158 ) ) ;
#1996 = AXIS2_PLACEMENT_3D ( 'NONE', #2675, #2163, #1120 ) ;
#1997 = SURFACE_STYLE_FILL_AREA ( #1397 ) ;
#1998 = PRESENTATION_STYLE_ASSIGNMENT (( #632 ) ) ;
#1999 = VECTOR ( 'NONE', #1673, 1000.000000000000000 ) ;
#2000 = CARTESIAN_POINT ( 'NONE',  ( 0.9999999999999991118, 2.000000000000000000, 2.000000000000000000 ) ) ;
#2001 = DIRECTION ( 'NONE',  ( 0.000000000000000000, -0.000000000000000000, 1.000000000000000000 ) ) ;
#2002 = LINE ( 'NONE', #74, #2276 ) ;
#2003 = VECTOR ( 'NONE', #2876, 1000.000000000000000 ) ;
#2004 = LINE ( 'NONE', #1469, #1885 ) ;
#2005 = AXIS2_PLACEMENT_3D ( 'NONE', #2751, #2493, #70 ) ;
#2006 = SURFACE_STYLE_FILL_AREA ( #929 ) ;
#2007 = VERTEX_POINT ( 'NONE', #3113 ) ;
#2008 = ORIENTED_EDGE ( 'NONE', *, *, #408, .F. ) ;
#2009 = PRESENTATION_LAYER_ASSIGNMENT (  '', '', ( #2648 ) ) ;
#2010 =( NAMED_UNIT ( * ) PLANE_ANGLE_UNIT ( ) SI_UNIT ( $, .RADIAN. ) );
#2011 = EDGE_CURVE ( 'NONE', #1800, #461, #679, .T. ) ;
#2012 = LINE ( 'NONE', #3103, #2975 ) ;
#2013 = ORIENTED_EDGE ( 'NONE', *, *, #3477, .T. ) ;
#2014 = VECTOR ( 'NONE', #212, 1000.000000000000000 ) ;
#2015 = ORIENTED_EDGE ( 'NONE', *, *, #3122, .F. ) ;
#2016 = VECTOR ( 'NONE', #2059, 1000.000000000000000 ) ;
#2017 = MECHANICAL_DESIGN_GEOMETRIC_PRESENTATION_REPRESENTATION (  '', ( #1108 ), #2595 ) ;
#2018 = AXIS2_PLACEMENT_3D ( 'NONE', #2771, #837, #1917 ) ;
#2019 = EDGE_CURVE ( 'NONE', #848, #1964, #3129, .T. ) ;
#2020 = CARTESIAN_POINT ( 'NONE',  ( -2.550000000000000266, -2.000000000000000000, -1.350000000000000089 ) ) ;
#2021 = CARTESIAN_POINT ( 'NONE',  ( 2.250000000000000444, 0.000000000000000000, -1.900000000000000133 ) ) ;
#2022 = MECHANICAL_DESIGN_GEOMETRIC_PRESENTATION_REPRESENTATION (  '', ( #828 ), #1958 ) ;
#2023 = EDGE_LOOP ( 'NONE', ( #459, #361, #1811, #2956, #78, #1000 ) ) ;
#2024 = CARTESIAN_POINT ( 'NONE',  ( -1.500000000000000888, 0.2999999999999999334, 0.6999999999999998446 ) ) ;
#2025 = CARTESIAN_POINT ( 'NONE',  ( 2.550000000000000266, -2.000000000000000000, 1.350000000000000089 ) ) ;
#2026 = AXIS2_PLACEMENT_3D ( 'NONE', #3311, #886, #1967 ) ;
#2027 =( NAMED_UNIT ( * ) SI_UNIT ( $, .STERADIAN. ) SOLID_ANGLE_UNIT ( ) );
#2028 = DIRECTION ( 'NONE',  ( 0.000000000000000000, 1.000000000000000000, 0.000000000000000000 ) ) ;
#2029 = VERTEX_POINT ( 'NONE', #2330 ) ;
#2030 = STYLED_ITEM ( 'NONE', ( #3187 ), #2191 ) ;
#2031 = VECTOR ( 'NONE', #516, 1000.000000000000000 ) ;
#2032 = DIRECTION ( 'NONE',  ( 0.000000000000000000, -1.000000000000000000, -0.000000000000000000 ) ) ;
#2033 = CARTESIAN_POINT ( 'NONE',  ( -2.250000000000000444, 0.000000000000000000, 1.900000000000000133 ) ) ;
#2034 = DIRECTION ( 'NONE',  ( 1.000000000000000000, 0.000000000000000000, 0.000000000000000000 ) ) ;
#2035 = FILL_AREA_STYLE ('',( #955 ) ) ;
#2036 = EDGE_LOOP ( 'NONE', ( #2137, #240, #1820, #112, #1016, #1229 ) ) ;
#2037 = SURFACE_STYLE_FILL_AREA ( #960 ) ;
#2038 = SURFACE_SIDE_STYLE ('',( #1697 ) ) ;
#2039 = EDGE_LOOP ( 'NONE', ( #2135, #1240, #1725, #1377 ) ) ;
#2040 = EDGE_CURVE ( 'NONE', #1420, #596, #3162, .T. ) ;
#2041 = CARTESIAN_POINT ( 'NONE',  ( -0.6666666666666661856, -0.4509803921568618645, 1.466666666666666563 ) ) ;
#2042 = PLANE ( 'NONE',  #2594 ) ;
#2043 = EDGE_LOOP ( 'NONE', ( #2944, #1111, #2846, #996 ) ) ;
#2044 = ADVANCED_FACE ( 'NONE', ( #460 ), #3418, .T. ) ;
#2045 = VECTOR ( 'NONE', #811, 1000.000000000000000 ) ;
#2046 = EDGE_LOOP ( 'NONE', ( #733, #551, #3144, #1197 ) ) ;
#2047 =( NAMED_UNIT ( * ) SI_UNIT ( $, .STERADIAN. ) SOLID_ANGLE_UNIT ( ) );
#2048 = ORIENTED_EDGE ( 'NONE', *, *, #1246, .F. ) ;
#2049 = CARTESIAN_POINT ( 'NONE',  ( -2.250000000000000444, 0.000000000000000000, 0.3000000000000000444 ) ) ;
#2050 = FILL_AREA_STYLE_COLOUR ( '', #1390 ) ;
#2051 = VECTOR ( 'NONE', #1429, 1000.000000000000000 ) ;
#2052 = PRESENTATION_STYLE_ASSIGNMENT (( #2888 ) ) ;
#2053 = ORIENTED_EDGE ( 'NONE', *, *, #526, .F. ) ;
#2054 = LINE ( 'NONE', #2577, #591 ) ;
#2055 = ORIENTED_EDGE ( 'NONE', *, *, #2308, .T. ) ;
#2056 = DIRECTION ( 'NONE',  ( -1.000000000000000000, 0.000000000000000000, 0.000000000000000000 ) ) ;
#2057 = COLOUR_RGB ( '',0.8627450980392157298, 0.5882352941176470784, 0.06274509803921568540 ) ;
#2058 = EDGE_CURVE ( 'NONE', #485, #1445, #734, .T. ) ;
#2059 = DIRECTION ( 'NONE',  ( -0.000000000000000000, 1.000000000000000000, -0.000000000000000000 ) ) ;
#2060 = PRESENTATION_LAYER_ASSIGNMENT (  '', '', ( #857 ) ) ;
#2061 = ORIENTED_EDGE ( 'NONE', *, *, #1936, .T. ) ;
#2062 = CARTESIAN_POINT ( 'NONE',  ( 1.200000000000000622, 0.000000000000000000, 2.000000000000000000 ) ) ;
#2063 = ADVANCED_FACE ( 'NONE', ( #2081 ), #1014, .F. ) ;
#2064 = PRESENTATION_STYLE_ASSIGNMENT (( #1450 ) ) ;
#2065 = EDGE_LOOP ( 'NONE', ( #470, #3182, #3328, #1077 ) ) ;
#2066 = DIRECTION ( 'NONE',  ( 0.000000000000000000, 1.000000000000000000, 0.000000000000000000 ) ) ;
#2067 = FILL_AREA_STYLE_COLOUR ( '', #2213 ) ;
#2068 = PLANE ( 'NONE',  #104 ) ;
#2069 = CARTESIAN_POINT ( 'NONE',  ( 2.549999999999999822, -2.000000000000000000, -2.000000000000000000 ) ) ;
#2070 = LINE ( 'NONE', #3152, #3368 ) ;
#2071 = VECTOR ( 'NONE', #1868, 1000.000000000000000 ) ;
#2072 =( GEOMETRIC_REPRESENTATION_CONTEXT ( 3 ) GLOBAL_UNCERTAINTY_ASSIGNED_CONTEXT ( ( #157 ) ) GLOBAL_UNIT_ASSIGNED_CONTEXT ( ( #1867, #3478, #284 ) ) REPRESENTATION_CONTEXT ( 'NONE', 'WORKASPACE' ) );
#2073 = MECHANICAL_DESIGN_GEOMETRIC_PRESENTATION_REPRESENTATION (  '', ( #2700 ), #3370 ) ;
#2074 = CARTESIAN_POINT ( 'NONE',  ( 2.250000000000000444, -1.700000000000000178, 0.3000000000000001554 ) ) ;
#2075 = APPLICATION_CONTEXT ( 'automotive_design' ) ;
#2076 = MECHANICAL_DESIGN_GEOMETRIC_PRESENTATION_REPRESENTATION (  '', ( #878 ), #3305 ) ;
#2077 = PRESENTATION_LAYER_ASSIGNMENT (  '', '', ( #442 ) ) ;
#2078 = AXIS2_PLACEMENT_3D ( 'NONE', #347, #1629, #1691 ) ;
#2079 = SURFACE_SIDE_STYLE ('',( #1306 ) ) ;
#2080 = ORIENTED_EDGE ( 'NONE', *, *, #1081, .F. ) ;
#2081 = FACE_OUTER_BOUND ( 'NONE', #3030, .T. ) ;
#2082 =( NAMED_UNIT ( * ) PLANE_ANGLE_UNIT ( ) SI_UNIT ( $, .RADIAN. ) );
#2083 = ORIENTED_EDGE ( 'NONE', *, *, #3219, .F. ) ;
#2084 = EDGE_LOOP ( 'NONE', ( #2055, #714, #2853, #1783 ) ) ;
#2085 = VECTOR ( 'NONE', #1784, 1000.000000000000000 ) ;
#2086 = ADVANCED_FACE ( 'NONE', ( #749 ), #1063, .T. ) ;
#2087 = APPLICATION_PROTOCOL_DEFINITION ( 'draft international standard', 'automotive_design', 1998, #1742 ) ;
#2088 = DIRECTION ( 'NONE',  ( 0.000000000000000000, -1.000000000000000000, 0.000000000000000000 ) ) ;
#2089 = SPHERICAL_SURFACE ( 'NONE', #1385, 0.2499999999999998890 ) ;
#2090 = UNCERTAINTY_MEASURE_WITH_UNIT (LENGTH_MEASURE( 1.000000000000000082E-05 ), #2267, 'distance_accuracy_value', 'NONE');
#2091 = EDGE_CURVE ( 'NONE', #694, #2877, #775, .T. ) ;
#2092 = FACE_OUTER_BOUND ( 'NONE', #2356, .T. ) ;
#2093 = ORIENTED_EDGE ( 'NONE', *, *, #1260, .T. ) ;
#2094 = SURFACE_STYLE_FILL_AREA ( #2910 ) ;
#2095 = ORIENTED_EDGE ( 'NONE', *, *, #1357, .T. ) ;
#2096 = ORIENTED_EDGE ( 'NONE', *, *, #709, .F. ) ;
#2097 = VERTEX_POINT ( 'NONE', #2436 ) ;
#2098 = CARTESIAN_POINT ( 'NONE',  ( -1.200000000000002176, -0.9843137254901977995, 2.000000000000000000 ) ) ;
#2099 = DIRECTION ( 'NONE',  ( 1.000000000000000000, 0.000000000000000000, 0.000000000000000000 ) ) ;
#2100 = CIRCLE ( 'NONE', #913, 1.000000000000000000 ) ;
#2101 = EDGE_CURVE ( 'NONE', #462, #2508, #1359, .T. ) ;
#2102 = ORIENTED_EDGE ( 'NONE', *, *, #583, .T. ) ;
#2103 = ORIENTED_EDGE ( 'NONE', *, *, #2435, .T. ) ;
#2104 = PRESENTATION_STYLE_ASSIGNMENT (( #2327 ) ) ;
#2105 = ORIENTED_EDGE ( 'NONE', *, *, #3170, .T. ) ;
#2106 = SURFACE_STYLE_USAGE ( .BOTH. , #1909 ) ;
#2107 = CARTESIAN_POINT ( 'NONE',  ( -2.250000000000000444, -1.000000000000000000, 0.3000000000000000444 ) ) ;
#2108 = ORIENTED_EDGE ( 'NONE', *, *, #755, .T. ) ;
#2109 = PRESENTATION_LAYER_ASSIGNMENT (  '', '', ( #2460 ) ) ;
#2110 = LINE ( 'NONE', #763, #3094 ) ;
#2111 = DIRECTION ( 'NONE',  ( 0.000000000000000000, 0.000000000000000000, -1.000000000000000000 ) ) ;
#2112 = AXIS2_PLACEMENT_3D ( 'NONE', #1655, #890, #77 ) ;
#2113 = VECTOR ( 'NONE', #1468, 1000.000000000000000 ) ;
#2114 = CARTESIAN_POINT ( 'NONE',  ( 2.250000000000000444, 0.000000000000000000, -0.3000000000000000444 ) ) ;
#2115 = DIRECTION ( 'NONE',  ( -0.000000000000000000, -0.000000000000000000, 1.000000000000000000 ) ) ;
#2116 = VECTOR ( 'NONE', #2323, 1000.000000000000000 ) ;
#2117 = CARTESIAN_POINT ( 'NONE',  ( 2.549999999999999822, -1.000000000000000000, 1.900000000000000133 ) ) ;
#2118 = VECTOR ( 'NONE', #1626, 1000.000000000000000 ) ;
#2119 = ORIENTED_EDGE ( 'NONE', *, *, #2874, .F. ) ;
#2120 = ADVANCED_FACE ( 'NONE', ( #2141 ), #1041, .T. ) ;
#2121 = EDGE_CURVE ( 'NONE', #183, #789, #319, .T. ) ;
#2122 = VECTOR ( 'NONE', #2767, 1000.000000000000000 ) ;
#2123 =( NAMED_UNIT ( * ) SI_UNIT ( $, .STERADIAN. ) SOLID_ANGLE_UNIT ( ) );
#2124 = AXIS2_PLACEMENT_3D ( 'NONE', #3167, #214, #739 ) ;
#2125 = ORIENTED_EDGE ( 'NONE', *, *, #13, .F. ) ;
#2126 = PRESENTATION_STYLE_ASSIGNMENT (( #1865 ) ) ;
#2127 = FACE_OUTER_BOUND ( 'NONE', #1862, .T. ) ;
#2128 = ORIENTED_EDGE ( 'NONE', *, *, #1580, .T. ) ;
#2129 = LINE ( 'NONE', #778, #845 ) ;
#2130 = CARTESIAN_POINT ( 'NONE',  ( 1.550000000000000266, -2.000000000000000000, 0.3000000000000001554 ) ) ;
#2131 = AXIS2_PLACEMENT_3D ( 'NONE', #1356, #2433, #2976 ) ;
#2132 = LINE ( 'NONE', #3464, #1767 ) ;
#2133 = COLOUR_RGB ( '',0.2862745098039215508, 0.2862745098039215508, 0.2862745098039215508 ) ;
#2134 = CARTESIAN_POINT ( 'NONE',  ( -2.550000000000000266, -1.000000000000000000, -1.900000000000000133 ) ) ;
#2135 = ORIENTED_EDGE ( 'NONE', *, *, #1812, .T. ) ;
#2136 = AXIS2_PLACEMENT_3D ( 'NONE', #3342, #2808, #3303 ) ;
#2137 = ORIENTED_EDGE ( 'NONE', *, *, #303, .F. ) ;
#2138 = CARTESIAN_POINT ( 'NONE',  ( -2.250000000000000444, 0.000000000000000000, -0.3000000000000000444 ) ) ;
#2139 = EDGE_CURVE ( 'NONE', #2576, #3218, #521, .T. ) ;
#2140 = EDGE_LOOP ( 'NONE', ( #2557, #1612, #573, #473, #1534, #1221, #1844 ) ) ;
#2141 = FACE_OUTER_BOUND ( 'NONE', #2911, .T. ) ;
#2142 = CARTESIAN_POINT ( 'NONE',  ( -2.250000000000000444, -1.000000000000000000, 0.3000000000000001554 ) ) ;
#2143 = CARTESIAN_POINT ( 'NONE',  ( 0.000000000000000000, -1.034313725490196401, 0.000000000000000000 ) ) ;
#2144 = VERTEX_POINT ( 'NONE', #260 ) ;
#2145 = EDGE_CURVE ( 'NONE', #2960, #2489, #556, .T. ) ;
#2146 = DIRECTION ( 'NONE',  ( 0.000000000000000000, 0.000000000000000000, 1.000000000000000000 ) ) ;
#2147 = DIRECTION ( 'NONE',  ( -0.000000000000000000, -0.000000000000000000, -1.000000000000000000 ) ) ;
#2148 = CARTESIAN_POINT ( 'NONE',  ( 0.000000000000000000, -1.000000000000000000, 1.900000000000000133 ) ) ;
#2149 = PLANE ( 'NONE',  #2902 ) ;
#2150 = DIRECTION ( 'NONE',  ( 0.000000000000000000, -0.000000000000000000, 1.000000000000000000 ) ) ;
#2151 = DIRECTION ( 'NONE',  ( 0.000000000000000000, 1.000000000000000000, 0.000000000000000000 ) ) ;
#2152 = ORIENTED_EDGE ( 'NONE', *, *, #2784, .T. ) ;
#2153 = ORIENTED_EDGE ( 'NONE', *, *, #1942, .T. ) ;
#2154 = CARTESIAN_POINT ( 'NONE',  ( 2.550000000000000266, -1.000000000000000000, -1.900000000000000133 ) ) ;
#2155 = VERTEX_POINT ( 'NONE', #1325 ) ;
#2156 = CARTESIAN_POINT ( 'NONE',  ( 0.000000000000000000, 0.000000000000000000, -1.900000000000000133 ) ) ;
#2157 = EDGE_CURVE ( 'NONE', #1592, #590, #614, .T. ) ;
#2158 = SURFACE_STYLE_FILL_AREA ( #125 ) ;
#2159 = DIRECTION ( 'NONE',  ( 0.000000000000000000, -1.000000000000000000, 0.000000000000000000 ) ) ;
#2160 = ORIENTED_EDGE ( 'NONE', *, *, #369, .F. ) ;
#2161 = SURFACE_STYLE_FILL_AREA ( #1083 ) ;
#2162 = FACE_OUTER_BOUND ( 'NONE', #1161, .T. ) ;
#2163 = DIRECTION ( 'NONE',  ( 0.000000000000000000, 1.000000000000000000, 0.000000000000000000 ) ) ;
#2164 = EDGE_CURVE ( 'NONE', #392, #677, #2175, .T. ) ;
#2165 = DIRECTION ( 'NONE',  ( 0.000000000000000000, 0.000000000000000000, 1.000000000000000000 ) ) ;
#2166 = CARTESIAN_POINT ( 'NONE',  ( 2.549999999999999378, 5.529431079676071627E-16, 2.000000000000000000 ) ) ;
#2167 = LINE ( 'NONE', #3024, #1426 ) ;
#2168 = LINE ( 'NONE', #3318, #1279 ) ;
#2169 = ORIENTED_EDGE ( 'NONE', *, *, #2866, .T. ) ;
#2170 = VERTEX_POINT ( 'NONE', #1834 ) ;
#2171 = VECTOR ( 'NONE', #899, 1000.000000000000000 ) ;
#2172 = LINE ( 'NONE', #3217, #770 ) ;
#2173 =( GEOMETRIC_REPRESENTATION_CONTEXT ( 3 ) GLOBAL_UNCERTAINTY_ASSIGNED_CONTEXT ( ( #1514 ) ) GLOBAL_UNIT_ASSIGNED_CONTEXT ( ( #277, #784, #1286 ) ) REPRESENTATION_CONTEXT ( 'NONE', 'WORKASPACE' ) );
#2174 = ORIENTED_EDGE ( 'NONE', *, *, #2280, .F. ) ;
#2175 = LINE ( 'NONE', #806, #63 ) ;
#2176 = AXIS2_PLACEMENT_3D ( 'NONE', #1134, #861, #1938 ) ;
#2177 = PRESENTATION_STYLE_ASSIGNMENT (( #3235 ) ) ;
#2178 =( NAMED_UNIT ( * ) PLANE_ANGLE_UNIT ( ) SI_UNIT ( $, .RADIAN. ) );
#2179 = DIRECTION ( 'NONE',  ( 0.000000000000000000, 0.000000000000000000, -1.000000000000000000 ) ) ;
#2180 = EDGE_LOOP ( 'NONE', ( #1827, #759, #1154, #922, #3282, #2783, #27 ) ) ;
#2181 = PRESENTATION_STYLE_ASSIGNMENT (( #559 ) ) ;
#2182 = CARTESIAN_POINT ( 'NONE',  ( 1.550000000000000266, -2.000000000000000000, -1.900000000000000133 ) ) ;
#2183 = SURFACE_STYLE_USAGE ( .BOTH. , #1100 ) ;
#2184 = VECTOR ( 'NONE', #3337, 1000.000000000000000 ) ;
#2185 = SURFACE_SIDE_STYLE ('',( #2203 ) ) ;
#2186 = LINE ( 'NONE', #2764, #1273 ) ;
#2187 = AXIS2_PLACEMENT_3D ( 'NONE', #1400, #2179, #3018 ) ;
#2188 = CARTESIAN_POINT ( 'NONE',  ( -2.250000000000000444, -1.000000000000000000, -1.900000000000000133 ) ) ;
#2189 = SURFACE_STYLE_USAGE ( .BOTH. , #815 ) ;
#2190 = MECHANICAL_DESIGN_GEOMETRIC_PRESENTATION_REPRESENTATION (  '', ( #1176 ), #2359 ) ;
#2191 = ADVANCED_FACE ( 'NONE', ( #2929 ), #1096, .F. ) ;
#2192 = AXIS2_PLACEMENT_3D ( 'NONE', #2605, #1250, #997 ) ;
#2193 = LINE ( 'NONE', #1109, #2872 ) ;
#2194 = DIRECTION ( 'NONE',  ( -0.000000000000000000, 0.000000000000000000, -1.000000000000000000 ) ) ;
#2195 = ORIENTED_EDGE ( 'NONE', *, *, #2431, .T. ) ;
#2196 = ADVANCED_FACE ( 'NONE', ( #601 ), #881, .T. ) ;
#2197 =( GEOMETRIC_REPRESENTATION_CONTEXT ( 3 ) GLOBAL_UNCERTAINTY_ASSIGNED_CONTEXT ( ( #2338 ) ) GLOBAL_UNIT_ASSIGNED_CONTEXT ( ( #3016, #652, #2826 ) ) REPRESENTATION_CONTEXT ( 'NONE', 'WORKASPACE' ) );
#2198 = DIRECTION ( 'NONE',  ( -0.000000000000000000, -1.000000000000000000, -0.000000000000000000 ) ) ;
#2199 = LINE ( 'NONE', #3270, #1289 ) ;
#2200 = CARTESIAN_POINT ( 'NONE',  ( -1.550000000000000266, -2.000000000000000000, -0.3000000000000001554 ) ) ;
#2201 = VERTEX_POINT ( 'NONE', #859 ) ;
#2202 = CARTESIAN_POINT ( 'NONE',  ( -2.550000000000000266, -2.000000000000000000, -1.900000000000000133 ) ) ;
#2203 = SURFACE_STYLE_FILL_AREA ( #1123 ) ;
#2204 = PLANE ( 'NONE',  #336 ) ;
#2205 = CARTESIAN_POINT ( 'NONE',  ( 0.000000000000000000, -2.000000000000000000, -2.000000000000000000 ) ) ;
#2206 = ORIENTED_EDGE ( 'NONE', *, *, #146, .T. ) ;
#2207 =( NAMED_UNIT ( * ) SI_UNIT ( $, .STERADIAN. ) SOLID_ANGLE_UNIT ( ) );
#2208 = EDGE_CURVE ( 'NONE', #2589, #2144, #1699, .T. ) ;
#2209 = CARTESIAN_POINT ( 'NONE',  ( -2.250000000000000444, -1.000000000000000000, -0.3000000000000001554 ) ) ;
#2210 = CARTESIAN_POINT ( 'NONE',  ( -2.550000000000000266, -1.000000000000000000, -1.900000000000000133 ) ) ;
#2211 = ORIENTED_EDGE ( 'NONE', *, *, #2907, .F. ) ;
#2212 = ORIENTED_EDGE ( 'NONE', *, *, #1768, .F. ) ;
#2213 = COLOUR_RGB ( '',0.8627450980392157298, 0.5882352941176470784, 0.06274509803921568540 ) ;
#2214 = EDGE_CURVE ( 'NONE', #2942, #1611, #337, .T. ) ;
#2215 = DIRECTION ( 'NONE',  ( 0.000000000000000000, 0.000000000000000000, -1.000000000000000000 ) ) ;
#2216 = DIRECTION ( 'NONE',  ( 0.000000000000000000, 1.000000000000000000, 0.000000000000000000 ) ) ;
#2217 = DIRECTION ( 'NONE',  ( -0.000000000000000000, 8.131516293641283255E-17, 1.000000000000000000 ) ) ;
#2218 = ORIENTED_EDGE ( 'NONE', *, *, #366, .F. ) ;
#2219 = LINE ( 'NONE', #865, #3196 ) ;
#2220 = UNCERTAINTY_MEASURE_WITH_UNIT (LENGTH_MEASURE( 1.000000000000000082E-05 ), #1985, 'distance_accuracy_value', 'NONE');
#2221 = CARTESIAN_POINT ( 'NONE',  ( 1.499999999999999112, 1.500000000000000000, -0.1500000000000000222 ) ) ;
#2222 = SURFACE_STYLE_USAGE ( .BOTH. , #2185 ) ;
#2223 = PLANE ( 'NONE',  #638 ) ;
#2224 = ORIENTED_EDGE ( 'NONE', *, *, #2789, .T. ) ;
#2225 = CARTESIAN_POINT ( 'NONE',  ( 0.000000000000000000, 2.000000000000000000, 2.000000000000000000 ) ) ;
#2226 = FACE_BOUND ( 'NONE', #3104, .T. ) ;
#2227 = VECTOR ( 'NONE', #1876, 1000.000000000000000 ) ;
#2228 =( LENGTH_UNIT ( ) NAMED_UNIT ( * ) SI_UNIT ( .MILLI., .METRE. ) );
#2229 = DIRECTION ( 'NONE',  ( -1.000000000000000000, 0.000000000000000000, 0.000000000000000000 ) ) ;
#2230 = CARTESIAN_POINT ( 'NONE',  ( -2.550000000000000266, -2.000000000000000000, 1.900000000000000133 ) ) ;
#2231 = VERTEX_POINT ( 'NONE', #1663 ) ;
#2232 = VECTOR ( 'NONE', #1607, 1000.000000000000000 ) ;
#2233 = VERTEX_POINT ( 'NONE', #108 ) ;
#2234 = EDGE_CURVE ( 'NONE', #1252, #1295, #1463, .T. ) ;
#2235 =( LENGTH_UNIT ( ) NAMED_UNIT ( * ) SI_UNIT ( .MILLI., .METRE. ) );
#2236 = EDGE_CURVE ( 'NONE', #1864, #1160, #2199, .T. ) ;
#2237 = DIRECTION ( 'NONE',  ( -0.000000000000000000, -0.000000000000000000, 1.000000000000000000 ) ) ;
#2238 = MECHANICAL_DESIGN_GEOMETRIC_PRESENTATION_REPRESENTATION (  '', ( #3299 ), #163 ) ;
#2239 =( NAMED_UNIT ( * ) PLANE_ANGLE_UNIT ( ) SI_UNIT ( $, .RADIAN. ) );
#2240 = COLOUR_RGB ( '',0.8627450980392157298, 0.5882352941176470784, 0.06274509803921568540 ) ;
#2241 = EDGE_CURVE ( 'NONE', #1698, #1521, #1175, .T. ) ;
#2242 = DIRECTION ( 'NONE',  ( -0.7071067811865460184, -0.000000000000000000, 0.7071067811865490160 ) ) ;
#2243 = AXIS2_PLACEMENT_3D ( 'NONE', #777, #524, #1854 ) ;
#2244 = LINE ( 'NONE', #37, #1434 ) ;
#2245 = CARTESIAN_POINT ( 'NONE',  ( -2.550000000000000266, -1.000000000000000000, -0.3000000000000001554 ) ) ;
#2246 = EDGE_LOOP ( 'NONE', ( #2314, #2597, #3181, #1266 ) ) ;
#2247 = CARTESIAN_POINT ( 'NONE',  ( -2.250000000000000444, -1.700000000000000178, -0.3000000000000001554 ) ) ;
#2248 = EDGE_LOOP ( 'NONE', ( #1957, #2224, #634, #1405, #863, #2834, #3172, #280 ) ) ;
#2249 = CARTESIAN_POINT ( 'NONE',  ( 0.9999999999999991118, -0.7843137254901964006, -1.799999999999999600 ) ) ;
#2250 = DIRECTION ( 'NONE',  ( 0.000000000000000000, -1.000000000000000000, 0.000000000000000000 ) ) ;
#2251 = SURFACE_SIDE_STYLE ('',( #2743 ) ) ;
#2252 = ORIENTED_EDGE ( 'NONE', *, *, #29, .F. ) ;
#2253 = VECTOR ( 'NONE', #2732, 1000.000000000000000 ) ;
#2254 = LINE ( 'NONE', #1064, #161 ) ;
#2255 =( NAMED_UNIT ( * ) SI_UNIT ( $, .STERADIAN. ) SOLID_ANGLE_UNIT ( ) );
#2256 = VECTOR ( 'NONE', #2345, 1000.000000000000000 ) ;
#2257 = LINE ( 'NONE', #3035, #2369 ) ;
#2258 = EDGE_CURVE ( 'NONE', #169, #107, #2257, .T. ) ;
#2259 = LINE ( 'NONE', #2534, #2416 ) ;
#2260 = ORIENTED_EDGE ( 'NONE', *, *, #1740, .T. ) ;
#2261 = DIRECTION ( 'NONE',  ( 1.000000000000000000, 0.000000000000000000, 0.000000000000000000 ) ) ;
#2262 = DIRECTION ( 'NONE',  ( 0.000000000000000000, 0.000000000000000000, -1.000000000000000000 ) ) ;
#2263 = CARTESIAN_POINT ( 'NONE',  ( -2.300000000000000266, -2.000000000000000000, -1.100000000000000089 ) ) ;
#2264 = EDGE_CURVE ( 'NONE', #757, #1506, #2748, .T. ) ;
#2265 = ORIENTED_EDGE ( 'NONE', *, *, #29, .T. ) ;
#2266 = FILL_AREA_STYLE ('',( #1734 ) ) ;
#2267 =( LENGTH_UNIT ( ) NAMED_UNIT ( * ) SI_UNIT ( .MILLI., .METRE. ) );
#2268 = ORIENTED_EDGE ( 'NONE', *, *, #404, .T. ) ;
#2269 = DIRECTION ( 'NONE',  ( 0.000000000000000000, 0.000000000000000000, -1.000000000000000000 ) ) ;
#2270 = DIRECTION ( 'NONE',  ( 0.000000000000000000, -0.000000000000000000, 1.000000000000000000 ) ) ;
#2271 = FACE_OUTER_BOUND ( 'NONE', #3298, .T. ) ;
#2272 = DIRECTION ( 'NONE',  ( -1.000000000000000000, 0.000000000000000000, 0.000000000000000000 ) ) ;
#2273 = EDGE_LOOP ( 'NONE', ( #2587, #2632, #186, #1002 ) ) ;
#2274 = CARTESIAN_POINT ( 'NONE',  ( -2.250000000000000444, 0.000000000000000000, -1.900000000000000133 ) ) ;
#2275 = EDGE_CURVE ( 'NONE', #1694, #2994, #2509, .T. ) ;
#2276 = VECTOR ( 'NONE', #2261, 1000.000000000000000 ) ;
#2277 = LINE ( 'NONE', #1431, #1944 ) ;
#2278 = ORIENTED_EDGE ( 'NONE', *, *, #132, .F. ) ;
#2279 = FACE_OUTER_BOUND ( 'NONE', #503, .T. ) ;
#2280 = EDGE_CURVE ( 'NONE', #785, #2787, #901, .T. ) ;
#2281 = SURFACE_SIDE_STYLE ('',( #3117 ) ) ;
#2282 = DIRECTION ( 'NONE',  ( -0.000000000000000000, 1.000000000000000000, -0.000000000000000000 ) ) ;
#2283 = ORIENTED_EDGE ( 'NONE', *, *, #2405, .F. ) ;
#2284 = ORIENTED_EDGE ( 'NONE', *, *, #1584, .T. ) ;
#2285 = LINE ( 'NONE', #420, #40 ) ;
#2287 = VECTOR ( 'NONE', #2912, 1000.000000000000000 ) ;
#2286 = DIRECTION ( 'NONE',  ( 0.000000000000000000, 0.000000000000000000, 1.000000000000000000 ) ) ;
#2288 = ORIENTED_EDGE ( 'NONE', *, *, #106, .F. ) ;
#2289 = CARTESIAN_POINT ( 'NONE',  ( -2.550000000000000266, -1.000000000000000000, 1.900000000000000133 ) ) ;
#2290 = ORIENTED_EDGE ( 'NONE', *, *, #3284, .F. ) ;
#2291 = VECTOR ( 'NONE', #2307, 1000.000000000000000 ) ;
#2292 = CARTESIAN_POINT ( 'NONE',  ( 0.000000000000000000, -1.700000000000000178, 1.900000000000000133 ) ) ;
#2293 = COLOUR_RGB ( '',0.8627450980392157298, 0.5882352941176470784, 0.06274509803921568540 ) ;
#2294 = ORIENTED_EDGE ( 'NONE', *, *, #911, .T. ) ;
#2295 = LINE ( 'NONE', #1731, #2591 ) ;
#2296 = ORIENTED_EDGE ( 'NONE', *, *, #741, .F. ) ;
#2297 = VECTOR ( 'NONE', #1689, 1000.000000000000000 ) ;
#2298 = DIRECTION ( 'NONE',  ( -1.000000000000000000, 0.000000000000000000, 0.000000000000000000 ) ) ;
#2299 = LINE ( 'NONE', #1416, #2542 ) ;
#2300 = FACE_OUTER_BOUND ( 'NONE', #3362, .T. ) ;
#2301 = CARTESIAN_POINT ( 'NONE',  ( -2.550000000000000266, -1.000000000000000000, -0.3000000000000000444 ) ) ;
#2302 = ORIENTED_EDGE ( 'NONE', *, *, #773, .F. ) ;
#2303 = PRESENTATION_LAYER_ASSIGNMENT (  '', '', ( #1951 ) ) ;
#2304 = UNCERTAINTY_MEASURE_WITH_UNIT (LENGTH_MEASURE( 1.000000000000000082E-05 ), #1239, 'distance_accuracy_value', 'NONE');
#2305 = VECTOR ( 'NONE', #1582, 1000.000000000000000 ) ;
#2306 = MECHANICAL_DESIGN_GEOMETRIC_PRESENTATION_REPRESENTATION (  '', ( #2925 ), #2645 ) ;
#2307 = DIRECTION ( 'NONE',  ( 0.000000000000000000, -1.000000000000000000, 0.000000000000000000 ) ) ;
#2308 = EDGE_CURVE ( 'NONE', #1295, #1622, #961, .T. ) ;
#2309 = LINE ( 'NONE', #3341, #2423 ) ;
#2310 = VECTOR ( 'NONE', #2996, 1000.000000000000000 ) ;
#2311 = LINE ( 'NONE', #2134, #2491 ) ;
#2312 = VECTOR ( 'NONE', #1277, 1000.000000000000000 ) ;
#2313 = FACE_OUTER_BOUND ( 'NONE', #2823, .T. ) ;
#2314 = ORIENTED_EDGE ( 'NONE', *, *, #1828, .T. ) ;
#2315 = CARTESIAN_POINT ( 'NONE',  ( -2.550000000000000266, -1.000000000000000000, -1.900000000000000133 ) ) ;
#2316 = DIRECTION ( 'NONE',  ( 0.000000000000000000, 0.000000000000000000, 1.000000000000000000 ) ) ;
#2317 = EDGE_LOOP ( 'NONE', ( #617, #656, #1467 ) ) ;
#2318 = ORIENTED_EDGE ( 'NONE', *, *, #1846, .F. ) ;
#2319 = PRESENTATION_LAYER_ASSIGNMENT (  '', '', ( #3055 ) ) ;
#2320 = CARTESIAN_POINT ( 'NONE',  ( 0.000000000000000000, 2.000000000000000000, 2.000000000000000000 ) ) ;
#2321 = LINE ( 'NONE', #190, #2478 ) ;
#2322 = EDGE_CURVE ( 'NONE', #2581, #1548, #1022, .T. ) ;
#2323 = DIRECTION ( 'NONE',  ( 0.000000000000000000, -1.000000000000000000, 0.000000000000000000 ) ) ;
#2324 = SURFACE_STYLE_USAGE ( .BOTH. , #2856 ) ;
#2325 = EDGE_CURVE ( 'NONE', #2704, #3277, #2920, .T. ) ;
#2326 =( NAMED_UNIT ( * ) SI_UNIT ( $, .STERADIAN. ) SOLID_ANGLE_UNIT ( ) );
#2327 = SURFACE_STYLE_USAGE ( .BOTH. , #2079 ) ;
#2328 = CLOSED_SHELL ( 'NONE', ( #511, #825, #482, #1654, #575, #1774, #2841, #2120, #2191, #7 ) ) ;
#2329 = EDGE_LOOP ( 'NONE', ( #3214, #1459, #1320, #508 ) ) ;
#2330 = CARTESIAN_POINT ( 'NONE',  ( 1.550000000000000266, -1.700000000000000178, 0.3000000000000001554 ) ) ;
#2331 =( NAMED_UNIT ( * ) SI_UNIT ( $, .STERADIAN. ) SOLID_ANGLE_UNIT ( ) );
#2332 = ORIENTED_EDGE ( 'NONE', *, *, #1828, .F. ) ;
#2333 = VERTEX_POINT ( 'NONE', #2024 ) ;
#2334 = CARTESIAN_POINT ( 'NONE',  ( 0.000000000000000000, -1.700000000000000178, 1.900000000000000133 ) ) ;
#2335 = SURFACE_SIDE_STYLE ('',( #1018 ) ) ;
#2336 = CARTESIAN_POINT ( 'NONE',  ( 1.550000000000000266, 0.000000000000000000, 0.3000000000000000444 ) ) ;
#2337 = FACE_OUTER_BOUND ( 'NONE', #968, .T. ) ;
#2338 = UNCERTAINTY_MEASURE_WITH_UNIT (LENGTH_MEASURE( 1.000000000000000082E-05 ), #3016, 'distance_accuracy_value', 'NONE');
#2339 = ORIENTED_EDGE ( 'NONE', *, *, #1547, .T. ) ;
#2340 = CARTESIAN_POINT ( 'NONE',  ( 2.250000000000000444, -1.000000000000000000, -1.900000000000000133 ) ) ;
#2341 = STYLED_ITEM ( 'NONE', ( #2399 ), #1774 ) ;
#2342 = EDGE_CURVE ( 'NONE', #1421, #1750, #401, .T. ) ;
#2343 = EDGE_CURVE ( 'NONE', #447, #461, #219, .T. ) ;
#2344 = ORIENTED_EDGE ( 'NONE', *, *, #2455, .F. ) ;
#2345 = DIRECTION ( 'NONE',  ( -1.000000000000000000, -0.000000000000000000, -0.000000000000000000 ) ) ;
#2346 =( GEOMETRIC_REPRESENTATION_CONTEXT ( 3 ) GLOBAL_UNCERTAINTY_ASSIGNED_CONTEXT ( ( #902 ) ) GLOBAL_UNIT_ASSIGNED_CONTEXT ( ( #1369, #2765, #1640 ) ) REPRESENTATION_CONTEXT ( 'NONE', 'WORKASPACE' ) );
#2347 = SPHERICAL_SURFACE ( 'NONE', #1374, 0.2499999999999998890 ) ;
#2348 = EDGE_LOOP ( 'NONE', ( #232, #3230, #3456, #2971, #2671, #1307 ) ) ;
#2349 = EDGE_CURVE ( 'NONE', #801, #2704, #3107, .T. ) ;
#2350 = CARTESIAN_POINT ( 'NONE',  ( -1.550000000000000266, -2.000000000000000000, -0.3000000000000001554 ) ) ;
#2351 = ORIENTED_EDGE ( 'NONE', *, *, #882, .F. ) ;
#2352 = DIRECTION ( 'NONE',  ( 0.000000000000000000, -1.000000000000000000, 0.000000000000000000 ) ) ;
#2353 = AXIS2_PLACEMENT_3D ( 'NONE', #1597, #807, #351 ) ;
#2354 = MECHANICAL_DESIGN_GEOMETRIC_PRESENTATION_REPRESENTATION (  '', ( #995 ), #2409 ) ;
#2355 =( NAMED_UNIT ( * ) SI_UNIT ( $, .STERADIAN. ) SOLID_ANGLE_UNIT ( ) );
#2356 = EDGE_LOOP ( 'NONE', ( #166, #1880, #2854, #662, #540 ) ) ;
#2357 = PRESENTATION_LAYER_ASSIGNMENT (  '', '', ( #216 ) ) ;
#2358 = CIRCLE ( 'NONE', #879, 0.2500000000000000000 ) ;
#2360 = CARTESIAN_POINT ( 'NONE',  ( 1.499999999999999112, 0.5000000000000001110, -0.1499999999999998834 ) ) ;
#2359 =( GEOMETRIC_REPRESENTATION_CONTEXT ( 3 ) GLOBAL_UNCERTAINTY_ASSIGNED_CONTEXT ( ( #1965 ) ) GLOBAL_UNIT_ASSIGNED_CONTEXT ( ( #126, #2774, #1149 ) ) REPRESENTATION_CONTEXT ( 'NONE', 'WORKASPACE' ) );
#2361 = ORIENTED_EDGE ( 'NONE', *, *, #2234, .F. ) ;
#2362 = FACE_OUTER_BOUND ( 'NONE', #2734, .T. ) ;
#2363 = EDGE_CURVE ( 'NONE', #144, #239, #1842, .T. ) ;
#2364 =( NAMED_UNIT ( * ) SI_UNIT ( $, .STERADIAN. ) SOLID_ANGLE_UNIT ( ) );
#2365 = FILL_AREA_STYLE_COLOUR ( '', #489 ) ;
#2366 = VERTEX_POINT ( 'NONE', #1741 ) ;
#2367 = EDGE_CURVE ( 'NONE', #1771, #2960, #1587, .T. ) ;
#2368 = FILL_AREA_STYLE ('',( #2050 ) ) ;
#2369 = VECTOR ( 'NONE', #620, 1000.000000000000000 ) ;
#2370 = CARTESIAN_POINT ( 'NONE',  ( 0.000000000000000000, -1.000000000000000000, 1.900000000000000133 ) ) ;
#2371 = CARTESIAN_POINT ( 'NONE',  ( 2.250000000000000444, -1.000000000000000000, 1.900000000000000133 ) ) ;
#2372 = ORIENTED_EDGE ( 'NONE', *, *, #583, .F. ) ;
#2373 = ORIENTED_EDGE ( 'NONE', *, *, #1021, .F. ) ;
#2374 = CARTESIAN_POINT ( 'NONE',  ( -1.000000000000000888, 0.2999999999999999334, 0.6999999999999998446 ) ) ;
#2375 = ORIENTED_EDGE ( 'NONE', *, *, #1058, .T. ) ;
#2376 = CARTESIAN_POINT ( 'NONE',  ( 2.250000000000000444, -1.700000000000000178, -0.3000000000000001554 ) ) ;
#2377 =( NAMED_UNIT ( * ) SI_UNIT ( $, .STERADIAN. ) SOLID_ANGLE_UNIT ( ) );
#2378 = VERTEX_POINT ( 'NONE', #2901 ) ;
#2379 = EDGE_CURVE ( 'NONE', #3218, #2007, #1480, .T. ) ;
#2380 = MECHANICAL_DESIGN_GEOMETRIC_PRESENTATION_REPRESENTATION (  '', ( #623 ), #1572 ) ;
#2381 = FILL_AREA_STYLE ('',( #2935 ) ) ;
#2382 = LINE ( 'NONE', #2938, #142 ) ;
#2383 = EDGE_CURVE ( 'NONE', #395, #969, #1343, .T. ) ;
#2384 = ADVANCED_FACE ( 'NONE', ( #1860 ), #2951, .T. ) ;
#2385 = LINE ( 'NONE', #3452, #1402 ) ;
#2386 = CARTESIAN_POINT ( 'NONE',  ( -2.550000000000000266, -2.000000000000000000, 2.000000000000000000 ) ) ;
#2387 = ORIENTED_EDGE ( 'NONE', *, *, #2573, .T. ) ;
#2388 = ORIENTED_EDGE ( 'NONE', *, *, #1676, .F. ) ;
#2389 = ORIENTED_EDGE ( 'NONE', *, *, #1318, .F. ) ;
#2390 = DIRECTION ( 'NONE',  ( 0.000000000000000000, -0.000000000000000000, -1.000000000000000000 ) ) ;
#2391 = PRODUCT_DEFINITION_SHAPE ( 'NONE', 'NONE',  #2844 ) ;
#2392 = DIRECTION ( 'NONE',  ( -0.000000000000000000, 1.000000000000000000, -0.000000000000000000 ) ) ;
#2393 = STYLED_ITEM ( 'NONE', ( #2992 ), #2532 ) ;
#2394 = DIRECTION ( 'NONE',  ( 0.000000000000000000, 1.000000000000000000, 0.000000000000000000 ) ) ;
#2395 = ORIENTED_EDGE ( 'NONE', *, *, #526, .T. ) ;
#2396 = DIRECTION ( 'NONE',  ( -0.000000000000000000, -0.000000000000000000, 1.000000000000000000 ) ) ;
#2397 = PLANE ( 'NONE',  #194 ) ;
#2398 = COLOUR_RGB ( '',0.8627450980392157298, 0.5882352941176470784, 0.06274509803921568540 ) ;
#2399 = PRESENTATION_STYLE_ASSIGNMENT (( #2963 ) ) ;
#2400 =( GEOMETRIC_REPRESENTATION_CONTEXT ( 3 ) GLOBAL_UNCERTAINTY_ASSIGNED_CONTEXT ( ( #191 ) ) GLOBAL_UNIT_ASSIGNED_CONTEXT ( ( #3002, #794, #2710 ) ) REPRESENTATION_CONTEXT ( 'NONE', 'WORKASPACE' ) );
#2401 = CARTESIAN_POINT ( 'NONE',  ( -1.550000000000000266, -2.000000000000000000, -0.3000000000000000444 ) ) ;
#2402 = LINE ( 'NONE', #2950, #2497 ) ;
#2403 = CARTESIAN_POINT ( 'NONE',  ( 2.549999999999999378, 5.529431079676071627E-16, -2.000000000000000000 ) ) ;
#2404 = CARTESIAN_POINT ( 'NONE',  ( 1.499999999999999112, 1.500000000000000000, -0.1500000000000000222 ) ) ;
#2405 = EDGE_CURVE ( 'NONE', #89, #972, #2385, .T. ) ;
#2406 = DIRECTION ( 'NONE',  ( -0.000000000000000000, -0.000000000000000000, 1.000000000000000000 ) ) ;
#2407 = VECTOR ( 'NONE', #1200, 1000.000000000000000 ) ;
#2408 = ORIENTED_EDGE ( 'NONE', *, *, #3454, .F. ) ;
#2409 =( GEOMETRIC_REPRESENTATION_CONTEXT ( 3 ) GLOBAL_UNCERTAINTY_ASSIGNED_CONTEXT ( ( #1977 ) ) GLOBAL_UNIT_ASSIGNED_CONTEXT ( ( #1215, #3115, #2047 ) ) REPRESENTATION_CONTEXT ( 'NONE', 'WORKASPACE' ) );
#2410 = EDGE_CURVE ( 'NONE', #149, #972, #422, .T. ) ;
#2411 = AXIS2_PLACEMENT_3D ( 'NONE', #2827, #1444, #2550 ) ;
#2412 = DIRECTION ( 'NONE',  ( 0.000000000000000000, 1.000000000000000000, 0.000000000000000000 ) ) ;
#2413 = MECHANICAL_DESIGN_GEOMETRIC_PRESENTATION_REPRESENTATION (  '', ( #1951 ), #598 ) ;
#2414 = ORIENTED_EDGE ( 'NONE', *, *, #1347, .T. ) ;
#2415 = FILL_AREA_STYLE_COLOUR ( '', #2490 ) ;
#2416 = VECTOR ( 'NONE', #921, 1000.000000000000000 ) ;
#2417 = DIRECTION ( 'NONE',  ( -0.000000000000000000, 1.000000000000000000, 0.000000000000000000 ) ) ;
#2418 = CARTESIAN_POINT ( 'NONE',  ( 0.000000000000000000, 0.000000000000000000, -0.3000000000000000444 ) ) ;
#2419 = DIRECTION ( 'NONE',  ( 0.000000000000000000, -1.000000000000000000, 0.000000000000000000 ) ) ;
#2420 = VERTEX_POINT ( 'NONE', #1542 ) ;
#2421 = CARTESIAN_POINT ( 'NONE',  ( 0.9999999999999991118, -0.7843137254901964006, 1.799999999999999600 ) ) ;
#2422 = CARTESIAN_POINT ( 'NONE',  ( 0.000000000000000000, -1.700000000000000178, 0.3000000000000000444 ) ) ;
#2423 = VECTOR ( 'NONE', #2547, 1000.000000000000000 ) ;
#2424 = DIRECTION ( 'NONE',  ( 0.000000000000000000, -0.000000000000000000, 1.000000000000000000 ) ) ;
#2425 = STYLED_ITEM ( 'NONE', ( #3445 ), #1974 ) ;
#2426 = DIRECTION ( 'NONE',  ( 0.000000000000000000, 1.000000000000000000, 0.000000000000000000 ) ) ;
#2427 = CARTESIAN_POINT ( 'NONE',  ( 2.550000000000000266, -2.000000000000000000, 1.100000000000000089 ) ) ;
#2428 = ORIENTED_EDGE ( 'NONE', *, *, #962, .T. ) ;
#2429 =( GEOMETRIC_REPRESENTATION_CONTEXT ( 3 ) GLOBAL_UNCERTAINTY_ASSIGNED_CONTEXT ( ( #700 ) ) GLOBAL_UNIT_ASSIGNED_CONTEXT ( ( #1078, #1884, #1595 ) ) REPRESENTATION_CONTEXT ( 'NONE', 'WORKASPACE' ) );
#2430 = VERTEX_POINT ( 'NONE', #253 ) ;
#2431 = EDGE_CURVE ( 'NONE', #169, #2581, #2311, .T. ) ;
#2432 = MECHANICAL_DESIGN_GEOMETRIC_PRESENTATION_REPRESENTATION (  '', ( #2776 ), #2940 ) ;
#2433 = DIRECTION ( 'NONE',  ( 0.000000000000000000, -1.000000000000000000, -0.000000000000000000 ) ) ;
#2434 = VERTEX_POINT ( 'NONE', #2404 ) ;
#2435 = EDGE_CURVE ( 'NONE', #239, #1421, #958, .T. ) ;
#2436 = CARTESIAN_POINT ( 'NONE',  ( -1.550000000000000266, -1.700000000000000178, -1.900000000000000133 ) ) ;
#2437 = FILL_AREA_STYLE ('',( #3460 ) ) ;
#2438 = DIRECTION ( 'NONE',  ( 0.000000000000000000, -1.000000000000000000, 0.000000000000000000 ) ) ;
#2439 = DIRECTION ( 'NONE',  ( -1.000000000000000000, 0.000000000000000000, 0.000000000000000000 ) ) ;
#2440 = ORIENTED_EDGE ( 'NONE', *, *, #1173, .F. ) ;
#2441 = CARTESIAN_POINT ( 'NONE',  ( -2.550000000000000266, -2.000000000000000000, 1.900000000000000133 ) ) ;
#2442 = FILL_AREA_STYLE_COLOUR ( '', #2240 ) ;
#2443 = SURFACE_SIDE_STYLE ('',( #248 ) ) ;
#2444 = DIRECTION ( 'NONE',  ( 1.000000000000000000, 0.000000000000000000, 0.000000000000000000 ) ) ;
#2445 = DIRECTION ( 'NONE',  ( 0.000000000000000000, 0.000000000000000000, 1.000000000000000000 ) ) ;
#2446 = FACE_OUTER_BOUND ( 'NONE', #2246, .T. ) ;
#2447 = FILL_AREA_STYLE ('',( #3319 ) ) ;
#2448 = ORIENTED_EDGE ( 'NONE', *, *, #1337, .T. ) ;
#2449 = ORIENTED_EDGE ( 'NONE', *, *, #1812, .F. ) ;
#2450 = PLANE ( 'NONE',  #721 ) ;
#2451 = ORIENTED_EDGE ( 'NONE', *, *, #2322, .F. ) ;
#2452 = FILL_AREA_STYLE ('',( #1849 ) ) ;
#2453 = LINE ( 'NONE', #1097, #1778 ) ;
#2454 = CARTESIAN_POINT ( 'NONE',  ( 1.550000000000000266, -2.000000000000000000, -1.900000000000000133 ) ) ;
#2455 = EDGE_CURVE ( 'NONE', #461, #123, #3213, .T. ) ;
#2456 = PLANE ( 'NONE',  #1721 ) ;
#2457 = ORIENTED_EDGE ( 'NONE', *, *, #1851, .F. ) ;
#2458 = PLANE ( 'NONE',  #3072 ) ;
#2459 = CARTESIAN_POINT ( 'NONE',  ( 0.9999999999999991118, 2.000000000000000000, 1.799999999999999600 ) ) ;
#2460 = STYLED_ITEM ( 'NONE', ( #3027 ), #1732 ) ;
#2461 = EDGE_CURVE ( 'NONE', #3203, #1295, #530, .T. ) ;
#2462 = LINE ( 'NONE', #2498, #1999 ) ;
#2463 = FACE_OUTER_BOUND ( 'NONE', #1908, .T. ) ;
#2464 = PRESENTATION_LAYER_ASSIGNMENT (  '', '', ( #803 ) ) ;
#2465 = CARTESIAN_POINT ( 'NONE',  ( 1.224646799147353207E-16, -0.7843137254901964006, -1.000000000000000000 ) ) ;
#2466 = FILL_AREA_STYLE_COLOUR ( '', #535 ) ;
#2467 = EDGE_LOOP ( 'NONE', ( #1765, #1358, #358 ) ) ;
#2468 = ORIENTED_EDGE ( 'NONE', *, *, #2308, .F. ) ;
#2469 = AXIS2_PLACEMENT_3D ( 'NONE', #3075, #1910, #52 ) ;
#2470 = CARTESIAN_POINT ( 'NONE',  ( -2.550000000000000266, -2.000000000000000000, 1.100000000000000089 ) ) ;
#2471 = ORIENTED_EDGE ( 'NONE', *, *, #1850, .F. ) ;
#2472 = CARTESIAN_POINT ( 'NONE',  ( 2.550000000000000266, -2.000000000000000000, 1.100000000000000089 ) ) ;
#2473 = FACE_OUTER_BOUND ( 'NONE', #326, .T. ) ;
#2474 = PRESENTATION_STYLE_ASSIGNMENT (( #287 ) ) ;
#2475 = ORIENTED_EDGE ( 'NONE', *, *, #1672, .T. ) ;
#2476 = LINE ( 'NONE', #3239, #2908 ) ;
#2477 = AXIS2_PLACEMENT_3D ( 'NONE', #2593, #1839, #1297 ) ;
#2478 = VECTOR ( 'NONE', #398, 1000.000000000000000 ) ;
#2479 = SURFACE_STYLE_USAGE ( .BOTH. , #1386 ) ;
#2480 =( LENGTH_UNIT ( ) NAMED_UNIT ( * ) SI_UNIT ( .MILLI., .METRE. ) );
#2481 = PRESENTATION_STYLE_ASSIGNMENT (( #1414 ) ) ;
#2482 = ORIENTED_EDGE ( 'NONE', *, *, #2676, .F. ) ;
#2483 = PLANE ( 'NONE',  #761 ) ;
#2484 = FACE_OUTER_BOUND ( 'NONE', #199, .T. ) ;
#2485 = EDGE_CURVE ( 'NONE', #3277, #1698, #1207, .T. ) ;
#2486 = VECTOR ( 'NONE', #2830, 1000.000000000000000 ) ;
#2487 = DIRECTION ( 'NONE',  ( -0.000000000000000000, -0.000000000000000000, -1.000000000000000000 ) ) ;
#2488 =( LENGTH_UNIT ( ) NAMED_UNIT ( * ) SI_UNIT ( .MILLI., .METRE. ) );
#2489 = VERTEX_POINT ( 'NONE', #3363 ) ;
#2490 = COLOUR_RGB ( '',0.8627450980392157298, 0.5882352941176470784, 0.06274509803921568540 ) ;
#2491 = VECTOR ( 'NONE', #1317, 1000.000000000000000 ) ;
#2492 = LINE ( 'NONE', #3033, #603 ) ;
#2493 = DIRECTION ( 'NONE',  ( -0.000000000000000000, 0.000000000000000000, -1.000000000000000000 ) ) ;
#2494 = FACE_OUTER_BOUND ( 'NONE', #1330, .T. ) ;
#2495 = CARTESIAN_POINT ( 'NONE',  ( 2.550000000000000266, -2.000000000000000000, -1.900000000000000133 ) ) ;
#2496 = LINE ( 'NONE', #1159, #2646 ) ;
#2497 = VECTOR ( 'NONE', #1874, 1000.000000000000000 ) ;
#2498 = CARTESIAN_POINT ( 'NONE',  ( -1.550000000000000266, -2.000000000000000000, -0.3000000000000001554 ) ) ;
#2499 = ORIENTED_EDGE ( 'NONE', *, *, #3067, .F. ) ;
#2500 = ADVANCED_FACE ( 'NONE', ( #1110 ), #3052, .T. ) ;
#2501 = CARTESIAN_POINT ( 'NONE',  ( -2.550000000000000266, -2.000000000000000000, -1.900000000000000133 ) ) ;
#2502 = ORIENTED_EDGE ( 'NONE', *, *, #366, .T. ) ;
#2503 = FACE_OUTER_BOUND ( 'NONE', #2798, .T. ) ;
#2504 = DIRECTION ( 'NONE',  ( -0.000000000000000000, 1.000000000000000000, 1.548860246407863583E-16 ) ) ;
#2505 = EDGE_CURVE ( 'NONE', #2231, #3215, #1904, .T. ) ;
#2506 = FILL_AREA_STYLE ('',( #2466 ) ) ;
#2507 = EDGE_LOOP ( 'NONE', ( #716, #1345, #1117, #2195 ) ) ;
#2508 = VERTEX_POINT ( 'NONE', #2210 ) ;
#2509 = LINE ( 'NONE', #2775, #562 ) ;
#2510 =( LENGTH_UNIT ( ) NAMED_UNIT ( * ) SI_UNIT ( .MILLI., .METRE. ) );
#2511 = ORIENTED_EDGE ( 'NONE', *, *, #839, .F. ) ;
#2512 = DIRECTION ( 'NONE',  ( 1.000000000000000000, 0.000000000000000000, 0.000000000000000000 ) ) ;
#2513 = UNCERTAINTY_MEASURE_WITH_UNIT (LENGTH_MEASURE( 1.000000000000000082E-05 ), #3448, 'distance_accuracy_value', 'NONE');
#2514 = DIRECTION ( 'NONE',  ( -1.000000000000000000, 0.000000000000000000, 0.000000000000000000 ) ) ;
#2515 = LINE ( 'NONE', #1158, #3050 ) ;
#2516 = VECTOR ( 'NONE', #2626, 1000.000000000000000 ) ;
#2517 = DIRECTION ( 'NONE',  ( 1.000000000000000000, 0.000000000000000000, -0.000000000000000000 ) ) ;
#2518 = ORIENTED_EDGE ( 'NONE', *, *, #2157, .T. ) ;
#2519 = CARTESIAN_POINT ( 'NONE',  ( 0.000000000000000000, -2.000000000000000000, 1.900000000000000133 ) ) ;
#2520 = COLOUR_RGB ( '',0.8627450980392157298, 0.5882352941176470784, 0.06274509803921568540 ) ;
#2521 = DIRECTION ( 'NONE',  ( -0.000000000000000000, -0.000000000000000000, -1.000000000000000000 ) ) ;
#2522 = CARTESIAN_POINT ( 'NONE',  ( -2.550000000000000266, -1.000000000000000000, 1.900000000000000133 ) ) ;
#2523 = PRESENTATION_LAYER_ASSIGNMENT (  '', '', ( #2393 ) ) ;
#2524 = DIRECTION ( 'NONE',  ( 0.000000000000000000, -0.000000000000000000, 1.000000000000000000 ) ) ;
#2525 = VERTEX_POINT ( 'NONE', #2230 ) ;
#2526 = UNCERTAINTY_MEASURE_WITH_UNIT (LENGTH_MEASURE( 1.000000000000000082E-05 ), #987, 'distance_accuracy_value', 'NONE');
#2527 = VECTOR ( 'NONE', #2444, 1000.000000000000000 ) ;
#2528 = ORIENTED_EDGE ( 'NONE', *, *, #3086, .F. ) ;
#2529 =( LENGTH_UNIT ( ) NAMED_UNIT ( * ) SI_UNIT ( .MILLI., .METRE. ) );
#2530 = LINE ( 'NONE', #1172, #660 ) ;
#2531 = DIRECTION ( 'NONE',  ( -0.000000000000000000, 1.000000000000000000, -0.000000000000000000 ) ) ;
#2532 = ADVANCED_FACE ( 'NONE', ( #83 ), #1354, .T. ) ;
#2533 = AXIS2_PLACEMENT_3D ( 'NONE', #1738, #2599, #2824 ) ;
#2534 = CARTESIAN_POINT ( 'NONE',  ( 1.550000000000000266, -2.000000000000000000, -0.3000000000000001554 ) ) ;
#2535 = EDGE_LOOP ( 'NONE', ( #1737, #2125, #1848, #2448 ) ) ;
#2536 = CARTESIAN_POINT ( 'NONE',  ( 0.000000000000000000, -0.7843137254901964006, 0.000000000000000000 ) ) ;
#2537 = VECTOR ( 'NONE', #665, 1000.000000000000000 ) ;
#2538 = DIRECTION ( 'NONE',  ( -0.000000000000000000, -0.000000000000000000, 1.000000000000000000 ) ) ;
#2539 = AXIS2_PLACEMENT_3D ( 'NONE', #170, #663, #1772 ) ;
#2540 = LINE ( 'NONE', #2814, #703 ) ;
#2541 = EDGE_LOOP ( 'NONE', ( #1453, #3434, #2211, #2602 ) ) ;
#2542 = VECTOR ( 'NONE', #2521, 1000.000000000000000 ) ;
#2543 = AXIS2_PLACEMENT_3D ( 'NONE', #3385, #2001, #964 ) ;
#2544 = CARTESIAN_POINT ( 'NONE',  ( -2.550000000000000266, -2.000000000000000000, 1.100000000000000089 ) ) ;
#2545 = VERTEX_POINT ( 'NONE', #1610 ) ;
#2546 = FACE_OUTER_BOUND ( 'NONE', #2248, .T. ) ;
#2547 = DIRECTION ( 'NONE',  ( -1.000000000000000000, 0.000000000000000000, 0.000000000000000000 ) ) ;
#2548 = ADVANCED_FACE ( 'NONE', ( #314 ), #297, .F. ) ;
#2549 = DIRECTION ( 'NONE',  ( 0.000000000000000000, 0.000000000000000000, -1.000000000000000000 ) ) ;
#2550 = DIRECTION ( 'NONE',  ( 0.000000000000000000, 0.000000000000000000, -1.000000000000000000 ) ) ;
#2551 = ORIENTED_EDGE ( 'NONE', *, *, #146, .F. ) ;
#2552 = EDGE_CURVE ( 'NONE', #5, #1576, #1918, .T. ) ;
#2553 = CARTESIAN_POINT ( 'NONE',  ( -1.500000000000000888, 0.2999999999999999334, 0.6999999999999998446 ) ) ;
#2554 = DIRECTION ( 'NONE',  ( 0.000000000000000000, -0.000000000000000000, -1.000000000000000000 ) ) ;
#2555 = PLANE ( 'NONE',  #1150 ) ;
#2556 = ORIENTED_EDGE ( 'NONE', *, *, #1632, .F. ) ;
#2557 = ORIENTED_EDGE ( 'NONE', *, *, #246, .F. ) ;
#2558 = DIRECTION ( 'NONE',  ( 0.000000000000000000, -1.000000000000000000, 0.000000000000000000 ) ) ;
#2559 = DIRECTION ( 'NONE',  ( 1.000000000000000000, -0.000000000000000000, 0.000000000000000000 ) ) ;
#2560 = ORIENTED_EDGE ( 'NONE', *, *, #940, .F. ) ;
#2561 = UNCERTAINTY_MEASURE_WITH_UNIT (LENGTH_MEASURE( 1.000000000000000082E-05 ), #2488, 'distance_accuracy_value', 'NONE');
#2562 = VERTEX_POINT ( 'NONE', #1933 ) ;
#2563 = CARTESIAN_POINT ( 'NONE',  ( 2.550000000000000266, -1.000000000000000000, -0.3000000000000001554 ) ) ;
#2564 = SURFACE_SIDE_STYLE ('',( #1997 ) ) ;
#2565 = ORIENTED_EDGE ( 'NONE', *, *, #571, .T. ) ;
#2566 = ADVANCED_FACE ( 'NONE', ( #3029 ), #595, .T. ) ;
#2567 = CARTESIAN_POINT ( 'NONE',  ( 2.550000000000000266, -1.000000000000000000, -1.900000000000000133 ) ) ;
#2568 = FILL_AREA_STYLE ('',( #1971 ) ) ;
#2569 = ORIENTED_EDGE ( 'NONE', *, *, #905, .T. ) ;
#2570 = FILL_AREA_STYLE_COLOUR ( '', #331 ) ;
#2571 = ORIENTED_EDGE ( 'NONE', *, *, #2363, .F. ) ;
#2572 = CIRCLE ( 'NONE', #528, 0.2499999999999998890 ) ;
#2573 = EDGE_CURVE ( 'NONE', #1832, #288, #2012, .T. ) ;
#2574 =( NAMED_UNIT ( * ) SI_UNIT ( $, .STERADIAN. ) SOLID_ANGLE_UNIT ( ) );
#2575 = ORIENTED_EDGE ( 'NONE', *, *, #1107, .T. ) ;
#2576 = VERTEX_POINT ( 'NONE', #417 ) ;
#2577 = CARTESIAN_POINT ( 'NONE',  ( -2.250000000000000444, -1.700000000000000178, 1.900000000000000133 ) ) ;
#2578 = VECTOR ( 'NONE', #1391, 1000.000000000000000 ) ;
#2580 = PRESENTATION_LAYER_ASSIGNMENT (  '', '', ( #1821 ) ) ;
#2579 = SURFACE_STYLE_USAGE ( .BOTH. , #2564 ) ;
#2581 = VERTEX_POINT ( 'NONE', #2301 ) ;
#2582 = DIRECTION ( 'NONE',  ( 0.000000000000000000, 0.000000000000000000, -1.000000000000000000 ) ) ;
#2583 = ORIENTED_EDGE ( 'NONE', *, *, #151, .F. ) ;
#2584 = DIRECTION ( 'NONE',  ( -0.000000000000000000, -0.000000000000000000, -1.000000000000000000 ) ) ;
#2585 = MECHANICAL_DESIGN_GEOMETRIC_PRESENTATION_REPRESENTATION (  '', ( #268 ), #1220 ) ;
#2586 = CARTESIAN_POINT ( 'NONE',  ( -2.250000000000000444, -1.000000000000000000, -0.3000000000000001554 ) ) ;
#2587 = ORIENTED_EDGE ( 'NONE', *, *, #2485, .T. ) ;
#2588 = DIRECTION ( 'NONE',  ( 0.000000000000000000, -0.000000000000000000, 1.000000000000000000 ) ) ;
#2589 = VERTEX_POINT ( 'NONE', #2871 ) ;
#2590 = ADVANCED_FACE ( 'NONE', ( #2337 ), #2089, .F. ) ;
#2591 = VECTOR ( 'NONE', #1751, 1000.000000000000000 ) ;
#2592 = CARTESIAN_POINT ( 'NONE',  ( -2.550000000000000266, -2.000000000000000000, -1.100000000000000089 ) ) ;
#2593 = CARTESIAN_POINT ( 'NONE',  ( -2.550000000000000266, -2.000000000000000000, 1.100000000000000089 ) ) ;
#2594 = AXIS2_PLACEMENT_3D ( 'NONE', #1177, #633, #1700 ) ;
#2595 =( GEOMETRIC_REPRESENTATION_CONTEXT ( 3 ) GLOBAL_UNCERTAINTY_ASSIGNED_CONTEXT ( ( #1793 ) ) GLOBAL_UNIT_ASSIGNED_CONTEXT ( ( #1226, #1762, #2326 ) ) REPRESENTATION_CONTEXT ( 'NONE', 'WORKASPACE' ) );
#2596 = UNCERTAINTY_MEASURE_WITH_UNIT (LENGTH_MEASURE( 1.000000000000000082E-05 ), #915, 'distance_accuracy_value', 'NONE');
#2597 = ORIENTED_EDGE ( 'NONE', *, *, #2349, .F. ) ;
#2598 = AXIS2_PLACEMENT_3D ( 'NONE', #1955, #568, #1975 ) ;
#2599 = DIRECTION ( 'NONE',  ( -1.000000000000000000, 0.000000000000000000, 0.000000000000000000 ) ) ;
#2600 = DIRECTION ( 'NONE',  ( -1.000000000000000000, -0.000000000000000000, 0.000000000000000000 ) ) ;
#2601 = PRESENTATION_LAYER_ASSIGNMENT (  '', '', ( #828 ) ) ;
#2602 = ORIENTED_EDGE ( 'NONE', *, *, #1101, .F. ) ;
#2603 =( GEOMETRIC_REPRESENTATION_CONTEXT ( 3 ) GLOBAL_UNCERTAINTY_ASSIGNED_CONTEXT ( ( #3310 ) ) GLOBAL_UNIT_ASSIGNED_CONTEXT ( ( #2529, #1349, #1695 ) ) REPRESENTATION_CONTEXT ( 'NONE', 'WORKASPACE' ) );
#2604 = ORIENTED_EDGE ( 'NONE', *, *, #2236, .T. ) ;
#2605 = CARTESIAN_POINT ( 'NONE',  ( 0.000000000000000000, -2.000000000000000000, 1.900000000000000133 ) ) ;
#2606 = LINE ( 'NONE', #1533, #2800 ) ;
#2607 = ORIENTED_EDGE ( 'NONE', *, *, #2966, .T. ) ;
#2608 = CARTESIAN_POINT ( 'NONE',  ( -2.250000000000000444, -1.700000000000000178, -1.900000000000000133 ) ) ;
#2609 = ORIENTED_EDGE ( 'NONE', *, *, #959, .F. ) ;
#2610 = AXIS2_PLACEMENT_3D ( 'NONE', #1419, #1644, #2524 ) ;
#2611 = EDGE_CURVE ( 'NONE', #3019, #1565, #3377, .T. ) ;
#2612 = EDGE_CURVE ( 'NONE', #3064, #1037, #1859, .T. ) ;
#2613 = EDGE_CURVE ( 'NONE', #756, #848, #2070, .T. ) ;
#2614 =( LENGTH_UNIT ( ) NAMED_UNIT ( * ) SI_UNIT ( .MILLI., .METRE. ) );
#2615 = ORIENTED_EDGE ( 'NONE', *, *, #1528, .T. ) ;
#2616 = ADVANCED_FACE ( 'NONE', ( #310 ), #2483, .T. ) ;
#2617 = ORIENTED_EDGE ( 'NONE', *, *, #106, .T. ) ;
#2618 =( NAMED_UNIT ( * ) PLANE_ANGLE_UNIT ( ) SI_UNIT ( $, .RADIAN. ) );
#2619 = STYLED_ITEM ( 'NONE', ( #1202 ), #2566 ) ;
#2620 = LINE ( 'NONE', #999, #3353 ) ;
#2621 = VERTEX_POINT ( 'NONE', #3005 ) ;
#2622 = PLANE ( 'NONE',  #3038 ) ;
#2623 = ORIENTED_EDGE ( 'NONE', *, *, #3302, .F. ) ;
#2624 = CARTESIAN_POINT ( 'NONE',  ( 1.550000000000000266, -2.000000000000000000, -1.900000000000000133 ) ) ;
#2625 =( NAMED_UNIT ( * ) SI_UNIT ( $, .STERADIAN. ) SOLID_ANGLE_UNIT ( ) );
#2626 = DIRECTION ( 'NONE',  ( 2.168404344971008868E-16, -1.000000000000000000, 0.000000000000000000 ) ) ;
#2627 = CARTESIAN_POINT ( 'NONE',  ( 2.550000000000000266, -2.000000000000000000, -1.100000000000000089 ) ) ;
#2628 = UNCERTAINTY_MEASURE_WITH_UNIT (LENGTH_MEASURE( 1.000000000000000082E-05 ), #1657, 'distance_accuracy_value', 'NONE');
#2629 = VECTOR ( 'NONE', #1019, 1000.000000000000114 ) ;
#2630 = CARTESIAN_POINT ( 'NONE',  ( 2.250000000000000444, 0.000000000000000000, -1.900000000000000133 ) ) ;
#2631 = VERTEX_POINT ( 'NONE', #3026 ) ;
#2632 = ORIENTED_EDGE ( 'NONE', *, *, #365, .F. ) ;
#2633 = EDGE_CURVE ( 'NONE', #707, #1165, #546, .T. ) ;
#2634 = VECTOR ( 'NONE', #2147, 1000.000000000000000 ) ;
#2635 = DIRECTION ( 'NONE',  ( -0.000000000000000000, -0.000000000000000000, -1.000000000000000000 ) ) ;
#2636 = VERTEX_POINT ( 'NONE', #294 ) ;
#2637 = EDGE_CURVE ( 'NONE', #2029, #1622, #3278, .T. ) ;
#2638 = DIRECTION ( 'NONE',  ( 0.7071067811865491270, 0.000000000000000000, 0.7071067811865460184 ) ) ;
#2639 = LINE ( 'NONE', #762, #754 ) ;
#2640 = ORIENTED_EDGE ( 'NONE', *, *, #3286, .F. ) ;
#2641 = VERTEX_POINT ( 'NONE', #871 ) ;
#2642 = AXIS2_PLACEMENT_3D ( 'NONE', #538, #1360, #2707 ) ;
#2643 = FACE_OUTER_BOUND ( 'NONE', #2317, .T. ) ;
#2644 = LINE ( 'NONE', #2114, #1144 ) ;
#2645 =( GEOMETRIC_REPRESENTATION_CONTEXT ( 3 ) GLOBAL_UNCERTAINTY_ASSIGNED_CONTEXT ( ( #2090 ) ) GLOBAL_UNIT_ASSIGNED_CONTEXT ( ( #2267, #3356, #2574 ) ) REPRESENTATION_CONTEXT ( 'NONE', 'WORKASPACE' ) );
#2646 = VECTOR ( 'NONE', #1970, 1000.000000000000114 ) ;
#2647 = CARTESIAN_POINT ( 'NONE',  ( 0.000000000000000000, -0.7843137254901964006, 0.000000000000000000 ) ) ;
#2648 = STYLED_ITEM ( 'NONE', ( #1641 ), #2652 ) ;
#2649 = FILL_AREA_STYLE_COLOUR ( '', #1829 ) ;
#2650 = ORIENTED_EDGE ( 'NONE', *, *, #2164, .F. ) ;
#2651 = ORIENTED_EDGE ( 'NONE', *, *, #176, .T. ) ;
#2652 = ADVANCED_FACE ( 'NONE', ( #2463 ), #1370, .F. ) ;
#2654 = LINE ( 'NONE', #1575, #1656 ) ;
#2653 = VECTOR ( 'NONE', #2215, 1000.000000000000000 ) ;
#2655 = ORIENTED_EDGE ( 'NONE', *, *, #1490, .T. ) ;
#2656 = CARTESIAN_POINT ( 'NONE',  ( 1.499999999999999112, 0.5000000000000001110, -0.1499999999999998834 ) ) ;
#2657 = LINE ( 'NONE', #509, #2698 ) ;
#2658 = AXIS2_PLACEMENT_3D ( 'NONE', #1577, #304, #9 ) ;
#2659 = EDGE_CURVE ( 'NONE', #1296, #1324, #3227, .T. ) ;
#2660 = ORIENTED_EDGE ( 'NONE', *, *, #2139, .F. ) ;
#2661 = ORIENTED_EDGE ( 'NONE', *, *, #2680, .T. ) ;
#2662 = PRODUCT ( 'EE-SX1320', 'EE-SX1320', '', ( #738 ) ) ;
#2663 = DIRECTION ( 'NONE',  ( 0.000000000000000000, 1.000000000000000000, 0.000000000000000000 ) ) ;
#2664 = VECTOR ( 'NONE', #405, 1000.000000000000000 ) ;
#2665 = PRESENTATION_STYLE_ASSIGNMENT (( #270 ) ) ;
#2666 = UNCERTAINTY_MEASURE_WITH_UNIT (LENGTH_MEASURE( 1.000000000000000082E-05 ), #3297, 'distance_accuracy_value', 'NONE');
#2667 = DIRECTION ( 'NONE',  ( 0.000000000000000000, 1.000000000000000000, 0.000000000000000000 ) ) ;
#2668 = PLANE ( 'NONE',  #3366 ) ;
#2669 = ORIENTED_EDGE ( 'NONE', *, *, #404, .F. ) ;
#2670 = ORIENTED_EDGE ( 'NONE', *, *, #346, .F. ) ;
#2671 = ORIENTED_EDGE ( 'NONE', *, *, #3466, .T. ) ;
#2672 = FACE_OUTER_BOUND ( 'NONE', #518, .T. ) ;
#2673 = CARTESIAN_POINT ( 'NONE',  ( -2.550000000000000266, -2.000000000000000000, 2.000000000000000000 ) ) ;
#2674 = DIRECTION ( 'NONE',  ( 0.000000000000000000, -0.000000000000000000, 1.000000000000000000 ) ) ;
#2675 = CARTESIAN_POINT ( 'NONE',  ( 0.000000000000000000, -1.000000000000000000, -1.900000000000000133 ) ) ;
#2676 = EDGE_CURVE ( 'NONE', #1436, #2097, #378, .T. ) ;
#2677 = LINE ( 'NONE', #250, #2629 ) ;
#2678 = DIRECTION ( 'NONE',  ( -1.000000000000000000, 0.000000000000000000, 0.000000000000000000 ) ) ;
#2679 = DIRECTION ( 'NONE',  ( -0.000000000000000000, -0.000000000000000000, 1.000000000000000000 ) ) ;
#2680 = EDGE_CURVE ( 'NONE', #1223, #2772, #2295, .T. ) ;
#2681 = FACE_OUTER_BOUND ( 'NONE', #3136, .T. ) ;
#2682 = ORIENTED_EDGE ( 'NONE', *, *, #2101, .T. ) ;
#2683 = CARTESIAN_POINT ( 'NONE',  ( -1.500000000000000888, 0.000000000000000000, 0.000000000000000000 ) ) ;
#2684 = EDGE_LOOP ( 'NONE', ( #3294, #1976, #3054, #400 ) ) ;
#2685 = SURFACE_STYLE_FILL_AREA ( #2452 ) ;
#2686 = DIRECTION ( 'NONE',  ( 0.000000000000000000, -0.000000000000000000, 1.000000000000000000 ) ) ;
#2687 = MECHANICAL_DESIGN_GEOMETRIC_PRESENTATION_REPRESENTATION (  '', ( #857 ), #1585 ) ;
#2688 = CARTESIAN_POINT ( 'NONE',  ( 2.250000000000000444, -1.700000000000000178, 1.900000000000000133 ) ) ;
#2689 = PLANE ( 'NONE',  #3312 ) ;
#2690 = LINE ( 'NONE', #264, #3403 ) ;
#2691 = STYLED_ITEM ( 'NONE', ( #2481 ), #468 ) ;
#2692 = CARTESIAN_POINT ( 'NONE',  ( 2.550000000000000266, -1.000000000000000000, -0.3000000000000001554 ) ) ;
#2693 = EDGE_CURVE ( 'NONE', #1964, #1174, #2833, .T. ) ;
#2694 = LINE ( 'NONE', #273, #2227 ) ;
#2695 = DIRECTION ( 'NONE',  ( 0.000000000000000000, 0.000000000000000000, 1.000000000000000000 ) ) ;
#2696 = EDGE_CURVE ( 'NONE', #3249, #2894, #951, .T. ) ;
#2697 = ORIENTED_EDGE ( 'NONE', *, *, #3225, .T. ) ;
#2698 = VECTOR ( 'NONE', #2958, 1000.000000000000000 ) ;
#2699 = ORIENTED_EDGE ( 'NONE', *, *, #1962, .T. ) ;
#2700 = STYLED_ITEM ( 'NONE', ( #2181 ), #2841 ) ;
#2701 = FACE_OUTER_BOUND ( 'NONE', #1986, .T. ) ;
#2702 = VECTOR ( 'NONE', #2777, 1000.000000000000000 ) ;
#2703 = VECTOR ( 'NONE', #2250, 1000.000000000000000 ) ;
#2704 = VERTEX_POINT ( 'NONE', #1452 ) ;
#2705 = CARTESIAN_POINT ( 'NONE',  ( 1.550000000000000266, -2.000000000000000000, -0.3000000000000001554 ) ) ;
#2706 = COLOUR_RGB ( '',0.8627450980392157298, 0.5882352941176470784, 0.06274509803921568540 ) ;
#2707 = DIRECTION ( 'NONE',  ( 1.000000000000000000, 0.000000000000000000, 0.000000000000000000 ) ) ;
#2708 = CARTESIAN_POINT ( 'NONE',  ( 2.550000000000000266, 0.000000000000000000, 1.900000000000000133 ) ) ;
#2709 = CARTESIAN_POINT ( 'NONE',  ( 0.000000000000000000, -0.7843137254901964006, 0.000000000000000000 ) ) ;
#2710 =( NAMED_UNIT ( * ) SI_UNIT ( $, .STERADIAN. ) SOLID_ANGLE_UNIT ( ) );
#2711 = COLOUR_RGB ( '',0.8627450980392157298, 0.5882352941176470784, 0.06274509803921568540 ) ;
#2712 = LINE ( 'NONE', #3276, #2305 ) ;
#2713 = CARTESIAN_POINT ( 'NONE',  ( 0.9999999999999991118, 0.000000000000000000, -1.799999999999999600 ) ) ;
#2714 = CARTESIAN_POINT ( 'NONE',  ( 1.550000000000000266, -1.700000000000000178, -1.900000000000000133 ) ) ;
#2715 = CARTESIAN_POINT ( 'NONE',  ( -1.550000000000000266, 0.000000000000000000, 1.900000000000000133 ) ) ;
#2716 = SURFACE_STYLE_USAGE ( .BOTH. , #3010 ) ;
#2717 = VERTEX_POINT ( 'NONE', #412 ) ;
#2718 = ORIENTED_EDGE ( 'NONE', *, *, #466, .T. ) ;
#2719 = CARTESIAN_POINT ( 'NONE',  ( 2.550000000000000266, -1.750000000000000222, -1.100000000000000089 ) ) ;
#2720 = ORIENTED_EDGE ( 'NONE', *, *, #1562, .T. ) ;
#2721 = CARTESIAN_POINT ( 'NONE',  ( -1.000000000000000888, -0.7843137254901964006, -1.799999999999999600 ) ) ;
#2722 = ADVANCED_FACE ( 'NONE', ( #2279 ), #150, .T. ) ;
#2723 = CARTESIAN_POINT ( 'NONE',  ( -1.500000000000000888, 1.699999999999999956, -0.6999999999999998446 ) ) ;
#2724 = CARTESIAN_POINT ( 'NONE',  ( 1.550000000000000266, -2.000000000000000000, -1.900000000000000133 ) ) ;
#2725 = ORIENTED_EDGE ( 'NONE', *, *, #856, .F. ) ;
#2726 = PLANE ( 'NONE',  #2811 ) ;
#2727 = ORIENTED_EDGE ( 'NONE', *, *, #1263, .T. ) ;
#2728 = FILL_AREA_STYLE_COLOUR ( '', #1873 ) ;
#2729 = CARTESIAN_POINT ( 'NONE',  ( -2.550000000000000266, -2.000000000000000000, -0.3000000000000001554 ) ) ;
#2730 = EDGE_LOOP ( 'NONE', ( #1125, #2928, #2923, #772, #520 ) ) ;
#2731 = ORIENTED_EDGE ( 'NONE', *, *, #2789, .F. ) ;
#2732 = DIRECTION ( 'NONE',  ( 1.000000000000000000, 0.000000000000000000, 0.000000000000000000 ) ) ;
#2733 = ADVANCED_FACE ( 'NONE', ( #1709 ), #3334, .T. ) ;
#2734 = EDGE_LOOP ( 'NONE', ( #2518, #3176, #2511, #1992, #2977, #952, #33 ) ) ;
#2735 = FACE_BOUND ( 'NONE', #213, .T. ) ;
#2736 = EDGE_CURVE ( 'NONE', #1558, #1296, #1233, .T. ) ;
#2737 = SURFACE_SIDE_STYLE ('',( #3258 ) ) ;
#2738 = LINE ( 'NONE', #2422, #924 ) ;
#2739 = CARTESIAN_POINT ( 'NONE',  ( 1.499999999999999112, 1.500000000000000000, -0.1500000000000000222 ) ) ;
#2740 = STYLED_ITEM ( 'NONE', ( #3143 ), #575 ) ;
#2741 = CARTESIAN_POINT ( 'NONE',  ( -2.550000000000000266, -1.000000000000000000, 1.900000000000000133 ) ) ;
#2742 = LINE ( 'NONE', #1658, #1505 ) ;
#2743 = SURFACE_STYLE_FILL_AREA ( #2447 ) ;
#2744 = ORIENTED_EDGE ( 'NONE', *, *, #2091, .T. ) ;
#2745 = VECTOR ( 'NONE', #154, 1000.000000000000000 ) ;
#2746 = AXIS2_PLACEMENT_3D ( 'NONE', #1946, #1103, #3260 ) ;
#2747 = CARTESIAN_POINT ( 'NONE',  ( -1.550000000000000266, -1.700000000000000178, -0.3000000000000000444 ) ) ;
#2748 = LINE ( 'NONE', #1399, #3211 ) ;
#2749 = AXIS2_PLACEMENT_3D ( 'NONE', #3065, #2066, #1001 ) ;
#2750 = EDGE_CURVE ( 'NONE', #1146, #852, #2867, .T. ) ;
#2751 = CARTESIAN_POINT ( 'NONE',  ( 0.000000000000000000, 0.000000000000000000, 1.900000000000000133 ) ) ;
#2752 = MECHANICAL_DESIGN_GEOMETRIC_PRESENTATION_REPRESENTATION (  '', ( #216 ), #820 ) ;
#2753 =( NAMED_UNIT ( * ) SI_UNIT ( $, .STERADIAN. ) SOLID_ANGLE_UNIT ( ) );
#2754 = ORIENTED_EDGE ( 'NONE', *, *, #2011, .T. ) ;
#2755 = DIRECTION ( 'NONE',  ( 1.000000000000000000, 0.000000000000000000, -0.000000000000000000 ) ) ;
#2756 = DIRECTION ( 'NONE',  ( 0.000000000000000000, -1.355252715606880543E-16, -1.000000000000000000 ) ) ;
#2757 = ORIENTED_EDGE ( 'NONE', *, *, #3359, .F. ) ;
#2758 = SURFACE_STYLE_FILL_AREA ( #3060 ) ;
#2759 = STYLED_ITEM ( 'NONE', ( #577 ), #3061 ) ;
#2760 = ADVANCED_FACE ( 'NONE', ( #99 ), #3351, .T. ) ;
#2761 = VECTOR ( 'NONE', #1393, 1000.000000000000000 ) ;
#2762 = EDGE_CURVE ( 'NONE', #852, #3333, #1888, .T. ) ;
#2763 = PRESENTATION_STYLE_ASSIGNMENT (( #2222 ) ) ;
#2764 = CARTESIAN_POINT ( 'NONE',  ( 0.9999999999999991118, 0.5000000000000001110, -0.1499999999999998834 ) ) ;
#2765 =( NAMED_UNIT ( * ) PLANE_ANGLE_UNIT ( ) SI_UNIT ( $, .RADIAN. ) );
#2766 = ORIENTED_EDGE ( 'NONE', *, *, #1417, .T. ) ;
#2767 = DIRECTION ( 'NONE',  ( -0.000000000000000000, -0.000000000000000000, 1.000000000000000000 ) ) ;
#2768 = VERTEX_POINT ( 'NONE', #1819 ) ;
#2769 = AXIS2_PLACEMENT_3D ( 'NONE', #2683, #3474, #258 ) ;
#2770 = VECTOR ( 'NONE', #2895, 1000.000000000000000 ) ;
#2771 = CARTESIAN_POINT ( 'NONE',  ( 2.250000000000000444, -1.000000000000000000, 0.3000000000000001554 ) ) ;
#2772 = VERTEX_POINT ( 'NONE', #715 ) ;
#2773 = ORIENTED_EDGE ( 'NONE', *, *, #229, .F. ) ;
#2774 =( NAMED_UNIT ( * ) PLANE_ANGLE_UNIT ( ) SI_UNIT ( $, .RADIAN. ) );
#2775 = CARTESIAN_POINT ( 'NONE',  ( 1.550000000000000266, -1.700000000000000178, -1.900000000000000133 ) ) ;
#2776 = STYLED_ITEM ( 'NONE', ( #720 ), #3473 ) ;
#2777 = DIRECTION ( 'NONE',  ( 1.000000000000000000, 0.000000000000000000, 0.000000000000000000 ) ) ;
#2778 = DIRECTION ( 'NONE',  ( 1.000000000000000000, 0.000000000000000000, 0.000000000000000000 ) ) ;
#2779 = DIRECTION ( 'NONE',  ( 0.000000000000000000, -0.000000000000000000, 1.000000000000000000 ) ) ;
#2780 = FILL_AREA_STYLE_COLOUR ( '', #3413 ) ;
#2781 = VERTEX_POINT ( 'NONE', #1015 ) ;
#2782 = DIRECTION ( 'NONE',  ( 0.000000000000000000, -0.000000000000000000, 1.000000000000000000 ) ) ;
#2783 = ORIENTED_EDGE ( 'NONE', *, *, #1491, .T. ) ;
#2784 = EDGE_CURVE ( 'NONE', #682, #2545, #1566, .T. ) ;
#2785 =( NAMED_UNIT ( * ) SI_UNIT ( $, .STERADIAN. ) SOLID_ANGLE_UNIT ( ) );
#2786 = LINE ( 'NONE', #2522, #3308 ) ;
#2787 = VERTEX_POINT ( 'NONE', #3164 ) ;
#2788 = CLOSED_SHELL ( 'NONE', ( #2590, #1614, #719, #2990, #1017, #2196, #1152, #3200, #1062, #718 ) ) ;
#2789 = EDGE_CURVE ( 'NONE', #1864, #802, #2913, .T. ) ;
#2790 = DIRECTION ( 'NONE',  ( 1.000000000000000000, 0.000000000000000000, 0.000000000000000000 ) ) ;
#2791 = FACE_OUTER_BOUND ( 'NONE', #1272, .T. ) ;
#2792 = CARTESIAN_POINT ( 'NONE',  ( -1.200000000000000622, 2.000000000000000000, -2.000000000000000000 ) ) ;
#2793 = VERTEX_POINT ( 'NONE', #1536 ) ;
#2794 = UNCERTAINTY_MEASURE_WITH_UNIT (LENGTH_MEASURE( 1.000000000000000082E-05 ), #2815, 'distance_accuracy_value', 'NONE');
#2795 = LINE ( 'NONE', #1210, #2930 ) ;
#2796 = DIRECTION ( 'NONE',  ( 0.000000000000000000, 0.000000000000000000, 1.000000000000000000 ) ) ;
#2797 = CARTESIAN_POINT ( 'NONE',  ( -1.550000000000000266, 0.000000000000000000, -1.900000000000000133 ) ) ;
#2798 = EDGE_LOOP ( 'NONE', ( #810, #445, #729, #2640, #3372 ) ) ;
#2799 = PRESENTATION_LAYER_ASSIGNMENT (  '', '', ( #2341 ) ) ;
#2800 = VECTOR ( 'NONE', #2896, 1000.000000000000000 ) ;
#2801 = EDGE_CURVE ( 'NONE', #3389, #876, #1437, .T. ) ;
#2802 = CARTESIAN_POINT ( 'NONE',  ( 2.550000000000000266, 0.000000000000000000, -1.900000000000000133 ) ) ;
#2803 = ORIENTED_EDGE ( 'NONE', *, *, #1993, .F. ) ;
#2804 = VERTEX_POINT ( 'NONE', #2608 ) ;
#2805 = EDGE_CURVE ( 'NONE', #3218, #2562, #233, .T. ) ;
#2806 = CARTESIAN_POINT ( 'NONE',  ( 2.550000000000000266, -1.000000000000000000, 0.3000000000000001554 ) ) ;
#2807 = LINE ( 'NONE', #180, #3102 ) ;
#2808 = DIRECTION ( 'NONE',  ( 0.000000000000000000, 0.000000000000000000, -1.000000000000000000 ) ) ;
#2809 = LINE ( 'NONE', #2828, #1527 ) ;
#2810 =( GEOMETRIC_REPRESENTATION_CONTEXT ( 3 ) GLOBAL_UNCERTAINTY_ASSIGNED_CONTEXT ( ( #1020 ) ) GLOBAL_UNIT_ASSIGNED_CONTEXT ( ( #3048, #1916, #2207 ) ) REPRESENTATION_CONTEXT ( 'NONE', 'WORKASPACE' ) );
#2811 = AXIS2_PLACEMENT_3D ( 'NONE', #2739, #1335, #2424 ) ;
#2812 = DIRECTION ( 'NONE',  ( 1.000000000000000000, 0.000000000000000000, 0.000000000000000000 ) ) ;
#2813 = VECTOR ( 'NONE', #187, 1000.000000000000000 ) ;
#2814 = CARTESIAN_POINT ( 'NONE',  ( 1.550000000000000266, -1.700000000000000178, 1.900000000000000133 ) ) ;
#2815 =( LENGTH_UNIT ( ) NAMED_UNIT ( * ) SI_UNIT ( .MILLI., .METRE. ) );
#2816 = ORIENTED_EDGE ( 'NONE', *, *, #114, .T. ) ;
#2817 = ORIENTED_EDGE ( 'NONE', *, *, #300, .T. ) ;
#2818 = VECTOR ( 'NONE', #3435, 1000.000000000000000 ) ;
#2819 = AXIS2_PLACEMENT_3D ( 'NONE', #1407, #313, #44 ) ;
#2820 = VECTOR ( 'NONE', #1578, 1000.000000000000000 ) ;
#2821 = CARTESIAN_POINT ( 'NONE',  ( 0.000000000000000000, 0.000000000000000000, 1.900000000000000133 ) ) ;
#2822 = DIRECTION ( 'NONE',  ( 0.000000000000000000, 0.000000000000000000, 1.000000000000000000 ) ) ;
#2823 = EDGE_LOOP ( 'NONE', ( #2395, #2569, #1554, #1484, #569, #2128 ) ) ;
#2824 = DIRECTION ( 'NONE',  ( 0.000000000000000000, 0.000000000000000000, 1.000000000000000000 ) ) ;
#2825 = EDGE_CURVE ( 'NONE', #1780, #1223, #2110, .T. ) ;
#2826 =( NAMED_UNIT ( * ) SI_UNIT ( $, .STERADIAN. ) SOLID_ANGLE_UNIT ( ) );
#2827 = CARTESIAN_POINT ( 'NONE',  ( -2.550000000000000266, -2.000000000000000000, 1.100000000000000089 ) ) ;
#2828 = CARTESIAN_POINT ( 'NONE',  ( -2.250000000000000444, -1.700000000000000178, -1.900000000000000133 ) ) ;
#2829 = EDGE_CURVE ( 'NONE', #298, #255, #2933, .T. ) ;
#2830 = DIRECTION ( 'NONE',  ( 0.000000000000000000, 0.000000000000000000, 1.000000000000000000 ) ) ;
#2831 = DIRECTION ( 'NONE',  ( 1.000000000000000000, -0.000000000000000000, 0.000000000000000000 ) ) ;
#2832 = ORIENTED_EDGE ( 'NONE', *, *, #2431, .F. ) ;
#2833 = LINE ( 'NONE', #931, #706 ) ;
#2834 = ORIENTED_EDGE ( 'NONE', *, *, #2040, .T. ) ;
#2835 = LINE ( 'NONE', #3101, #497 ) ;
#2836 = LINE ( 'NONE', #1474, #2745 ) ;
#2837 = ORIENTED_EDGE ( 'NONE', *, *, #365, .T. ) ;
#2838 = LINE ( 'NONE', #2630, #2291 ) ;
#2839 = ORIENTED_EDGE ( 'NONE', *, *, #1337, .F. ) ;
#2840 = DIRECTION ( 'NONE',  ( 0.000000000000000000, 1.000000000000000000, 0.000000000000000000 ) ) ;
#2841 = ADVANCED_FACE ( 'NONE', ( #1253 ), #2622, .F. ) ;
#2842 = ORIENTED_EDGE ( 'NONE', *, *, #3374, .T. ) ;
#2843 = CARTESIAN_POINT ( 'NONE',  ( 2.549999999999999822, -2.000000000000000000, 2.000000000000000000 ) ) ;
#2844 = PRODUCT_DEFINITION ( 'UNKNOWN', '', #1797, #3358 ) ;
#2845 = LINE ( 'NONE', #426, #478 ) ;
#2846 = ORIENTED_EDGE ( 'NONE', *, *, #3045, .F. ) ;
#2847 = CARTESIAN_POINT ( 'NONE',  ( -1.550000000000000266, -2.000000000000000000, -1.900000000000000133 ) ) ;
#2848 = VERTEX_POINT ( 'NONE', #1137 ) ;
#2849 = SURFACE_STYLE_USAGE ( .BOTH. , #2281 ) ;
#2850 = CARTESIAN_POINT ( 'NONE',  ( -1.000000000000000888, 2.000000000000000000, -1.799999999999999600 ) ) ;
#2851 = FILL_AREA_STYLE ('',( #1187 ) ) ;
#2852 = SURFACE_SIDE_STYLE ('',( #453 ) ) ;
#2853 = ORIENTED_EDGE ( 'NONE', *, *, #179, .F. ) ;
#2854 = ORIENTED_EDGE ( 'NONE', *, *, #2145, .T. ) ;
#2855 = CARTESIAN_POINT ( 'NONE',  ( 1.550000000000000266, -2.000000000000000000, 1.900000000000000133 ) ) ;
#2856 = SURFACE_SIDE_STYLE ('',( #687 ) ) ;
#2857 = LINE ( 'NONE', #730, #1051 ) ;
#2858 = EDGE_LOOP ( 'NONE', ( #932, #134, #2174, #1066 ) ) ;
#2859 = DIRECTION ( 'NONE',  ( -0.7071067811865461294, 0.000000000000000000, 0.7071067811865490160 ) ) ;
#2860 = EDGE_CURVE ( 'NONE', #2378, #736, #2219, .T. ) ;
#2861 = VECTOR ( 'NONE', #1327, 1000.000000000000000 ) ;
#2862 = CIRCLE ( 'NONE', #991, 0.2499999999999997780 ) ;
#2863 = EDGE_LOOP ( 'NONE', ( #1972, #278, #2699, #3159, #1531, #3394 ) ) ;
#2864 = ORIENTED_EDGE ( 'NONE', *, *, #2874, .T. ) ;
#2865 = EDGE_CURVE ( 'NONE', #707, #1073, #1667, .T. ) ;
#2866 = EDGE_CURVE ( 'NONE', #2848, #694, #90, .T. ) ;
#2867 = CIRCLE ( 'NONE', #1105, 0.2499999999999998890 ) ;
#2868 = FACE_OUTER_BOUND ( 'NONE', #1438, .T. ) ;
#2869 = PRESENTATION_STYLE_ASSIGNMENT (( #1031 ) ) ;
#2870 = CARTESIAN_POINT ( 'NONE',  ( -1.500000000000000888, 0.2999999999999999334, -0.7000000000000000666 ) ) ;
#2871 = CARTESIAN_POINT ( 'NONE',  ( 2.550000000000000266, -1.000000000000000000, 1.900000000000000133 ) ) ;
#2872 = VECTOR ( 'NONE', #3028, 1000.000000000000000 ) ;
#2873 = VERTEX_POINT ( 'NONE', #353 ) ;
#2874 = EDGE_CURVE ( 'NONE', #2873, #302, #3414, .T. ) ;
#2875 = COLOUR_RGB ( '',0.8627450980392157298, 0.5882352941176470784, 0.06274509803921568540 ) ;
#2876 = DIRECTION ( 'NONE',  ( -0.000000000000000000, -0.000000000000000000, -1.000000000000000000 ) ) ;
#2877 = VERTEX_POINT ( 'NONE', #1464 ) ;
#2878 = FILL_AREA_STYLE ('',( #469 ) ) ;
#2879 = PRESENTATION_STYLE_ASSIGNMENT (( #458 ) ) ;
#2880 = ORIENTED_EDGE ( 'NONE', *, *, #3415, .T. ) ;
#2881 = VECTOR ( 'NONE', #2099, 1000.000000000000000 ) ;
#2882 = ORIENTED_EDGE ( 'NONE', *, *, #1516, .F. ) ;
#2883 = CARTESIAN_POINT ( 'NONE',  ( 1.550000000000000266, -2.000000000000000000, 1.900000000000000133 ) ) ;
#2884 = ORIENTED_EDGE ( 'NONE', *, *, #1969, .T. ) ;
#2885 = MECHANICAL_DESIGN_GEOMETRIC_PRESENTATION_REPRESENTATION (  '', ( #1671 ), #2429 ) ;
#2886 = DIRECTION ( 'NONE',  ( -0.000000000000000000, -1.000000000000000000, 0.000000000000000000 ) ) ;
#2887 = CARTESIAN_POINT ( 'NONE',  ( 0.000000000000000000, -1.034313725490196401, 0.000000000000000000 ) ) ;
#2888 = SURFACE_STYLE_USAGE ( .BOTH. , #434 ) ;
#2889 = EDGE_CURVE ( 'NONE', #282, #736, #1502, .T. ) ;
#2890 = ADVANCED_FACE ( 'NONE', ( #3090 ), #704, .T. ) ;
#2891 = ORIENTED_EDGE ( 'NONE', *, *, #465, .T. ) ;
#2892 = VECTOR ( 'NONE', #3436, 1000.000000000000000 ) ;
#2893 = PRESENTATION_STYLE_ASSIGNMENT (( #1724 ) ) ;
#2894 = VERTEX_POINT ( 'NONE', #3137 ) ;
#2895 = DIRECTION ( 'NONE',  ( 0.000000000000000000, -1.000000000000000000, 0.000000000000000000 ) ) ;
#2896 = DIRECTION ( 'NONE',  ( 0.000000000000000000, 1.000000000000000000, 0.000000000000000000 ) ) ;
#2897 = ORIENTED_EDGE ( 'NONE', *, *, #1787, .F. ) ;
#2898 = EDGE_LOOP ( 'NONE', ( #1881, #2650, #2218, #98 ) ) ;
#2899 = LINE ( 'NONE', #476, #2892 ) ;
#2900 = UNCERTAINTY_MEASURE_WITH_UNIT (LENGTH_MEASURE( 1.000000000000000082E-05 ), #592, 'distance_accuracy_value', 'NONE');
#2901 = CARTESIAN_POINT ( 'NONE',  ( 2.250000000000000444, -1.000000000000000000, -1.900000000000000133 ) ) ;
#2902 = AXIS2_PLACEMENT_3D ( 'NONE', #529, #2088, #752 ) ;
#2903 = EDGE_CURVE ( 'NONE', #239, #2960, #196, .T. ) ;
#2904 = CARTESIAN_POINT ( 'NONE',  ( 2.549999999999999822, -2.000000000000000000, 2.000000000000000000 ) ) ;
#2905 = ORIENTED_EDGE ( 'NONE', *, *, #3015, .F. ) ;
#2906 = EDGE_LOOP ( 'NONE', ( #1472, #2457, #226, #891 ) ) ;
#2907 = EDGE_CURVE ( 'NONE', #1287, #372, #3398, .T. ) ;
#2908 = VECTOR ( 'NONE', #306, 1000.000000000000000 ) ;
#2909 = STYLED_ITEM ( 'NONE', ( #2064 ), #511 ) ;
#2910 = FILL_AREA_STYLE ('',( #1782 ) ) ;
#2911 = EDGE_LOOP ( 'NONE', ( #117, #263, #3087, #1853, #2651, #2560 ) ) ;
#2912 = DIRECTION ( 'NONE',  ( 0.000000000000000000, 0.000000000000000000, 1.000000000000000000 ) ) ;
#2913 = LINE ( 'NONE', #3208, #3304 ) ;
#2914 = ORIENTED_EDGE ( 'NONE', *, *, #2903, .F. ) ;
#2915 = VECTOR ( 'NONE', #402, 1000.000000000000000 ) ;
#2916 = SURFACE_STYLE_USAGE ( .BOTH. , #2335 ) ;
#2917 = FACE_OUTER_BOUND ( 'NONE', #1601, .T. ) ;
#2918 = AXIS2_PLACEMENT_3D ( 'NONE', #2715, #3439, #2695 ) ;
#2919 = COLOUR_RGB ( '',0.8627450980392157298, 0.5882352941176470784, 0.06274509803921568540 ) ;
#2920 = LINE ( 'NONE', #753, #1454 ) ;
#2921 = CARTESIAN_POINT ( 'NONE',  ( -2.550000000000000266, -2.000000000000000000, -1.100000000000000089 ) ) ;
#2922 = VERTEX_POINT ( 'NONE', #2025 ) ;
#2923 = ORIENTED_EDGE ( 'NONE', *, *, #2342, .T. ) ;
#2924 = COLOUR_RGB ( '',0.8627450980392157298, 0.5882352941176470784, 0.06274509803921568540 ) ;
#2925 = STYLED_ITEM ( 'NONE', ( #2052 ), #1614 ) ;
#2927 = CARTESIAN_POINT ( 'NONE',  ( 1.200000000000000622, -0.9843137254901977995, 2.000000000000000000 ) ) ;
#2926 = COLOUR_RGB ( '',0.8627450980392157298, 0.5882352941176470784, 0.06274509803921568540 ) ;
#2928 = ORIENTED_EDGE ( 'NONE', *, *, #773, .T. ) ;
#2929 = FACE_OUTER_BOUND ( 'NONE', #66, .T. ) ;
#2930 = VECTOR ( 'NONE', #2778, 1000.000000000000000 ) ;
#2931 = SURFACE_STYLE_USAGE ( .BOTH. , #1836 ) ;
#2932 = EDGE_CURVE ( 'NONE', #1304, #3203, #2857, .T. ) ;
#2933 = LINE ( 'NONE', #244, #2014 ) ;
#2934 = CARTESIAN_POINT ( 'NONE',  ( 2.550000000000000266, -2.000000000000000000, 1.900000000000000133 ) ) ;
#2935 = FILL_AREA_STYLE_COLOUR ( '', #998 ) ;
#2936 = MANIFOLD_SOLID_BREP ( 'Cut-Extrude4', #1748 ) ;
#2937 = VECTOR ( 'NONE', #1378, 1000.000000000000000 ) ;
#2938 = CARTESIAN_POINT ( 'NONE',  ( -2.550000000000000266, -1.000000000000000000, -0.3000000000000001554 ) ) ;
#2939 = CARTESIAN_POINT ( 'NONE',  ( 1.550000000000000266, 0.000000000000000000, 1.900000000000000133 ) ) ;
#2940 =( GEOMETRIC_REPRESENTATION_CONTEXT ( 3 ) GLOBAL_UNCERTAINTY_ASSIGNED_CONTEXT ( ( #1717 ) ) GLOBAL_UNIT_ASSIGNED_CONTEXT ( ( #3336, #1990, #1217 ) ) REPRESENTATION_CONTEXT ( 'NONE', 'WORKASPACE' ) );
#2941 = CARTESIAN_POINT ( 'NONE',  ( -1.000000000000000888, -0.7843137254901964006, 1.799999999999999600 ) ) ;
#2942 = VERTEX_POINT ( 'NONE', #1878 ) ;
#2943 = CARTESIAN_POINT ( 'NONE',  ( -2.250000000000000444, -1.700000000000000178, 0.3000000000000001554 ) ) ;
#2944 = ORIENTED_EDGE ( 'NONE', *, *, #2907, .T. ) ;
#2945 = CARTESIAN_POINT ( 'NONE',  ( 1.499999999999999112, 0.5000000000000001110, -0.1499999999999998834 ) ) ;
#2946 = LINE ( 'NONE', #1579, #307 ) ;
#2947 = LINE ( 'NONE', #1871, #1092 ) ;
#2948 = ADVANCED_FACE ( 'NONE', ( #363 ), #1247, .F. ) ;
#2949 = FILL_AREA_STYLE_COLOUR ( '', #2924 ) ;
#2950 = CARTESIAN_POINT ( 'NONE',  ( -2.550000000000000266, -1.000000000000000000, 0.3000000000000001554 ) ) ;
#2951 = PLANE ( 'NONE',  #1559 ) ;
#2952 = ORIENTED_EDGE ( 'NONE', *, *, #1807, .F. ) ;
#2953 = MANIFOLD_SOLID_BREP ( 'Mirror2[3]', #2788 ) ;
#2954 = ORIENTED_EDGE ( 'NONE', *, *, #1528, .F. ) ;
#2955 = PLANE ( 'NONE',  #2769 ) ;
#2956 = ORIENTED_EDGE ( 'NONE', *, *, #2973, .F. ) ;
#2957 = CARTESIAN_POINT ( 'NONE',  ( -2.550000000000000266, -1.000000000000000000, -0.3000000000000001554 ) ) ;
#2958 = DIRECTION ( 'NONE',  ( -1.000000000000000000, 0.000000000000000000, 0.000000000000000000 ) ) ;
#2959 = PLANE ( 'NONE',  #2187 ) ;
#2960 = VERTEX_POINT ( 'NONE', #2249 ) ;
#2961 = CARTESIAN_POINT ( 'NONE',  ( -2.250000000000000444, -1.000000000000000000, -1.900000000000000133 ) ) ;
#2962 = VECTOR ( 'NONE', #18, 1000.000000000000000 ) ;
#2963 = SURFACE_STYLE_USAGE ( .BOTH. , #1856 ) ;
#2964 = DIRECTION ( 'NONE',  ( -1.000000000000000000, 0.000000000000000000, 0.000000000000000000 ) ) ;
#2965 = DIRECTION ( 'NONE',  ( -0.000000000000000000, 1.000000000000000000, 1.548860246407863583E-16 ) ) ;
#2966 = EDGE_CURVE ( 'NONE', #1073, #3097, #2835, .T. ) ;
#2967 = EDGE_CURVE ( 'NONE', #756, #2434, #2299, .T. ) ;
#2968 = SURFACE_STYLE_USAGE ( .BOTH. , #3006 ) ;
#2969 = AXIS2_PLACEMENT_3D ( 'NONE', #2806, #557, #1423 ) ;
#2970 = PRESENTATION_STYLE_ASSIGNMENT (( #222 ) ) ;
#2971 = ORIENTED_EDGE ( 'NONE', *, *, #1216, .F. ) ;
#2972 = AXIS2_PLACEMENT_3D ( 'NONE', #1236, #1255, #683 ) ;
#2973 = EDGE_CURVE ( 'NONE', #288, #2420, #3068, .T. ) ;
#2974 = ORIENTED_EDGE ( 'NONE', *, *, #369, .T. ) ;
#2975 = VECTOR ( 'NONE', #667, 1000.000000000000000 ) ;
#2976 = DIRECTION ( 'NONE',  ( 0.000000000000000000, 0.000000000000000000, -1.000000000000000000 ) ) ;
#2977 = ORIENTED_EDGE ( 'NONE', *, *, #2805, .T. ) ;
#2978 = DIRECTION ( 'NONE',  ( -1.000000000000000000, 0.000000000000000000, 0.000000000000000000 ) ) ;
#2979 =( GEOMETRIC_REPRESENTATION_CONTEXT ( 3 ) GLOBAL_UNCERTAINTY_ASSIGNED_CONTEXT ( ( #3077 ) ) GLOBAL_UNIT_ASSIGNED_CONTEXT ( ( #2510, #54, #2753 ) ) REPRESENTATION_CONTEXT ( 'NONE', 'WORKASPACE' ) );
#2980 = AXIS2_PLACEMENT_3D ( 'NONE', #1440, #2270, #403 ) ;
#2981 = LINE ( 'NONE', #2688, #2171 ) ;
#2982 = FACE_OUTER_BOUND ( 'NONE', #2180, .T. ) ;
#2983 = VERTEX_POINT ( 'NONE', #2850 ) ;
#2984 = SURFACE_SIDE_STYLE ('',( #2161 ) ) ;
#2985 = DIRECTION ( 'NONE',  ( -0.000000000000000000, -0.000000000000000000, -1.000000000000000000 ) ) ;
#2986 = CARTESIAN_POINT ( 'NONE',  ( 2.550000000000000266, -2.000000000000000000, -1.350000000000000089 ) ) ;
#2987 = VECTOR ( 'NONE', #1322, 1000.000000000000000 ) ;
#2988 = CARTESIAN_POINT ( 'NONE',  ( -2.250000000000000444, -1.000000000000000000, 1.900000000000000133 ) ) ;
#2989 = SURFACE_STYLE_FILL_AREA ( #814 ) ;
#2990 = ADVANCED_FACE ( 'NONE', ( #475 ), #1267, .T. ) ;
#2991 = CARTESIAN_POINT ( 'NONE',  ( -2.250000000000000444, -1.000000000000000000, -1.900000000000000133 ) ) ;
#2992 = PRESENTATION_STYLE_ASSIGNMENT (( #2716 ) ) ;
#2993 = ORIENTED_EDGE ( 'NONE', *, *, #2164, .T. ) ;
#2994 = VERTEX_POINT ( 'NONE', #3149 ) ;
#2995 = EDGE_CURVE ( 'NONE', #2631, #2621, #1540, .T. ) ;
#2996 = DIRECTION ( 'NONE',  ( 0.000000000000000000, 1.000000000000000000, 0.000000000000000000 ) ) ;
#2997 = ORIENTED_EDGE ( 'NONE', *, *, #1993, .T. ) ;
#2998 = CARTESIAN_POINT ( 'NONE',  ( -1.200000000000000622, -0.7843137254901964006, -2.000000000000000000 ) ) ;
#2999 = DIRECTION ( 'NONE',  ( 0.000000000000000000, 0.000000000000000000, 1.000000000000000000 ) ) ;
#3000 = EDGE_LOOP ( 'NONE', ( #744, #102, #2053, #1510, #3475, #2288, #2817, #2061, #2816, #2839, #85, #1433 ) ) ;
#3001 = DIRECTION ( 'NONE',  ( 0.000000000000000000, -0.000000000000000000, 1.000000000000000000 ) ) ;
#3002 =( LENGTH_UNIT ( ) NAMED_UNIT ( * ) SI_UNIT ( .MILLI., .METRE. ) );
#3003 = CARTESIAN_POINT ( 'NONE',  ( 1.550000000000000266, -1.700000000000000178, -1.900000000000000133 ) ) ;
#3004 = CARTESIAN_POINT ( 'NONE',  ( -1.550000000000000266, -2.000000000000000000, 0.3000000000000001554 ) ) ;
#3005 = CARTESIAN_POINT ( 'NONE',  ( 2.550000000000000266, -1.000000000000000000, -0.3000000000000001554 ) ) ;
#3006 = SURFACE_SIDE_STYLE ('',( #41 ) ) ;
#3007 = PRESENTATION_STYLE_ASSIGNMENT (( #483 ) ) ;
#3008 = VECTOR ( 'NONE', #34, 1000.000000000000000 ) ;
#3009 = FACE_OUTER_BOUND ( 'NONE', #2684, .T. ) ;
#3010 = SURFACE_SIDE_STYLE ('',( #580 ) ) ;
#3011 = ORIENTED_EDGE ( 'NONE', *, *, #2121, .T. ) ;
#3012 = ADVANCED_FACE ( 'NONE', ( #2643 ), #1790, .F. ) ;
#3013 = FACE_OUTER_BOUND ( 'NONE', #1912, .T. ) ;
#3014 = EDGE_CURVE ( 'NONE', #1861, #2942, #944, .T. ) ;
#3015 = EDGE_CURVE ( 'NONE', #3422, #2631, #175, .T. ) ;
#3016 =( LENGTH_UNIT ( ) NAMED_UNIT ( * ) SI_UNIT ( .MILLI., .METRE. ) );
#3017 = DIRECTION ( 'NONE',  ( -0.000000000000000000, -0.000000000000000000, 1.000000000000000000 ) ) ;
#3018 = DIRECTION ( 'NONE',  ( -1.000000000000000000, 0.000000000000000000, -0.000000000000000000 ) ) ;
#3019 = VERTEX_POINT ( 'NONE', #1776 ) ;
#3020 = DIRECTION ( 'NONE',  ( 0.000000000000000000, 1.000000000000000000, 0.000000000000000000 ) ) ;
#3021 = AXIS2_PLACEMENT_3D ( 'NONE', #23, #897, #1678 ) ;
#3022 = CARTESIAN_POINT ( 'NONE',  ( 0.000000000000000000, 0.000000000000000000, -0.3000000000000001554 ) ) ;
#3023 = LINE ( 'NONE', #2376, #1544 ) ;
#3024 = CARTESIAN_POINT ( 'NONE',  ( -0.000000000000000000, -1.700000000000000178, -0.3000000000000000444 ) ) ;
#3025 = ORIENTED_EDGE ( 'NONE', *, *, #2659, .T. ) ;
#3026 = CARTESIAN_POINT ( 'NONE',  ( 2.550000000000000266, -2.000000000000000000, -0.3000000000000001554 ) ) ;
#3027 = PRESENTATION_STYLE_ASSIGNMENT (( #849 ) ) ;
#3028 = DIRECTION ( 'NONE',  ( -0.000000000000000000, -0.000000000000000000, -1.000000000000000000 ) ) ;
#3029 = FACE_OUTER_BOUND ( 'NONE', #224, .T. ) ;
#3030 = EDGE_LOOP ( 'NONE', ( #3350, #2160, #1680, #3433 ) ) ;
#3031 = STYLED_ITEM ( 'NONE', ( #3236 ), #1152 ) ;
#3032 = VECTOR ( 'NONE', #1449, 1000.000000000000000 ) ;
#3033 = CARTESIAN_POINT ( 'NONE',  ( -2.250000000000000444, -1.000000000000000000, -1.900000000000000133 ) ) ;
#3034 = VECTOR ( 'NONE', #2406, 1000.000000000000000 ) ;
#3035 = CARTESIAN_POINT ( 'NONE',  ( 0.000000000000000000, -1.000000000000000000, -1.900000000000000133 ) ) ;
#3036 = PRESENTATION_LAYER_ASSIGNMENT (  '', '', ( #995 ) ) ;
#3037 = FACE_OUTER_BOUND ( 'NONE', #428, .T. ) ;
#3038 = AXIS2_PLACEMENT_3D ( 'NONE', #843, #2755, #72 ) ;
#3039 = FACE_OUTER_BOUND ( 'NONE', #1701, .T. ) ;
#3040 = UNCERTAINTY_MEASURE_WITH_UNIT (LENGTH_MEASURE( 1.000000000000000082E-05 ), #735, 'distance_accuracy_value', 'NONE');
#3041 = SURFACE_SIDE_STYLE ('',( #2758 ) ) ;
#3042 = AXIS2_PLACEMENT_3D ( 'NONE', #2708, #2439, #1621 ) ;
#3043 = AXIS2_PLACEMENT_3D ( 'NONE', #2544, #380, #101 ) ;
#3044 = CARTESIAN_POINT ( 'NONE',  ( 0.000000000000000000, -2.000000000000000000, 2.000000000000000000 ) ) ;
#3045 = EDGE_CURVE ( 'NONE', #144, #802, #3409, .T. ) ;
#3046 = LINE ( 'NONE', #565, #928 ) ;
#3047 = ORIENTED_EDGE ( 'NONE', *, *, #2932, .F. ) ;
#3048 =( LENGTH_UNIT ( ) NAMED_UNIT ( * ) SI_UNIT ( .MILLI., .METRE. ) );
#3049 = SURFACE_SIDE_STYLE ('',( #1735 ) ) ;
#3050 = VECTOR ( 'NONE', #2242, 1000.000000000000114 ) ;
#3051 = CARTESIAN_POINT ( 'NONE',  ( -1.500000000000000888, 1.699999999999999956, -0.6999999999999998446 ) ) ;
#3052 = PLANE ( 'NONE',  #3021 ) ;
#3053 = ORIENTED_EDGE ( 'NONE', *, *, #1316, .F. ) ;
#3054 = ORIENTED_EDGE ( 'NONE', *, *, #3141, .T. ) ;
#3055 = STYLED_ITEM ( 'NONE', ( #1998 ), #2196 ) ;
#3056 = PLANE ( 'NONE',  #3426 ) ;
#3057 = DIRECTION ( 'NONE',  ( 0.000000000000000000, -1.000000000000000000, 0.000000000000000000 ) ) ;
#3058 = PRESENTATION_STYLE_ASSIGNMENT (( #3125 ) ) ;
#3059 = CARTESIAN_POINT ( 'NONE',  ( -1.500000000000000888, 1.699999999999999956, 0.7000000000000000666 ) ) ;
#3060 = FILL_AREA_STYLE ('',( #622 ) ) ;
#3061 = ADVANCED_FACE ( 'NONE', ( #58 ), #2204, .T. ) ;
#3062 = FILL_AREA_STYLE ('',( #2442 ) ) ;
#3063 =( NAMED_UNIT ( * ) SI_UNIT ( $, .STERADIAN. ) SOLID_ANGLE_UNIT ( ) );
#3064 = VERTEX_POINT ( 'NONE', #1897 ) ;
#3065 = CARTESIAN_POINT ( 'NONE',  ( -2.550000000000000266, -2.000000000000000000, -1.100000000000000089 ) ) ;
#3066 = EDGE_LOOP ( 'NONE', ( #2372, #1026, #629, #2583, #2528, #1292, #2609 ) ) ;
#3067 = EDGE_CURVE ( 'NONE', #282, #2231, #2712, .T. ) ;
#3068 = LINE ( 'NONE', #2033, #764 ) ;
#3069 = DIRECTION ( 'NONE',  ( 1.000000000000000000, 0.000000000000000000, 0.000000000000000000 ) ) ;
#3070 = CARTESIAN_POINT ( 'NONE',  ( 2.250000000000000444, 0.000000000000000000, 1.900000000000000133 ) ) ;
#3071 = ORIENTED_EDGE ( 'NONE', *, *, #709, .T. ) ;
#3072 = AXIS2_PLACEMENT_3D ( 'NONE', #3238, #1030, #3001 ) ;
#3073 = CARTESIAN_POINT ( 'NONE',  ( -1.000000000000000888, 0.000000000000000000, 1.799999999999999600 ) ) ;
#3074 = DIRECTION ( 'NONE',  ( -0.000000000000000000, 0.000000000000000000, -1.000000000000000000 ) ) ;
#3075 = CARTESIAN_POINT ( 'NONE',  ( 0.9999999999999991118, 0.000000000000000000, 2.000000000000000000 ) ) ;
#3076 = VECTOR ( 'NONE', #657, 1000.000000000000000 ) ;
#3077 = UNCERTAINTY_MEASURE_WITH_UNIT (LENGTH_MEASURE( 1.000000000000000082E-05 ), #2510, 'distance_accuracy_value', 'NONE');
#3078 = DIRECTION ( 'NONE',  ( 0.000000000000000000, 1.000000000000000000, 0.000000000000000000 ) ) ;
#3079 = LINE ( 'NONE', #926, #3142 ) ;
#3080 =( NAMED_UNIT ( * ) PLANE_ANGLE_UNIT ( ) SI_UNIT ( $, .RADIAN. ) );
#3081 = ORIENTED_EDGE ( 'NONE', *, *, #2613, .T. ) ;
#3082 = CARTESIAN_POINT ( 'NONE',  ( 0.000000000000000000, -1.700000000000000178, 1.900000000000000133 ) ) ;
#3083 = ORIENTED_EDGE ( 'NONE', *, *, #2325, .F. ) ;
#3084 =( GEOMETRIC_REPRESENTATION_CONTEXT ( 3 ) GLOBAL_UNCERTAINTY_ASSIGNED_CONTEXT ( ( #2220 ) ) GLOBAL_UNIT_ASSIGNED_CONTEXT ( ( #1985, #3080, #1687 ) ) REPRESENTATION_CONTEXT ( 'NONE', 'WORKASPACE' ) );
#3085 = CARTESIAN_POINT ( 'NONE',  ( -2.250000000000000444, -1.000000000000000000, -0.3000000000000000444 ) ) ;
#3086 = EDGE_CURVE ( 'NONE', #1883, #611, #846, .T. ) ;
#3087 = ORIENTED_EDGE ( 'NONE', *, *, #2258, .T. ) ;
#3088 = PLANE ( 'NONE',  #1706 ) ;
#3089 = EDGE_CURVE ( 'NONE', #1949, #424, #269, .T. ) ;
#3090 = FACE_OUTER_BOUND ( 'NONE', #553, .T. ) ;
#3091 = ORIENTED_EDGE ( 'NONE', *, *, #510, .T. ) ;
#3092 = MECHANICAL_DESIGN_GEOMETRIC_PRESENTATION_REPRESENTATION (  '', ( #760 ), #2072 ) ;
#3093 = LINE ( 'NONE', #1983, #1613 ) ;
#3094 = VECTOR ( 'NONE', #2396, 1000.000000000000000 ) ;
#3095 = CARTESIAN_POINT ( 'NONE',  ( -2.300000000000000266, -2.000000000000000000, 1.100000000000000089 ) ) ;
#3096 = CARTESIAN_POINT ( 'NONE',  ( 1.550000000000000266, -2.000000000000000000, 0.3000000000000001554 ) ) ;
#3097 = VERTEX_POINT ( 'NONE', #2401 ) ;
#3098 = ORIENTED_EDGE ( 'NONE', *, *, #911, .F. ) ;
#3099 =( GEOMETRIC_REPRESENTATION_CONTEXT ( 3 ) GLOBAL_UNCERTAINTY_ASSIGNED_CONTEXT ( ( #1269 ) ) GLOBAL_UNIT_ASSIGNED_CONTEXT ( ( #2228, #912, #1186 ) ) REPRESENTATION_CONTEXT ( 'NONE', 'WORKASPACE' ) );
#3100 = LINE ( 'NONE', #2320, #385 ) ;
#3101 = CARTESIAN_POINT ( 'NONE',  ( -1.550000000000000266, -2.000000000000000000, -1.900000000000000133 ) ) ;
#3102 = VECTOR ( 'NONE', #2600, 1000.000000000000000 ) ;
#3103 = CARTESIAN_POINT ( 'NONE',  ( 0.000000000000000000, -1.000000000000000000, 1.900000000000000133 ) ) ;
#3104 = EDGE_LOOP ( 'NONE', ( #24, #3098, #181, #2083 ) ) ;
#3105 = ORIENTED_EDGE ( 'NONE', *, *, #609, .T. ) ;
#3106 = DIRECTION ( 'NONE',  ( -1.000000000000000000, -0.000000000000000000, -0.000000000000000000 ) ) ;
#3107 = LINE ( 'NONE', #1571, #228 ) ;
#3108 = ADVANCED_FACE ( 'NONE', ( #1927 ), #2726, .F. ) ;
#3109 = VECTOR ( 'NONE', #1635, 1000.000000000000000 ) ;
#3110 = AXIS2_PLACEMENT_3D ( 'NONE', #1054, #2582, #236 ) ;
#3111 = FILL_AREA_STYLE ('',( #1980 ) ) ;
#3112 = ORIENTED_EDGE ( 'NONE', *, *, #3438, .T. ) ;
#3113 = CARTESIAN_POINT ( 'NONE',  ( 1.550000000000000266, -1.700000000000000178, 1.900000000000000133 ) ) ;
#3114 = ORIENTED_EDGE ( 'NONE', *, *, #755, .F. ) ;
#3115 =( NAMED_UNIT ( * ) PLANE_ANGLE_UNIT ( ) SI_UNIT ( $, .RADIAN. ) );
#3116 = ORIENTED_EDGE ( 'NONE', *, *, #1850, .T. ) ;
#3117 = SURFACE_STYLE_FILL_AREA ( #2266 ) ;
#3118 = CARTESIAN_POINT ( 'NONE',  ( 2.550000000000000266, -2.000000000000000000, -1.900000000000000133 ) ) ;
#3119 = SURFACE_STYLE_FILL_AREA ( #2035 ) ;
#3120 = ORIENTED_EDGE ( 'NONE', *, *, #889, .F. ) ;
#3121 = SURFACE_STYLE_USAGE ( .BOTH. , #650 ) ;
#3122 = EDGE_CURVE ( 'NONE', #255, #1252, #1605, .T. ) ;
#3123 = VERTEX_POINT ( 'NONE', #514 ) ;
#3124 = DIRECTION ( 'NONE',  ( -0.000000000000000000, -0.000000000000000000, -1.000000000000000000 ) ) ;
#3125 = SURFACE_STYLE_USAGE ( .BOTH. , #3343 ) ;
#3126 = ADVANCED_FACE ( 'NONE', ( #1086 ), #1639, .T. ) ;
#3127 = EDGE_CURVE ( 'NONE', #1174, #1408, #2186, .T. ) ;
#3128 = ORIENTED_EDGE ( 'NONE', *, *, #276, .T. ) ;
#3129 = LINE ( 'NONE', #3431, #725 ) ;
#3130 = ORIENTED_EDGE ( 'NONE', *, *, #2040, .F. ) ;
#3131 = CARTESIAN_POINT ( 'NONE',  ( -1.500000000000000888, 0.2999999999999999334, -0.7000000000000000666 ) ) ;
#3132 = ORIENTED_EDGE ( 'NONE', *, *, #3141, .F. ) ;
#3133 = FACE_OUTER_BOUND ( 'NONE', #956, .T. ) ;
#3134 = LINE ( 'NONE', #2336, #3364 ) ;
#3135 = STYLED_ITEM ( 'NONE', ( #1729 ), #506 ) ;
#3136 = EDGE_LOOP ( 'NONE', ( #1011, #1281, #918 ) ) ;
#3137 = CARTESIAN_POINT ( 'NONE',  ( -2.550000000000000266, -2.000000000000000000, 0.3000000000000001554 ) ) ;
#3138 = FILL_AREA_STYLE_COLOUR ( '', #943 ) ;
#3139 = EDGE_LOOP ( 'NONE', ( #2302, #192, #3223, #2206, #2103 ) ) ;
#3140 = DIRECTION ( 'NONE',  ( 0.000000000000000000, 1.000000000000000000, 0.000000000000000000 ) ) ;
#3141 = EDGE_CURVE ( 'NONE', #3123, #183, #3023, .T. ) ;
#3142 = VECTOR ( 'NONE', #639, 1000.000000000000000 ) ;
#3143 = PRESENTATION_STYLE_ASSIGNMENT (( #2931 ) ) ;
#3144 = ORIENTED_EDGE ( 'NONE', *, *, #940, .T. ) ;
#3145 = FILL_AREA_STYLE ('',( #2067 ) ) ;
#3146 =( GEOMETRIC_REPRESENTATION_CONTEXT ( 3 ) GLOBAL_UNCERTAINTY_ASSIGNED_CONTEXT ( ( #2304 ) ) GLOBAL_UNIT_ASSIGNED_CONTEXT ( ( #1239, #1513, #1256 ) ) REPRESENTATION_CONTEXT ( 'NONE', 'WORKASPACE' ) );
#3147 = EDGE_CURVE ( 'NONE', #3422, #298, #2453, .T. ) ;
#3148 = CARTESIAN_POINT ( 'NONE',  ( 2.550000000000000266, -2.000000000000000000, 0.3000000000000001554 ) ) ;
#3149 = CARTESIAN_POINT ( 'NONE',  ( 1.550000000000000266, -1.700000000000000178, -0.3000000000000000444 ) ) ;
#3150 = COLOUR_RGB ( '',0.8627450980392157298, 0.5882352941176470784, 0.06274509803921568540 ) ;
#3151 = CARTESIAN_POINT ( 'NONE',  ( 0.000000000000000000, -0.7843137254901964006, 1.799999999999999600 ) ) ;
#3152 = CARTESIAN_POINT ( 'NONE',  ( 1.499999999999999112, 1.500000000000000000, 0.1499999999999999667 ) ) ;
#3153 = COLOUR_RGB ( '',0.8627450980392157298, 0.5882352941176470784, 0.06274509803921568540 ) ;
#3154 = VECTOR ( 'NONE', #644, 1000.000000000000000 ) ;
#3155 = UNCERTAINTY_MEASURE_WITH_UNIT (LENGTH_MEASURE( 1.000000000000000082E-05 ), #3257, 'distance_accuracy_value', 'NONE');
#3156 = VECTOR ( 'NONE', #1136, 1000.000000000000000 ) ;
#3157 = ORIENTED_EDGE ( 'NONE', *, *, #2455, .T. ) ;
#3158 = VECTOR ( 'NONE', #788, 1000.000000000000000 ) ;
#3159 = ORIENTED_EDGE ( 'NONE', *, *, #1021, .T. ) ;
#3160 = VECTOR ( 'NONE', #425, 1000.000000000000000 ) ;
#3161 = EDGE_LOOP ( 'NONE', ( #2655, #2153, #2260, #1024, #3447, #824 ) ) ;
#3162 = LINE ( 'NONE', #981, #1235 ) ;
#3163 = ORIENTED_EDGE ( 'NONE', *, *, #383, .F. ) ;
#3164 = CARTESIAN_POINT ( 'NONE',  ( -1.500000000000000888, 1.699999999999999956, 0.7000000000000000666 ) ) ;
#3165 = ORIENTED_EDGE ( 'NONE', *, *, #1942, .F. ) ;
#3166 = EDGE_CURVE ( 'NONE', #2768, #3268, #1309, .T. ) ;
#3167 = CARTESIAN_POINT ( 'NONE',  ( 0.000000000000000000, -1.700000000000000178, -1.900000000000000133 ) ) ;
#3168 = CARTESIAN_POINT ( 'NONE',  ( 2.549999999999999822, -2.000000000000000000, 2.000000000000000000 ) ) ;
#3169 = DIRECTION ( 'NONE',  ( 0.000000000000000000, -0.000000000000000000, 1.000000000000000000 ) ) ;
#3170 = EDGE_CURVE ( 'NONE', #2793, #2562, #2657, .T. ) ;
#3171 = DIRECTION ( 'NONE',  ( 0.000000000000000000, -0.000000000000000000, 1.000000000000000000 ) ) ;
#3172 = ORIENTED_EDGE ( 'NONE', *, *, #1487, .T. ) ;
#3173 = VERTEX_POINT ( 'NONE', #1619 ) ;
#3174 = PLANE ( 'NONE',  #986 ) ;
#3175 = ORIENTED_EDGE ( 'NONE', *, *, #3401, .T. ) ;
#3176 = ORIENTED_EDGE ( 'NONE', *, *, #613, .T. ) ;
#3177 = DIRECTION ( 'NONE',  ( 0.000000000000000000, 0.000000000000000000, 1.000000000000000000 ) ) ;
#3178 = CARTESIAN_POINT ( 'NONE',  ( 2.549999999999999378, 5.529431079676071627E-16, 2.000000000000000000 ) ) ;
#3179 = DIRECTION ( 'NONE',  ( 0.000000000000000000, 0.000000000000000000, 1.000000000000000000 ) ) ;
#3180 = CARTESIAN_POINT ( 'NONE',  ( 2.550000000000000266, -1.000000000000000000, 0.3000000000000001554 ) ) ;
#3181 = ORIENTED_EDGE ( 'NONE', *, *, #1569, .F. ) ;
#3182 = ORIENTED_EDGE ( 'NONE', *, *, #3380, .F. ) ;
#3183 = ADVANCED_FACE ( 'NONE', ( #3188 ), #1563, .F. ) ;
#3184 = MECHANICAL_DESIGN_GEOMETRIC_PRESENTATION_REPRESENTATION (  '', ( #3135 ), #3457 ) ;
#3185 =( NAMED_UNIT ( * ) SI_UNIT ( $, .STERADIAN. ) SOLID_ANGLE_UNIT ( ) );
#3186 = ORIENTED_EDGE ( 'NONE', *, *, #1794, .F. ) ;
#3187 = PRESENTATION_STYLE_ASSIGNMENT (( #2106 ) ) ;
#3188 = FACE_OUTER_BOUND ( 'NONE', #2273, .T. ) ;
#3189 = CARTESIAN_POINT ( 'NONE',  ( -2.550000000000000266, -2.000000000000000000, -1.100000000000000089 ) ) ;
#3190 = ORIENTED_EDGE ( 'NONE', *, *, #325, .F. ) ;
#3191 = CIRCLE ( 'NONE', #2176, 0.2499999999999998890 ) ;
#3192 = SURFACE_SIDE_STYLE ('',( #1006 ) ) ;
#3193 = PLANE ( 'NONE',  #1866 ) ;
#3194 = VECTOR ( 'NONE', #782, 1000.000000000000000 ) ;
#3195 = DIRECTION ( 'NONE',  ( 0.000000000000000000, 1.000000000000000000, 0.000000000000000000 ) ) ;
#3196 = VECTOR ( 'NONE', #605, 1000.000000000000000 ) ;
#3197 = CARTESIAN_POINT ( 'NONE',  ( 0.9999999999999991118, -0.9843137254901960231, -2.000000000000000000 ) ) ;
#3198 = PRESENTATION_LAYER_ASSIGNMENT (  '', '', ( #878 ) ) ;
#3199 = ORIENTED_EDGE ( 'NONE', *, *, #86, .F. ) ;
#3200 = ADVANCED_FACE ( 'NONE', ( #2672 ), #242, .T. ) ;
#3201 = MECHANICAL_DESIGN_GEOMETRIC_PRESENTATION_REPRESENTATION (  '', ( #2759 ), #1835 ) ;
#3202 = AXIS2_PLACEMENT_3D ( 'NONE', #2470, #2198, #3269 ) ;
#3203 = VERTEX_POINT ( 'NONE', #371 ) ;
#3204 = PRODUCT_RELATED_PRODUCT_CATEGORY ( 'part', '', ( #2662 ) ) ;
#3205 = MECHANICAL_DESIGN_GEOMETRIC_PRESENTATION_REPRESENTATION (  '', ( #3375 ), #2603 ) ;
#3206 = AXIS2_PLACEMENT_3D ( 'NONE', #2062, #2859, #3140 ) ;
#3207 = DIRECTION ( 'NONE',  ( 0.000000000000000000, 0.000000000000000000, -1.000000000000000000 ) ) ;
#3208 = CARTESIAN_POINT ( 'NONE',  ( 1.200000000000000622, -0.7843137254901964006, 2.000000000000000000 ) ) ;
#3209 = LINE ( 'NONE', #14, #2045 ) ;
#3210 = FILL_AREA_STYLE_COLOUR ( '', #927 ) ;
#3211 = VECTOR ( 'NONE', #1937, 1000.000000000000000 ) ;
#3212 = FILL_AREA_STYLE_COLOUR ( '', #1588 ) ;
#3213 = LINE ( 'NONE', #1285, #429 ) ;
#3214 = ORIENTED_EDGE ( 'NONE', *, *, #454, .F. ) ;
#3215 = VERTEX_POINT ( 'NONE', #3271 ) ;
#3216 = ADVANCED_FACE ( 'NONE', ( #2735, #2473 ), #1664, .F. ) ;
#3217 = CARTESIAN_POINT ( 'NONE',  ( 2.550000000000000266, -2.000000000000000000, 1.900000000000000133 ) ) ;
#3218 = VERTEX_POINT ( 'NONE', #3326 ) ;
#3219 = EDGE_CURVE ( 'NONE', #1324, #691, #1116, .T. ) ;
#3220 = PLANE ( 'NONE',  #2642 ) ;
#3221 = ADVANCED_FACE ( 'NONE', ( #2271 ), #1647, .T. ) ;
#3222 = SURFACE_STYLE_FILL_AREA ( #1380 ) ;
#3223 = ORIENTED_EDGE ( 'NONE', *, *, #2214, .T. ) ;
#3224 =( NAMED_UNIT ( * ) PLANE_ANGLE_UNIT ( ) SI_UNIT ( $, .RADIAN. ) );
#3225 = EDGE_CURVE ( 'NONE', #969, #3253, #3191, .T. ) ;
#3226 = CARTESIAN_POINT ( 'NONE',  ( 2.250000000000000444, -1.000000000000000000, -0.3000000000000001554 ) ) ;
#3227 = LINE ( 'NONE', #798, #1046 ) ;
#3228 = FILL_AREA_STYLE_COLOUR ( '', #1042 ) ;
#3229 = DIRECTION ( 'NONE',  ( -0.000000000000000000, -0.000000000000000000, -1.000000000000000000 ) ) ;
#3230 = ORIENTED_EDGE ( 'NONE', *, *, #1877, .T. ) ;
#3231 = ORIENTED_EDGE ( 'NONE', *, *, #2612, .T. ) ;
#3232 = LINE ( 'NONE', #2154, #2987 ) ;
#3233 = EDGE_LOOP ( 'NONE', ( #1023, #1095, #1362, #1290 ) ) ;
#3234 = CARTESIAN_POINT ( 'NONE',  ( 0.000000000000000000, -2.000000000000000000, 1.900000000000000133 ) ) ;
#3235 = SURFACE_STYLE_USAGE ( .BOTH. , #1886 ) ;
#3236 = PRESENTATION_STYLE_ASSIGNMENT (( #522 ) ) ;
#3237 = FACE_OUTER_BOUND ( 'NONE', #2863, .T. ) ;
#3238 = CARTESIAN_POINT ( 'NONE',  ( 2.250000000000000444, -1.700000000000000178, 0.3000000000000001554 ) ) ;
#3239 = CARTESIAN_POINT ( 'NONE',  ( 2.250000000000000444, -1.000000000000000000, -1.900000000000000133 ) ) ;
#3240 =( NAMED_UNIT ( * ) SI_UNIT ( $, .STERADIAN. ) SOLID_ANGLE_UNIT ( ) );
#3241 = DIRECTION ( 'NONE',  ( 1.000000000000000000, 2.168404344971008868E-16, -0.000000000000000000 ) ) ;
#3242 = FACE_OUTER_BOUND ( 'NONE', #100, .T. ) ;
#3243 = FILL_AREA_STYLE ('',( #19 ) ) ;
#3244 = VECTOR ( 'NONE', #455, 1000.000000000000000 ) ;
#3245 = ADVANCED_FACE ( 'NONE', ( #3037 ), #1366, .F. ) ;
#3246 = SURFACE_SIDE_STYLE ('',( #457 ) ) ;
#3247 = CARTESIAN_POINT ( 'NONE',  ( 0.9999999999999991118, 0.5000000000000001110, 0.1500000000000000500 ) ) ;
#3248 = PRESENTATION_LAYER_ASSIGNMENT (  '', '', ( #760 ) ) ;
#3249 = VERTEX_POINT ( 'NONE', #3313 ) ;
#3250 = LINE ( 'NONE', #68, #1507 ) ;
#3251 = MECHANICAL_DESIGN_GEOMETRIC_PRESENTATION_REPRESENTATION (  '', ( #442 ), #3099 ) ;
#3252 = VECTOR ( 'NONE', #2504, 1000.000000000000000 ) ;
#3253 = VERTEX_POINT ( 'NONE', #1896 ) ;
#3254 = FILL_AREA_STYLE ('',( #2415 ) ) ;
#3255 = MECHANICAL_DESIGN_GEOMETRIC_PRESENTATION_REPRESENTATION (  '', ( #1003 ), #2979 ) ;
#3256 = CARTESIAN_POINT ( 'NONE',  ( -1.500000000000000888, 1.699999999999999956, 0.7000000000000000666 ) ) ;
#3257 =( LENGTH_UNIT ( ) NAMED_UNIT ( * ) SI_UNIT ( .MILLI., .METRE. ) );
#3258 = SURFACE_STYLE_FILL_AREA ( #3145 ) ;
#3259 = DIRECTION ( 'NONE',  ( 1.000000000000000000, 0.000000000000000000, 0.000000000000000000 ) ) ;
#3260 = DIRECTION ( 'NONE',  ( 1.000000000000000000, 0.000000000000000000, 0.000000000000000000 ) ) ;
#3261 = CARTESIAN_POINT ( 'NONE',  ( 2.250000000000000444, -1.000000000000000000, 1.900000000000000133 ) ) ;
#3262 = ADVANCED_FACE ( 'NONE', ( #76 ), #1915, .F. ) ;
#3263 = PLANE ( 'NONE',  #1769 ) ;
#3264 = COLOUR_RGB ( '',0.8627450980392157298, 0.5882352941176470784, 0.06274509803921568540 ) ;
#3265 = DIRECTION ( 'NONE',  ( -0.000000000000000000, 1.000000000000000000, 0.000000000000000000 ) ) ;
#3266 = ADVANCED_FACE ( 'NONE', ( #3292 ), #96, .F. ) ;
#3267 = SURFACE_STYLE_USAGE ( .BOTH. , #2251 ) ;
#3268 = VERTEX_POINT ( 'NONE', #3003 ) ;
#3269 = DIRECTION ( 'NONE',  ( 0.000000000000000000, 0.000000000000000000, 1.000000000000000000 ) ) ;
#3270 = CARTESIAN_POINT ( 'NONE',  ( 0.000000000000000000, 2.000000000000000000, 2.000000000000000000 ) ) ;
#3271 = CARTESIAN_POINT ( 'NONE',  ( 1.550000000000000266, -2.000000000000000000, -0.3000000000000000444 ) ) ;
#3272 = DIRECTION ( 'NONE',  ( 0.000000000000000000, -0.000000000000000000, 1.000000000000000000 ) ) ;
#3273 = ORIENTED_EDGE ( 'NONE', *, *, #1696, .T. ) ;
#3274 = LINE ( 'NONE', #2459, #695 ) ;
#3275 = CARTESIAN_POINT ( 'NONE',  ( 1.550000000000000266, -2.000000000000000000, 0.3000000000000001554 ) ) ;
#3276 = CARTESIAN_POINT ( 'NONE',  ( 2.550000000000000266, 0.000000000000000000, -0.3000000000000000444 ) ) ;
#3277 = VERTEX_POINT ( 'NONE', #2988 ) ;
#3278 = LINE ( 'NONE', #1389, #2122 ) ;
#3279 = DIRECTION ( 'NONE',  ( -0.000000000000000000, 0.000000000000000000, -1.000000000000000000 ) ) ;
#3280 = PLANE ( 'NONE',  #2598 ) ;
#3281 = ORIENTED_EDGE ( 'NONE', *, *, #1899, .T. ) ;
#3282 = ORIENTED_EDGE ( 'NONE', *, *, #2208, .F. ) ;
#3283 = VECTOR ( 'NONE', #606, 1000.000000000000000 ) ;
#3284 = EDGE_CURVE ( 'NONE', #2029, #1780, #576, .T. ) ;
#3285 = CARTESIAN_POINT ( 'NONE',  ( 0.000000000000000000, -2.000000000000000000, -1.900000000000000133 ) ) ;
#3286 = EDGE_CURVE ( 'NONE', #1576, #2983, #2244, .T. ) ;
#3287 = FILL_AREA_STYLE_COLOUR ( '', #2875 ) ;
#3288 = ORIENTED_EDGE ( 'NONE', *, *, #13, .T. ) ;
#3289 = CARTESIAN_POINT ( 'NONE',  ( 2.550000000000000266, -1.000000000000000000, -1.900000000000000133 ) ) ;
#3290 = PRESENTATION_LAYER_ASSIGNMENT (  '', '', ( #2909 ) ) ;
#3291 = MECHANICAL_DESIGN_GEOMETRIC_PRESENTATION_REPRESENTATION (  '', ( #2393 ), #513 ) ;
#3292 = FACE_OUTER_BOUND ( 'NONE', #1660, .T. ) ;
#3293 =( NAMED_UNIT ( * ) PLANE_ANGLE_UNIT ( ) SI_UNIT ( $, .RADIAN. ) );
#3294 = ORIENTED_EDGE ( 'NONE', *, *, #3166, .F. ) ;
#3295 = DIRECTION ( 'NONE',  ( -0.000000000000000000, -0.000000000000000000, 1.000000000000000000 ) ) ;
#3296 = PLANE ( 'NONE',  #2018 ) ;
#3297 =( LENGTH_UNIT ( ) NAMED_UNIT ( * ) SI_UNIT ( .MILLI., .METRE. ) );
#3298 = EDGE_LOOP ( 'NONE', ( #745, #200, #3417, #2468, #534, #3047 ) ) ;
#3299 = STYLED_ITEM ( 'NONE', ( #701 ), #1274 ) ;
#3300 = AXIS2_PLACEMENT_3D ( 'NONE', #3044, #16, #2779 ) ;
#3301 = DIRECTION ( 'NONE',  ( -1.000000000000000000, 0.000000000000000000, 0.000000000000000000 ) ) ;
#3302 = EDGE_CURVE ( 'NONE', #2873, #1864, #2496, .T. ) ;
#3303 = DIRECTION ( 'NONE',  ( 1.000000000000000000, 0.000000000000000000, 0.000000000000000000 ) ) ;
#3304 = VECTOR ( 'NONE', #1522, 1000.000000000000000 ) ;
#3305 =( GEOMETRIC_REPRESENTATION_CONTEXT ( 3 ) GLOBAL_UNCERTAINTY_ASSIGNED_CONTEXT ( ( #1668 ) ) GLOBAL_UNIT_ASSIGNED_CONTEXT ( ( #519, #225, #3185 ) ) REPRESENTATION_CONTEXT ( 'NONE', 'WORKASPACE' ) );
#3306 = VECTOR ( 'NONE', #970, 1000.000000000000000 ) ;
#3307 = ORIENTED_EDGE ( 'NONE', *, *, #2349, .T. ) ;
#3308 = VECTOR ( 'NONE', #896, 1000.000000000000000 ) ;
#3309 = ADVANCED_FACE ( 'NONE', ( #324 ), #57, .T. ) ;
#3310 = UNCERTAINTY_MEASURE_WITH_UNIT (LENGTH_MEASURE( 1.000000000000000082E-05 ), #2529, 'distance_accuracy_value', 'NONE');
#3311 = CARTESIAN_POINT ( 'NONE',  ( 2.550000000000000266, -2.000000000000000000, 1.100000000000000089 ) ) ;
#3312 = AXIS2_PLACEMENT_3D ( 'NONE', #3481, #88, #2159 ) ;
#3313 = CARTESIAN_POINT ( 'NONE',  ( -2.550000000000000266, -1.000000000000000000, 0.3000000000000001554 ) ) ;
#3314 = ORIENTED_EDGE ( 'NONE', *, *, #1260, .F. ) ;
#3315 = SURFACE_SIDE_STYLE ('',( #1198 ) ) ;
#3316 = ORIENTED_EDGE ( 'NONE', *, *, #3454, .T. ) ;
#3317 =( GEOMETRIC_REPRESENTATION_CONTEXT ( 3 ) GLOBAL_UNCERTAINTY_ASSIGNED_CONTEXT ( ( #436 ) ) GLOBAL_UNIT_ASSIGNED_CONTEXT ( ( #1520, #2618, #692 ) ) REPRESENTATION_CONTEXT ( 'NONE', 'WORKASPACE' ) );
#3318 = CARTESIAN_POINT ( 'NONE',  ( -2.550000000000000266, -1.000000000000000000, -0.3000000000000001554 ) ) ;
#3319 = FILL_AREA_STYLE_COLOUR ( '', #95 ) ;
#3320 = ORIENTED_EDGE ( 'NONE', *, *, #466, .F. ) ;
#3321 = UNCERTAINTY_MEASURE_WITH_UNIT (LENGTH_MEASURE( 1.000000000000000082E-05 ), #2480, 'distance_accuracy_value', 'NONE');
#3322 = PRESENTATION_LAYER_ASSIGNMENT (  '', '', ( #1671 ) ) ;
#3323 = PLANE ( 'NONE',  #2980 ) ;
#3324 = ORIENTED_EDGE ( 'NONE', *, *, #549, .T. ) ;
#3325 = DIRECTION ( 'NONE',  ( 0.000000000000000000, 0.000000000000000000, 1.000000000000000000 ) ) ;
#3326 = CARTESIAN_POINT ( 'NONE',  ( 1.550000000000000266, -2.000000000000000000, 1.900000000000000133 ) ) ;
#3327 = SURFACE_STYLE_FILL_AREA ( #3111 ) ;
#3328 = ORIENTED_EDGE ( 'NONE', *, *, #1242, .T. ) ;
#3329 = DIRECTION ( 'NONE',  ( -1.000000000000000000, 0.000000000000000000, 0.000000000000000000 ) ) ;
#3330 = EDGE_CURVE ( 'NONE', #2781, #3249, #3331, .T. ) ;
#3331 = LINE ( 'NONE', #661, #3032 ) ;
#3332 = FILL_AREA_STYLE ('',( #185 ) ) ;
#3333 = VERTEX_POINT ( 'NONE', #2263 ) ;
#3334 = PLANE ( 'NONE',  #877 ) ;
#3335 = EDGE_CURVE ( 'NONE', #2848, #2201, #2277, .T. ) ;
#3336 =( LENGTH_UNIT ( ) NAMED_UNIT ( * ) SI_UNIT ( .MILLI., .METRE. ) );
#3337 = DIRECTION ( 'NONE',  ( -1.000000000000000000, -0.000000000000000000, -0.000000000000000000 ) ) ;
#3338 =( NAMED_UNIT ( * ) SI_UNIT ( $, .STERADIAN. ) SOLID_ANGLE_UNIT ( ) );
#3339 = ORIENTED_EDGE ( 'NONE', *, *, #1846, .T. ) ;
#3340 = LINE ( 'NONE', #3073, #205 ) ;
#3341 = CARTESIAN_POINT ( 'NONE',  ( 0.000000000000000000, -1.700000000000000178, 1.900000000000000133 ) ) ;
#3342 = CARTESIAN_POINT ( 'NONE',  ( 0.000000000000000000, 0.000000000000000000, -0.3000000000000000444 ) ) ;
#3343 = SURFACE_SIDE_STYLE ('',( #1466 ) ) ;
#3344 = VERTEX_POINT ( 'NONE', #1686 ) ;
#3345 = UNCERTAINTY_MEASURE_WITH_UNIT (LENGTH_MEASURE( 1.000000000000000082E-05 ), #1887, 'distance_accuracy_value', 'NONE');
#3346 = FACE_OUTER_BOUND ( 'NONE', #299, .T. ) ;
#3347 = PRESENTATION_STYLE_ASSIGNMENT (( #1945 ) ) ;
#3348 = CARTESIAN_POINT ( 'NONE',  ( -1.550000000000000266, -2.000000000000000000, 0.3000000000000001554 ) ) ;
#3349 = DIRECTION ( 'NONE',  ( -1.000000000000000000, 0.000000000000000000, 0.000000000000000000 ) ) ;
#3350 = ORIENTED_EDGE ( 'NONE', *, *, #1903, .F. ) ;
#3351 = PLANE ( 'NONE',  #1716 ) ;
#3352 = EDGE_CURVE ( 'NONE', #372, #5, #375, .T. ) ;
#3353 = VECTOR ( 'NONE', #2394, 1000.000000000000000 ) ;
#3354 = CARTESIAN_POINT ( 'NONE',  ( -2.250000000000000444, -1.000000000000000000, -0.3000000000000001554 ) ) ;
#3355 = PRESENTATION_STYLE_ASSIGNMENT (( #1456 ) ) ;
#3356 =( NAMED_UNIT ( * ) PLANE_ANGLE_UNIT ( ) SI_UNIT ( $, .RADIAN. ) );
#3357 = PRESENTATION_LAYER_ASSIGNMENT (  '', '', ( #156 ) ) ;
#3358 = PRODUCT_DEFINITION_CONTEXT ( 'detailed design', #2075, 'design' ) ;
#3359 = EDGE_CURVE ( 'NONE', #1780, #3422, #3079, .T. ) ;
#3360 = CARTESIAN_POINT ( 'NONE',  ( -2.550000000000000266, 2.000000000000000000, 2.000000000000000000 ) ) ;
#3361 = DIRECTION ( 'NONE',  ( 1.000000000000000000, 0.000000000000000000, -0.000000000000000000 ) ) ;
#3362 = EDGE_LOOP ( 'NONE', ( #223, #2283, #1428, #440 ) ) ;
#3363 = CARTESIAN_POINT ( 'NONE',  ( -1.000000000000000888, -0.7843137254901964006, -1.799999999999999600 ) ) ;
#3364 = VECTOR ( 'NONE', #3410, 1000.000000000000000 ) ;
#3365 = SURFACE_SIDE_STYLE ('',( #992 ) ) ;
#3366 = AXIS2_PLACEMENT_3D ( 'NONE', #502, #1843, #3171 ) ;
#3367 = VERTEX_POINT ( 'NONE', #1707 ) ;
#3368 = VECTOR ( 'NONE', #723, 1000.000000000000000 ) ;
#3369 = LINE ( 'NONE', #3289, #2486 ) ;
#3370 =( GEOMETRIC_REPRESENTATION_CONTEXT ( 3 ) GLOBAL_UNCERTAINTY_ASSIGNED_CONTEXT ( ( #3155 ) ) GLOBAL_UNIT_ASSIGNED_CONTEXT ( ( #3257, #1913, #1118 ) ) REPRESENTATION_CONTEXT ( 'NONE', 'WORKASPACE' ) );
#3371 = ORIENTED_EDGE ( 'NONE', *, *, #359, .T. ) ;
#3372 = ORIENTED_EDGE ( 'NONE', *, *, #1101, .T. ) ;
#3373 =( LENGTH_UNIT ( ) NAMED_UNIT ( * ) SI_UNIT ( .MILLI., .METRE. ) );
#3374 = EDGE_CURVE ( 'NONE', #2007, #2636, #2540, .T. ) ;
#3375 = STYLED_ITEM ( 'NONE', ( #974 ), #1062 ) ;
#3376 = CARTESIAN_POINT ( 'NONE',  ( -1.000000000000000888, 2.000000000000000000, 1.799999999999999600 ) ) ;
#3377 = LINE ( 'NONE', #2403, #3194 ) ;
#3378 = PRESENTATION_LAYER_ASSIGNMENT (  '', '', ( #1511 ) ) ;
#3379 = ADVANCED_FACE ( 'NONE', ( #1728 ), #1195, .F. ) ;
#3380 = EDGE_CURVE ( 'NONE', #2621, #3173, #2004, .T. ) ;
#3381 = LINE ( 'NONE', #2563, #2915 ) ;
#3382 = VERTEX_POINT ( 'NONE', #2567 ) ;
#3383 = DIRECTION ( 'NONE',  ( 0.000000000000000000, 0.000000000000000000, 1.000000000000000000 ) ) ;
#3384 = AXIS2_PLACEMENT_3D ( 'NONE', #2647, #3465, #3383 ) ;
#3385 = CARTESIAN_POINT ( 'NONE',  ( 2.550000000000000266, -2.000000000000000000, -1.100000000000000089 ) ) ;
#3386 = ORIENTED_EDGE ( 'NONE', *, *, #3438, .F. ) ;
#3387 = DIRECTION ( 'NONE',  ( -0.000000000000000000, -0.000000000000000000, -1.000000000000000000 ) ) ;
#3388 = FACE_OUTER_BOUND ( 'NONE', #318, .T. ) ;
#3389 = VERTEX_POINT ( 'NONE', #3095 ) ;
#3390 = CARTESIAN_POINT ( 'NONE',  ( -2.550000000000000266, -2.000000000000000000, -1.100000000000000089 ) ) ;
#3391 = EDGE_LOOP ( 'NONE', ( #624, #1209, #2212, #210, #2837, #1061, #1249, #3130, #3428, #1708, #3120, #3165 ) ) ;
#3392 = CARTESIAN_POINT ( 'NONE',  ( 2.549999999999999822, -2.000000000000000000, 2.000000000000000000 ) ) ;
#3393 = FACE_OUTER_BOUND ( 'NONE', #3066, .T. ) ;
#3394 = ORIENTED_EDGE ( 'NONE', *, *, #1147, .T. ) ;
#3395 = CARTESIAN_POINT ( 'NONE',  ( 2.549999999999998934, 2.000000000000000000, 2.000000000000000000 ) ) ;
#3396 = PLANE ( 'NONE',  #1901 ) ;
#3397 = ADVANCED_FACE ( 'NONE', ( #147 ), #135, .T. ) ;
#3398 = LINE ( 'NONE', #2041, #3425 ) ;
#3399 = DIRECTION ( 'NONE',  ( 0.000000000000000000, -0.000000000000000000, 1.000000000000000000 ) ) ;
#3400 = ORIENTED_EDGE ( 'NONE', *, *, #1580, .F. ) ;
#3401 = EDGE_CURVE ( 'NONE', #3064, #485, #1775, .T. ) ;
#3402 = LINE ( 'NONE', #487, #2312 ) ;
#3403 = VECTOR ( 'NONE', #1331, 1000.000000000000000 ) ;
#3404 = CARTESIAN_POINT ( 'NONE',  ( 0.000000000000000000, 0.000000000000000000, 0.3000000000000000444 ) ) ;
#3405 = ORIENTED_EDGE ( 'NONE', *, *, #1923, .F. ) ;
#3406 = DIRECTION ( 'NONE',  ( 0.000000000000000000, 1.000000000000000000, 0.000000000000000000 ) ) ;
#3407 = EDGE_LOOP ( 'NONE', ( #103, #206 ) ) ;
#3408 =( NAMED_UNIT ( * ) SI_UNIT ( $, .STERADIAN. ) SOLID_ANGLE_UNIT ( ) );
#3409 = LINE ( 'NONE', #201, #768 ) ;
#3410 = DIRECTION ( 'NONE',  ( 0.000000000000000000, 1.000000000000000000, 0.000000000000000000 ) ) ;
#3411 = AXIS2_PLACEMENT_3D ( 'NONE', #1406, #819, #1900 ) ;
#3412 = CARTESIAN_POINT ( 'NONE',  ( 2.250000000000000444, -1.000000000000000000, -0.3000000000000001554 ) ) ;
#3413 = COLOUR_RGB ( '',0.8627450980392157298, 0.5882352941176470784, 0.06274509803921568540 ) ;
#3414 = LINE ( 'NONE', #2000, #1781 ) ;
#3415 = EDGE_CURVE ( 'NONE', #2420, #757, #1455, .T. ) ;
#3416 = SPHERICAL_SURFACE ( 'NONE', #274, 0.2499999999999998890 ) ;
#3417 = ORIENTED_EDGE ( 'NONE', *, *, #1584, .F. ) ;
#3418 = PLANE ( 'NONE',  #3206 ) ;
#3419 = ADVANCED_FACE ( 'NONE', ( #2868 ), #2068, .F. ) ;
#3420 = VECTOR ( 'NONE', #1984, 1000.000000000000000 ) ;
#3421 = ORIENTED_EDGE ( 'NONE', *, *, #978, .F. ) ;
#3422 = VERTEX_POINT ( 'NONE', #3148 ) ;
#3423 = CARTESIAN_POINT ( 'NONE',  ( 0.000000000000000000, 0.000000000000000000, 0.000000000000000000 ) ) ;
#3424 = CARTESIAN_POINT ( 'NONE',  ( 0.9999999999999991118, 2.000000000000000000, -1.799999999999999600 ) ) ;
#3425 = VECTOR ( 'NONE', #689, 1000.000000000000114 ) ;
#3426 = AXIS2_PLACEMENT_3D ( 'NONE', #1478, #3074, #1681 ) ;
#3427 = CARTESIAN_POINT ( 'NONE',  ( 1.499999999999999112, 0.000000000000000000, 0.000000000000000000 ) ) ;
#3428 = ORIENTED_EDGE ( 'NONE', *, *, #1216, .T. ) ;
#3429 = ORIENTED_EDGE ( 'NONE', *, *, #3089, .T. ) ;
#3430 = EDGE_LOOP ( 'NONE', ( #1388, #3190, #1093, #155 ) ) ;
#3431 = CARTESIAN_POINT ( 'NONE',  ( 0.9999999999999991118, 1.500000000000000000, -0.1500000000000000222 ) ) ;
#3432 = AXIS2_PLACEMENT_3D ( 'NONE', #1556, #3195, #3179 ) ;
#3433 = ORIENTED_EDGE ( 'NONE', *, *, #465, .F. ) ;
#3434 = ORIENTED_EDGE ( 'NONE', *, *, #3352, .F. ) ;
#3435 = DIRECTION ( 'NONE',  ( 0.000000000000000000, 1.000000000000000000, 0.000000000000000000 ) ) ;
#3436 = DIRECTION ( 'NONE',  ( 0.000000000000000000, 1.000000000000000000, 0.000000000000000000 ) ) ;
#3437 = DIRECTION ( 'NONE',  ( -1.000000000000000000, -0.000000000000000000, -0.000000000000000000 ) ) ;
#3438 = EDGE_CURVE ( 'NONE', #3367, #3019, #953, .T. ) ;
#3439 = DIRECTION ( 'NONE',  ( -1.000000000000000000, 0.000000000000000000, 0.000000000000000000 ) ) ;
#3440 = VECTOR ( 'NONE', #2964, 1000.000000000000000 ) ;
#3441 = ORIENTED_EDGE ( 'NONE', *, *, #2973, .T. ) ;
#3442 = PLANE ( 'NONE',  #338 ) ;
#3443 = CLOSED_SHELL ( 'NONE', ( #3245, #2652, #1274, #2733, #2890, #2532, #389, #2500, #506, #3012 ) ) ;
#3444 = ORIENTED_EDGE ( 'NONE', *, *, #1173, .T. ) ;
#3445 = PRESENTATION_STYLE_ASSIGNMENT (( #227 ) ) ;
#3446 = DIRECTION ( 'NONE',  ( 1.000000000000000000, 0.000000000000000000, -0.000000000000000000 ) ) ;
#3447 = ORIENTED_EDGE ( 'NONE', *, *, #252, .T. ) ;
#3448 =( LENGTH_UNIT ( ) NAMED_UNIT ( * ) SI_UNIT ( .MILLI., .METRE. ) );
#3449 = DIRECTION ( 'NONE',  ( 0.000000000000000000, 0.000000000000000000, 1.000000000000000000 ) ) ;
#3450 = CARTESIAN_POINT ( 'NONE',  ( 2.550000000000000266, -1.000000000000000000, -0.3000000000000000444 ) ) ;
#3451 = EDGE_CURVE ( 'NONE', #3268, #1142, #1789, .T. ) ;
#3452 = CARTESIAN_POINT ( 'NONE',  ( -1.550000000000000266, -1.700000000000000178, -1.900000000000000133 ) ) ;
#3453 = LINE ( 'NONE', #1609, #443 ) ;
#3454 = EDGE_CURVE ( 'NONE', #3333, #1146, #2862, .T. ) ;
#3455 = ORIENTED_EDGE ( 'NONE', *, *, #2019, .F. ) ;
#3456 = ORIENTED_EDGE ( 'NONE', *, *, #2866, .F. ) ;
#3457 =( GEOMETRIC_REPRESENTATION_CONTEXT ( 3 ) GLOBAL_UNCERTAINTY_ASSIGNED_CONTEXT ( ( #866 ) ) GLOBAL_UNIT_ASSIGNED_CONTEXT ( ( #1749, #1471, #2331 ) ) REPRESENTATION_CONTEXT ( 'NONE', 'WORKASPACE' ) );
#3458 = FACE_OUTER_BOUND ( 'NONE', #2467, .T. ) ;
#3459 = ORIENTED_EDGE ( 'NONE', *, *, #2145, .F. ) ;
#3460 = FILL_AREA_STYLE_COLOUR ( '', #1651 ) ;
#3461 = FILL_AREA_STYLE ('',( #1294 ) ) ;
#3462 = DIRECTION ( 'NONE',  ( 0.000000000000000000, -0.000000000000000000, -1.000000000000000000 ) ) ;
#3463 = APPLICATION_PROTOCOL_DEFINITION ( 'draft international standard', 'automotive_design', 1998, #2075 ) ;
#3464 = CARTESIAN_POINT ( 'NONE',  ( 1.550000000000000266, -1.700000000000000178, -0.3000000000000001554 ) ) ;
#3465 = DIRECTION ( 'NONE',  ( 0.000000000000000000, 1.000000000000000000, 0.000000000000000000 ) ) ;
#3466 = EDGE_CURVE ( 'NONE', #1420, #5, #3100, .T. ) ;
#3467 = AXIS2_PLACEMENT_3D ( 'NONE', #1529, #653, #141 ) ;
#3468 = LINE ( 'NONE', #3180, #3034 ) ;
#3469 = ORIENTED_EDGE ( 'NONE', *, *, #3045, .T. ) ;
#3470 = AXIS2_PLACEMENT_3D ( 'NONE', #809, #539, #322 ) ;
#3471 = EDGE_LOOP ( 'NONE', ( #1057, #1978, #3114, #2997 ) ) ;
#3472 = VECTOR ( 'NONE', #954, 1000.000000000000000 ) ;
#3473 = ADVANCED_FACE ( 'NONE', ( #3133 ), #433, .T. ) ;
#3474 = DIRECTION ( 'NONE',  ( 1.000000000000000000, 0.000000000000000000, 0.000000000000000000 ) ) ;
#3475 = ORIENTED_EDGE ( 'NONE', *, *, #2611, .F. ) ;
#3476 =( LENGTH_UNIT ( ) NAMED_UNIT ( * ) SI_UNIT ( .MILLI., .METRE. ) );
#3477 = EDGE_CURVE ( 'NONE', #555, #2170, #463, .T. ) ;
#3478 =( NAMED_UNIT ( * ) PLANE_ANGLE_UNIT ( ) SI_UNIT ( $, .RADIAN. ) );
#3479 = VECTOR ( 'NONE', #355, 1000.000000000000114 ) ;
#3480 = PLANE ( 'NONE',  #2969 ) ;
#3481 = CARTESIAN_POINT ( 'NONE',  ( -1.000000000000000888, 0.000000000000000000, 1.799999999999999600 ) ) ;
#3482 = CARTESIAN_POINT ( 'NONE',  ( -2.550000000000000266, -2.000000000000000000, -1.100000000000000089 ) ) ;
#3483 = PRESENTATION_STYLE_ASSIGNMENT (( #2183 ) ) ;
#3484 = CARTESIAN_POINT ( 'NONE',  ( 2.250000000000000444, -1.000000000000000000, 0.3000000000000001554 ) ) ;
#3485 = DIRECTION ( 'NONE',  ( -0.000000000000000000, -0.000000000000000000, -1.000000000000000000 ) ) ;
ENDSEC;
END-ISO-10303-21;
