ISO-10303-21;
HEADER;
FILE_DESCRIPTION (( 'STEP AP214' ),
    '1' );
FILE_NAME ('LSM9DS1TR.STEP',
    '2023-08-28T09:21:38',
    ( '' ),
    ( '' ),
    'SwSTEP 2.0',
    'SolidWorks 2022',
    '' );
FILE_SCHEMA (( 'AUTOMOTIVE_DESIGN' ));
ENDSEC;

DATA;
#1 = ORIENTED_EDGE ( 'NONE', *, *, #4102, .T. ) ;
#2 = DIRECTION ( 'NONE',  ( -1.000000000000000000, 0.000000000000000000, 0.000000000000000000 ) ) ;
#3 = FACE_OUTER_BOUND ( 'NONE', #839, .T. ) ;
#4 = FACE_OUTER_BOUND ( 'NONE', #250, .T. ) ;
#5 = VERTEX_POINT ( 'NONE', #3189 ) ;
#6 = EDGE_LOOP ( 'NONE', ( #2394, #3139, #2096, #1017 ) ) ;
#7 = CARTESIAN_POINT ( 'NONE',  ( -1.214999999999999858, -1.399999999999999911, 0.05099999999999999672 ) ) ;
#8 = ORIENTED_EDGE ( 'NONE', *, *, #4120, .T. ) ;
#9 = ORIENTED_EDGE ( 'NONE', *, *, #818, .T. ) ;
#10 = CARTESIAN_POINT ( 'NONE',  ( 0.9349999999999999423, 1.000000000000000000, 0.05099999999999999672 ) ) ;
#11 = EDGE_CURVE ( 'NONE', #2940, #3943, #595, .T. ) ;
#12 = ORIENTED_EDGE ( 'NONE', *, *, #485, .T. ) ;
#13 = DIRECTION ( 'NONE',  ( 0.000000000000000000, 0.000000000000000000, -1.000000000000000000 ) ) ;
#14 = DIRECTION ( 'NONE',  ( 0.000000000000000000, 0.000000000000000000, -1.000000000000000000 ) ) ;
#15 = DIRECTION ( 'NONE',  ( -1.000000000000000000, 0.000000000000000000, 0.000000000000000000 ) ) ;
#16 = ADVANCED_FACE ( 'NONE', ( #3863 ), #830, .T. ) ;
#17 = VECTOR ( 'NONE', #1520, 1000.000000000000000 ) ;
#18 = ORIENTED_EDGE ( 'NONE', *, *, #2965, .T. ) ;
#19 = EDGE_LOOP ( 'NONE', ( #496, #585, #2352, #1740 ) ) ;
#20 = VECTOR ( 'NONE', #1237, 1000.000000000000000 ) ;
#21 = FACE_OUTER_BOUND ( 'NONE', #3692, .T. ) ;
#22 = DIRECTION ( 'NONE',  ( 0.000000000000000000, -1.000000000000000000, 0.000000000000000000 ) ) ;
#23 = DIRECTION ( 'NONE',  ( 1.000000000000000000, 0.000000000000000000, 0.000000000000000000 ) ) ;
#24 = EDGE_CURVE ( 'NONE', #1434, #2544, #3496, .T. ) ;
#25 = VERTEX_POINT ( 'NONE', #4163 ) ;
#26 = AXIS2_PLACEMENT_3D ( 'NONE', #1365, #2680, #3585 ) ;
#27 = VECTOR ( 'NONE', #3578, 1000.000000000000000 ) ;
#28 =( GEOMETRIC_REPRESENTATION_CONTEXT ( 3 ) GLOBAL_UNCERTAINTY_ASSIGNED_CONTEXT ( ( #4137 ) ) GLOBAL_UNIT_ASSIGNED_CONTEXT ( ( #178, #2088, #123 ) ) REPRESENTATION_CONTEXT ( 'NONE', 'WORKASPACE' ) );
#29 = EDGE_LOOP ( 'NONE', ( #3298, #1650, #2071, #239 ) ) ;
#30 = FACE_OUTER_BOUND ( 'NONE', #2281, .T. ) ;
#31 = STYLED_ITEM ( 'NONE', ( #3855 ), #1864 ) ;
#32 = VECTOR ( 'NONE', #918, 1000.000000000000000 ) ;
#33 = DIRECTION ( 'NONE',  ( 1.000000000000000000, 0.000000000000000000, 0.000000000000000000 ) ) ;
#34 = VECTOR ( 'NONE', #1090, 1000.000000000000000 ) ;
#35 = PRODUCT_DEFINITION_FORMATION_WITH_SPECIFIED_SOURCE ( 'ANY', '', #427, .NOT_KNOWN. ) ;
#36 = VERTEX_POINT ( 'NONE', #917 ) ;
#37 = ORIENTED_EDGE ( 'NONE', *, *, #2652, .F. ) ;
#38 = EDGE_CURVE ( 'NONE', #368, #2563, #1192, .T. ) ;
#40 = DIRECTION ( 'NONE',  ( 0.000000000000000000, 0.000000000000000000, -1.000000000000000000 ) ) ;
#39 = LINE ( 'NONE', #2029, #3894 ) ;
#41 = CARTESIAN_POINT ( 'NONE',  ( 1.645000000000000018, 1.000000000000000000, 0.000000000000000000 ) ) ;
#42 = CARTESIAN_POINT ( 'NONE',  ( -1.364999999999999991, -1.399999999999999911, 0.000000000000000000 ) ) ;
#43 = UNCERTAINTY_MEASURE_WITH_UNIT (LENGTH_MEASURE( 1.000000000000000082E-05 ), #76, 'distance_accuracy_value', 'NONE');
#44 = ORIENTED_EDGE ( 'NONE', *, *, #3502, .T. ) ;
#45 = EDGE_LOOP ( 'NONE', ( #2758, #2593, #1691, #2309 ) ) ;
#46 = EDGE_CURVE ( 'NONE', #2222, #3629, #3542, .T. ) ;
#47 = DIRECTION ( 'NONE',  ( 0.000000000000000000, 0.000000000000000000, 1.000000000000000000 ) ) ;
#48 = LINE ( 'NONE', #1687, #2033 ) ;
#49 = FACE_OUTER_BOUND ( 'NONE', #1709, .T. ) ;
#50 = PLANE ( 'NONE',  #2128 ) ;
#51 = VERTEX_POINT ( 'NONE', #2509 ) ;
#52 = EDGE_CURVE ( 'NONE', #3897, #3355, #262, .T. ) ;
#53 = ORIENTED_EDGE ( 'NONE', *, *, #3898, .F. ) ;
#54 = DIRECTION ( 'NONE',  ( -1.000000000000000000, 0.000000000000000000, 0.000000000000000000 ) ) ;
#55 = MECHANICAL_DESIGN_GEOMETRIC_PRESENTATION_REPRESENTATION (  '', ( #819 ), #1636 ) ;
#56 = FACE_OUTER_BOUND ( 'NONE', #3874, .T. ) ;
#57 = VERTEX_POINT ( 'NONE', #212 ) ;
#58 = VERTEX_POINT ( 'NONE', #3213 ) ;
#59 = DIRECTION ( 'NONE',  ( 0.000000000000000000, 0.000000000000000000, 1.000000000000000000 ) ) ;
#60 = FACE_OUTER_BOUND ( 'NONE', #4159, .T. ) ;
#61 = DIRECTION ( 'NONE',  ( -1.000000000000000000, 0.000000000000000000, 0.000000000000000000 ) ) ;
#62 = CARTESIAN_POINT ( 'NONE',  ( -1.649999999999999911, -0.5050000000000000044, 0.000000000000000000 ) ) ;
#63 = ORIENTED_EDGE ( 'NONE', *, *, #3118, .T. ) ;
#64 = ORIENTED_EDGE ( 'NONE', *, *, #877, .F. ) ;
#65 = FACE_OUTER_BOUND ( 'NONE', #3304, .T. ) ;
#66 = DIRECTION ( 'NONE',  ( -1.000000000000000000, 0.000000000000000000, 0.000000000000000000 ) ) ;
#67 = AXIS2_PLACEMENT_3D ( 'NONE', #1815, #481, #1473 ) ;
#68 = LINE ( 'NONE', #3928, #2035 ) ;
#69 = LINE ( 'NONE', #3238, #4161 ) ;
#70 = FILL_AREA_STYLE ('',( #2017 ) ) ;
#71 = EDGE_LOOP ( 'NONE', ( #3820, #222, #3463, #4238 ) ) ;
#72 = EDGE_CURVE ( 'NONE', #51, #380, #176, .T. ) ;
#73 = VECTOR ( 'NONE', #158, 1000.000000000000000 ) ;
#74 = ORIENTED_EDGE ( 'NONE', *, *, #1783, .T. ) ;
#75 = PLANE ( 'NONE',  #3951 ) ;
#76 =( LENGTH_UNIT ( ) NAMED_UNIT ( * ) SI_UNIT ( .MILLI., .METRE. ) );
#77 = CARTESIAN_POINT ( 'NONE',  ( 1.649999999999999911, 0.07499999999999999722, 0.05099999999999999672 ) ) ;
#78 = EDGE_CURVE ( 'NONE', #1112, #1998, #1254, .T. ) ;
#79 = ORIENTED_EDGE ( 'NONE', *, *, #3981, .F. ) ;
#80 = SURFACE_STYLE_USAGE ( .BOTH. , #3425 ) ;
#81 = EDGE_CURVE ( 'NONE', #3024, #907, #1491, .T. ) ;
#83 = CARTESIAN_POINT ( 'NONE',  ( 1.750000000000000000, -1.500000000000000000, 1.650999999999999801 ) ) ;
#82 = DIRECTION ( 'NONE',  ( 0.000000000000000000, 0.000000000000000000, 1.000000000000000000 ) ) ;
#84 = CARTESIAN_POINT ( 'NONE',  ( -0.7850000000000000311, -1.000000000000000000, 0.05099999999999999672 ) ) ;
#85 = ORIENTED_EDGE ( 'NONE', *, *, #1320, .F. ) ;
#86 = ORIENTED_EDGE ( 'NONE', *, *, #1570, .F. ) ;
#87 = FACE_OUTER_BOUND ( 'NONE', #2047, .T. ) ;
#88 = CARTESIAN_POINT ( 'NONE',  ( -1.645000000000000018, -1.399999999999999911, 0.05099999999999999672 ) ) ;
#89 = COLOUR_RGB ( '',0.7215686274509803821, 0.7215686274509803821, 0.7215686274509803821 ) ;
#90 = DIRECTION ( 'NONE',  ( 0.000000000000000000, 1.000000000000000000, 0.000000000000000000 ) ) ;
#91 = CARTESIAN_POINT ( 'NONE',  ( -0.3549999999999999822, -1.000000000000000000, 0.000000000000000000 ) ) ;
#92 = SURFACE_STYLE_FILL_AREA ( #2784 ) ;
#93 = ORIENTED_EDGE ( 'NONE', *, *, #2693, .F. ) ;
#94 = VECTOR ( 'NONE', #3913, 1000.000000000000000 ) ;
#95 = ORIENTED_EDGE ( 'NONE', *, *, #196, .F. ) ;
#96 = EDGE_CURVE ( 'NONE', #3911, #2568, #1216, .T. ) ;
#97 = LINE ( 'NONE', #2069, #3883 ) ;
#98 = SURFACE_STYLE_FILL_AREA ( #2151 ) ;
#99 = VECTOR ( 'NONE', #3754, 1000.000000000000000 ) ;
#100 = VECTOR ( 'NONE', #1453, 1000.000000000000000 ) ;
#101 = FACE_OUTER_BOUND ( 'NONE', #1421, .T. ) ;
#102 = VECTOR ( 'NONE', #3790, 1000.000000000000000 ) ;
#103 = EDGE_LOOP ( 'NONE', ( #779, #4181, #2211, #2667 ) ) ;
#104 = AXIS2_PLACEMENT_3D ( 'NONE', #3814, #2081, #429 ) ;
#105 = EDGE_CURVE ( 'NONE', #1517, #1327, #1172, .T. ) ;
#106 = STYLED_ITEM ( 'NONE', ( #965 ), #3393 ) ;
#107 = LINE ( 'NONE', #3112, #667 ) ;
#108 = VECTOR ( 'NONE', #227, 1000.000000000000000 ) ;
#109 = AXIS2_PLACEMENT_3D ( 'NONE', #2228, #2547, #3860 ) ;
#110 = EDGE_CURVE ( 'NONE', #4138, #2361, #875, .T. ) ;
#111 = VECTOR ( 'NONE', #3135, 1000.000000000000000 ) ;
#112 = DIRECTION ( 'NONE',  ( -0.000000000000000000, 1.000000000000000000, 0.000000000000000000 ) ) ;
#113 = LINE ( 'NONE', #2419, #3889 ) ;
#114 = ORIENTED_EDGE ( 'NONE', *, *, #362, .T. ) ;
#115 = CARTESIAN_POINT ( 'NONE',  ( 1.364999999999999991, -1.399999999999999911, 0.000000000000000000 ) ) ;
#116 = DIRECTION ( 'NONE',  ( 0.000000000000000000, 0.000000000000000000, -1.000000000000000000 ) ) ;
#117 = DIRECTION ( 'NONE',  ( 0.000000000000000000, -1.000000000000000000, 0.000000000000000000 ) ) ;
#118 = CARTESIAN_POINT ( 'NONE',  ( 0.3549999999999999822, 1.000000000000000000, 0.000000000000000000 ) ) ;
#119 =( NAMED_UNIT ( * ) SI_UNIT ( $, .STERADIAN. ) SOLID_ANGLE_UNIT ( ) );
#120 = ORIENTED_EDGE ( 'NONE', *, *, #2526, .F. ) ;
#121 = ORIENTED_EDGE ( 'NONE', *, *, #446, .F. ) ;
#122 = CARTESIAN_POINT ( 'NONE',  ( 0.07499999999999999722, 1.399999999999999911, 0.000000000000000000 ) ) ;
#123 =( NAMED_UNIT ( * ) SI_UNIT ( $, .STERADIAN. ) SOLID_ANGLE_UNIT ( ) );
#124 = ORIENTED_EDGE ( 'NONE', *, *, #708, .F. ) ;
#125 = VECTOR ( 'NONE', #2891, 1000.000000000000000 ) ;
#126 = DIRECTION ( 'NONE',  ( 0.000000000000000000, 0.000000000000000000, -1.000000000000000000 ) ) ;
#127 = PRODUCT_DEFINITION_SHAPE ( 'NONE', 'NONE',  #2022 ) ;
#128 = EDGE_CURVE ( 'NONE', #4101, #2261, #848, .T. ) ;
#129 = DIRECTION ( 'NONE',  ( -1.000000000000000000, 0.000000000000000000, 0.000000000000000000 ) ) ;
#130 = CARTESIAN_POINT ( 'NONE',  ( 0.5050000000000000044, -1.399999999999999911, 0.05099999999999999672 ) ) ;
#131 = ORIENTED_EDGE ( 'NONE', *, *, #3893, .F. ) ;
#132 = EDGE_CURVE ( 'NONE', #1589, #1841, #3476, .T. ) ;
#133 = LINE ( 'NONE', #3430, #3416 ) ;
#134 = FACE_OUTER_BOUND ( 'NONE', #1062, .T. ) ;
#135 = CARTESIAN_POINT ( 'NONE',  ( 0.9349999999999999423, -1.000000000000000000, 0.000000000000000000 ) ) ;
#136 = CARTESIAN_POINT ( 'NONE',  ( 0.5050000000000000044, 1.399999999999999911, 0.000000000000000000 ) ) ;
#137 = FILL_AREA_STYLE ('',( #1128 ) ) ;
#138 = ORIENTED_EDGE ( 'NONE', *, *, #407, .T. ) ;
#139 = ADVANCED_FACE ( 'NONE', ( #3148 ), #192, .T. ) ;
#140 = ORIENTED_EDGE ( 'NONE', *, *, #3467, .T. ) ;
#141 = LINE ( 'NONE', #4078, #2438 ) ;
#142 = CARTESIAN_POINT ( 'NONE',  ( -1.250000000000000000, 0.7850000000000000311, 0.05099999999999999672 ) ) ;
#143 = CLOSED_SHELL ( 'NONE', ( #2767, #3685, #254, #1760, #908, #1036 ) ) ;
#144 = VERTEX_POINT ( 'NONE', #611 ) ;
#145 = DIRECTION ( 'NONE',  ( 0.000000000000000000, -1.000000000000000000, 0.000000000000000000 ) ) ;
#146 = LINE ( 'NONE', #1457, #2386 ) ;
#147 = ORIENTED_EDGE ( 'NONE', *, *, #1600, .T. ) ;
#148 = DIRECTION ( 'NONE',  ( 0.000000000000000000, 0.000000000000000000, -1.000000000000000000 ) ) ;
#149 = EDGE_CURVE ( 'NONE', #1546, #3771, #943, .T. ) ;
#150 = PLANE ( 'NONE',  #3187 ) ;
#151 = DIRECTION ( 'NONE',  ( 0.000000000000000000, -1.000000000000000000, 0.000000000000000000 ) ) ;
#152 = DIRECTION ( 'NONE',  ( 0.000000000000000000, 0.000000000000000000, -1.000000000000000000 ) ) ;
#153 = DIRECTION ( 'NONE',  ( -1.000000000000000000, 0.000000000000000000, 0.000000000000000000 ) ) ;
#154 = VERTEX_POINT ( 'NONE', #3329 ) ;
#155 = VERTEX_POINT ( 'NONE', #3026 ) ;
#156 = ADVANCED_FACE ( 'NONE', ( #3704 ), #420, .T. ) ;
#157 = CARTESIAN_POINT ( 'NONE',  ( 1.649999999999999911, -0.7850000000000000311, 0.05099999999999999672 ) ) ;
#158 = DIRECTION ( 'NONE',  ( 0.000000000000000000, 1.000000000000000000, 0.000000000000000000 ) ) ;
#159 = COLOUR_RGB ( '',0.7215686274509803821, 0.7215686274509803821, 0.7215686274509803821 ) ;
#160 = ORIENTED_EDGE ( 'NONE', *, *, #1213, .T. ) ;
#161 = VECTOR ( 'NONE', #3455, 1000.000000000000000 ) ;
#162 = AXIS2_PLACEMENT_3D ( 'NONE', #2362, #47, #701 ) ;
#163 = VECTOR ( 'NONE', #1723, 1000.000000000000000 ) ;
#164 = SURFACE_STYLE_USAGE ( .BOTH. , #3854 ) ;
#165 = DIRECTION ( 'NONE',  ( 0.000000000000000000, 0.000000000000000000, 1.000000000000000000 ) ) ;
#166 = AXIS2_PLACEMENT_3D ( 'NONE', #509, #3138, #4031 ) ;
#167 = VECTOR ( 'NONE', #3315, 1000.000000000000000 ) ;
#168 = ORIENTED_EDGE ( 'NONE', *, *, #1837, .T. ) ;
#169 = AXIS2_PLACEMENT_3D ( 'NONE', #3869, #924, #1200 ) ;
#170 = CARTESIAN_POINT ( 'NONE',  ( 1.250000000000000000, -0.3549999999999999822, 0.05099999999999999672 ) ) ;
#171 = LINE ( 'NONE', #2100, #4223 ) ;
#172 = PLANE ( 'NONE',  #3686 ) ;
#173 = DIRECTION ( 'NONE',  ( -1.000000000000000000, 0.000000000000000000, 0.000000000000000000 ) ) ;
#174 = EDGE_LOOP ( 'NONE', ( #1801, #3557, #1070, #2439 ) ) ;
#175 = EDGE_CURVE ( 'NONE', #1844, #4258, #754, .T. ) ;
#176 = LINE ( 'NONE', #2231, #272 ) ;
#177 = FACE_OUTER_BOUND ( 'NONE', #675, .T. ) ;
#178 =( LENGTH_UNIT ( ) NAMED_UNIT ( * ) SI_UNIT ( .MILLI., .METRE. ) );
#179 = LINE ( 'NONE', #4063, #2074 ) ;
#180 = EDGE_CURVE ( 'NONE', #2361, #3679, #2070, .T. ) ;
#181 = ORIENTED_EDGE ( 'NONE', *, *, #2526, .T. ) ;
#182 = FACE_OUTER_BOUND ( 'NONE', #1629, .T. ) ;
#183 = PLANE ( 'NONE',  #3532 ) ;
#184 = CARTESIAN_POINT ( 'NONE',  ( -0.3549999999999999822, 1.000000000000000000, 0.000000000000000000 ) ) ;
#185 = EDGE_LOOP ( 'NONE', ( #717, #2012, #400, #1132 ) ) ;
#186 = CARTESIAN_POINT ( 'NONE',  ( -1.214999999999999858, -1.399999999999999911, 0.000000000000000000 ) ) ;
#187 = CARTESIAN_POINT ( 'NONE',  ( -1.649999999999999911, 0.5050000000000000044, 0.05099999999999999672 ) ) ;
#188 = LINE ( 'NONE', #3816, #3195 ) ;
#189 = CARTESIAN_POINT ( 'NONE',  ( -1.214999999999999858, -1.000000000000000000, 0.000000000000000000 ) ) ;
#190 = DIRECTION ( 'NONE',  ( 1.000000000000000000, 0.000000000000000000, 0.000000000000000000 ) ) ;
#191 = EDGE_LOOP ( 'NONE', ( #3924, #3288, #874, #3351 ) ) ;
#192 = PLANE ( 'NONE',  #3857 ) ;
#193 = LINE ( 'NONE', #1510, #3547 ) ;
#194 = CARTESIAN_POINT ( 'NONE',  ( -1.250000000000000000, -0.07499999999999999722, 0.000000000000000000 ) ) ;
#195 = DIRECTION ( 'NONE',  ( 0.000000000000000000, 0.000000000000000000, 1.000000000000000000 ) ) ;
#196 = EDGE_CURVE ( 'NONE', #3364, #2050, #1328, .T. ) ;
#197 = ORIENTED_EDGE ( 'NONE', *, *, #2141, .T. ) ;
#198 = EDGE_CURVE ( 'NONE', #2340, #3657, #2644, .T. ) ;
#199 = CLOSED_SHELL ( 'NONE', ( #3099, #2497, #3155, #840, #3730, #4240 ) ) ;
#200 = ORIENTED_EDGE ( 'NONE', *, *, #1837, .F. ) ;
#201 = ORIENTED_EDGE ( 'NONE', *, *, #315, .T. ) ;
#202 = DIRECTION ( 'NONE',  ( -0.000000000000000000, 1.000000000000000000, 0.000000000000000000 ) ) ;
#203 = EDGE_CURVE ( 'NONE', #1093, #923, #3378, .T. ) ;
#204 = ORIENTED_EDGE ( 'NONE', *, *, #2209, .T. ) ;
#205 = PLANE ( 'NONE',  #442 ) ;
#206 = PLANE ( 'NONE',  #2513 ) ;
#207 = CARTESIAN_POINT ( 'NONE',  ( 0.07499999999999999722, 1.399999999999999911, 0.05099999999999999672 ) ) ;
#208 = DIRECTION ( 'NONE',  ( 1.000000000000000000, 0.000000000000000000, 0.000000000000000000 ) ) ;
#209 = UNCERTAINTY_MEASURE_WITH_UNIT (LENGTH_MEASURE( 1.000000000000000082E-05 ), #1598, 'distance_accuracy_value', 'NONE');
#210 = FACE_OUTER_BOUND ( 'NONE', #2724, .T. ) ;
#211 = ORIENTED_EDGE ( 'NONE', *, *, #2941, .T. ) ;
#212 = CARTESIAN_POINT ( 'NONE',  ( 1.250000000000000000, 0.07499999999999999722, 0.000000000000000000 ) ) ;
#213 = LINE ( 'NONE', #3518, #1274 ) ;
#214 = CARTESIAN_POINT ( 'NONE',  ( -0.7850000000000000311, 1.000000000000000000, 0.05099999999999999672 ) ) ;
#215 = CARTESIAN_POINT ( 'NONE',  ( -1.250000000000000000, 0.3549999999999999822, 0.05099999999999999672 ) ) ;
#216 = LINE ( 'NONE', #901, #275 ) ;
#217 = EDGE_CURVE ( 'NONE', #2078, #3297, #2981, .T. ) ;
#218 = ORIENTED_EDGE ( 'NONE', *, *, #3212, .T. ) ;
#219 = CARTESIAN_POINT ( 'NONE',  ( 0.7850000000000000311, 1.399999999999999911, 0.05099999999999999672 ) ) ;
#220 = MECHANICAL_DESIGN_GEOMETRIC_PRESENTATION_REPRESENTATION (  '', ( #2570 ), #2713 ) ;
#221 = CARTESIAN_POINT ( 'NONE',  ( 1.750000000000000000, -1.500000000000000000, 0.05099999999999999672 ) ) ;
#222 = ORIENTED_EDGE ( 'NONE', *, *, #2872, .F. ) ;
#223 = ADVANCED_FACE ( 'NONE', ( #101 ), #1077, .T. ) ;
#224 = VERTEX_POINT ( 'NONE', #330 ) ;
#225 = AXIS2_PLACEMENT_3D ( 'NONE', #1302, #2613, #3927 ) ;
#226 = CARTESIAN_POINT ( 'NONE',  ( -1.250000000000000000, -0.7850000000000000311, 0.000000000000000000 ) ) ;
#227 = DIRECTION ( 'NONE',  ( 0.000000000000000000, 0.000000000000000000, -1.000000000000000000 ) ) ;
#228 = AXIS2_PLACEMENT_3D ( 'NONE', #1034, #54, #1391 ) ;
#229 = VECTOR ( 'NONE', #2655, 1000.000000000000000 ) ;
#230 = ORIENTED_EDGE ( 'NONE', *, *, #2399, .T. ) ;
#231 = AXIS2_PLACEMENT_3D ( 'NONE', #2702, #1707, #1324 ) ;
#232 = EDGE_CURVE ( 'NONE', #395, #2550, #3980, .T. ) ;
#233 = LINE ( 'NONE', #2868, #654 ) ;
#234 = DIRECTION ( 'NONE',  ( 1.000000000000000000, 0.000000000000000000, 0.000000000000000000 ) ) ;
#235 = VECTOR ( 'NONE', #684, 1000.000000000000000 ) ;
#236 = PLANE ( 'NONE',  #2583 ) ;
#237 = PLANE ( 'NONE',  #999 ) ;
#238 = CARTESIAN_POINT ( 'NONE',  ( -0.07499999999999999722, 1.399999999999999911, 0.000000000000000000 ) ) ;
#239 = ORIENTED_EDGE ( 'NONE', *, *, #3342, .T. ) ;
#240 = MECHANICAL_DESIGN_GEOMETRIC_PRESENTATION_REPRESENTATION (  '', ( #2586 ), #1419 ) ;
#241 = VECTOR ( 'NONE', #2932, 1000.000000000000000 ) ;
#242 = ORIENTED_EDGE ( 'NONE', *, *, #1811, .T. ) ;
#243 = LINE ( 'NONE', #3233, #3751 ) ;
#244 = DIRECTION ( 'NONE',  ( 1.000000000000000000, 0.000000000000000000, 0.000000000000000000 ) ) ;
#245 = VECTOR ( 'NONE', #3997, 1000.000000000000000 ) ;
#246 = LINE ( 'NONE', #2235, #2144 ) ;
#247 = EDGE_LOOP ( 'NONE', ( #79, #3944, #85, #3918 ) ) ;
#248 = SURFACE_SIDE_STYLE ('',( #2195 ) ) ;
#249 = LINE ( 'NONE', #221, #3878 ) ;
#250 = EDGE_LOOP ( 'NONE', ( #1863, #1458, #3319, #1979 ) ) ;
#251 = ORIENTED_EDGE ( 'NONE', *, *, #3588, .T. ) ;
#252 = DIRECTION ( 'NONE',  ( 0.000000000000000000, 0.000000000000000000, -1.000000000000000000 ) ) ;
#253 =( NAMED_UNIT ( * ) SI_UNIT ( $, .STERADIAN. ) SOLID_ANGLE_UNIT ( ) );
#254 = ADVANCED_FACE ( 'NONE', ( #1373 ), #1418, .T. ) ;
#255 = VERTEX_POINT ( 'NONE', #399 ) ;
#256 = LINE ( 'NONE', #2159, #4152 ) ;
#257 = DIRECTION ( 'NONE',  ( -1.000000000000000000, 0.000000000000000000, 0.000000000000000000 ) ) ;
#258 = DIRECTION ( 'NONE',  ( 0.000000000000000000, 0.000000000000000000, -1.000000000000000000 ) ) ;
#259 = EDGE_CURVE ( 'NONE', #1521, #3289, #2397, .T. ) ;
#260 = CARTESIAN_POINT ( 'NONE',  ( 0.07499999999999999722, 1.000000000000000000, 0.000000000000000000 ) ) ;
#261 = EDGE_LOOP ( 'NONE', ( #53, #2900, #990, #1248 ) ) ;
#262 = LINE ( 'NONE', #2531, #3303 ) ;
#263 = LINE ( 'NONE', #2212, #801 ) ;
#264 = DIRECTION ( 'NONE',  ( -1.000000000000000000, 0.000000000000000000, 0.000000000000000000 ) ) ;
#265 = LINE ( 'NONE', #1834, #371 ) ;
#266 = ADVANCED_FACE ( 'NONE', ( #989 ), #3656, .T. ) ;
#267 = SURFACE_SIDE_STYLE ('',( #3254 ) ) ;
#268 = ORIENTED_EDGE ( 'NONE', *, *, #3842, .F. ) ;
#269 = DIRECTION ( 'NONE',  ( 0.000000000000000000, 0.000000000000000000, -1.000000000000000000 ) ) ;
#270 = CARTESIAN_POINT ( 'NONE',  ( -1.214999999999999858, 1.000000000000000000, 0.000000000000000000 ) ) ;
#271 = ORIENTED_EDGE ( 'NONE', *, *, #2403, .F. ) ;
#272 = VECTOR ( 'NONE', #4203, 1000.000000000000000 ) ;
#273 = DIRECTION ( 'NONE',  ( 0.000000000000000000, 1.000000000000000000, 0.000000000000000000 ) ) ;
#274 = ORIENTED_EDGE ( 'NONE', *, *, #794, .T. ) ;
#275 = VECTOR ( 'NONE', #2914, 1000.000000000000000 ) ;
#276 = EDGE_CURVE ( 'NONE', #154, #934, #3287, .T. ) ;
#277 = DIRECTION ( 'NONE',  ( -1.000000000000000000, 0.000000000000000000, 0.000000000000000000 ) ) ;
#278 = CARTESIAN_POINT ( 'NONE',  ( -0.3549999999999999822, -1.399999999999999911, 0.05099999999999999672 ) ) ;
#279 = DIRECTION ( 'NONE',  ( 0.000000000000000000, 0.000000000000000000, -1.000000000000000000 ) ) ;
#280 = DIRECTION ( 'NONE',  ( 0.000000000000000000, -1.000000000000000000, 0.000000000000000000 ) ) ;
#281 = ORIENTED_EDGE ( 'NONE', *, *, #770, .F. ) ;
#282 = ADVANCED_FACE ( 'NONE', ( #56 ), #2959, .T. ) ;
#283 = CARTESIAN_POINT ( 'NONE',  ( 1.250000000000000000, 0.3549999999999999822, 0.05099999999999999672 ) ) ;
#284 = DIRECTION ( 'NONE',  ( 1.000000000000000000, 0.000000000000000000, 0.000000000000000000 ) ) ;
#285 = DIRECTION ( 'NONE',  ( 0.000000000000000000, 0.000000000000000000, 1.000000000000000000 ) ) ;
#286 = EDGE_CURVE ( 'NONE', #1977, #3164, #3637, .T. ) ;
#287 = ORIENTED_EDGE ( 'NONE', *, *, #467, .F. ) ;
#288 = CARTESIAN_POINT ( 'NONE',  ( -1.214999999999999858, -1.000000000000000000, 0.000000000000000000 ) ) ;
#289 = DIRECTION ( 'NONE',  ( 0.000000000000000000, 0.000000000000000000, -1.000000000000000000 ) ) ;
#290 = EDGE_LOOP ( 'NONE', ( #3705, #200, #1625, #251 ) ) ;
#291 = ORIENTED_EDGE ( 'NONE', *, *, #2533, .T. ) ;
#292 = LINE ( 'NONE', #3077, #1758 ) ;
#293 = FILL_AREA_STYLE_COLOUR ( '', #2650 ) ;
#294 = EDGE_LOOP ( 'NONE', ( #2185, #2686, #1300, #566 ) ) ;
#295 = DIRECTION ( 'NONE',  ( 1.000000000000000000, 0.000000000000000000, 0.000000000000000000 ) ) ;
#296 = CARTESIAN_POINT ( 'NONE',  ( 0.9349999999999999423, -1.399999999999999911, 0.000000000000000000 ) ) ;
#297 = VECTOR ( 'NONE', #1221, 1000.000000000000000 ) ;
#298 = LINE ( 'NONE', #1041, #241 ) ;
#299 = ORIENTED_EDGE ( 'NONE', *, *, #3521, .T. ) ;
#300 = VECTOR ( 'NONE', #2226, 1000.000000000000000 ) ;
#301 = VECTOR ( 'NONE', #1642, 1000.000000000000000 ) ;
#302 = STYLED_ITEM ( 'NONE', ( #1095 ), #3373 ) ;
#303 = DIRECTION ( 'NONE',  ( 0.000000000000000000, -1.000000000000000000, 0.000000000000000000 ) ) ;
#304 = CARTESIAN_POINT ( 'NONE',  ( -1.399999999999999911, 0.6449999999999999067, 1.650999999999999801 ) ) ;
#305 = CARTESIAN_POINT ( 'NONE',  ( -1.250000000000000000, -0.3549999999999999822, 0.000000000000000000 ) ) ;
#306 = VECTOR ( 'NONE', #3310, 1000.000000000000000 ) ;
#307 = ADVANCED_FACE ( 'NONE', ( #376 ), #1694, .T. ) ;
#308 = VECTOR ( 'NONE', #2968, 1000.000000000000000 ) ;
#309 = ORIENTED_EDGE ( 'NONE', *, *, #24, .T. ) ;
#310 = FACE_OUTER_BOUND ( 'NONE', #1311, .T. ) ;
#311 = PLANE ( 'NONE',  #502 ) ;
#312 = EDGE_CURVE ( 'NONE', #1624, #2770, #2470, .T. ) ;
#313 = ORIENTED_EDGE ( 'NONE', *, *, #128, .T. ) ;
#314 = ORIENTED_EDGE ( 'NONE', *, *, #180, .F. ) ;
#315 = EDGE_CURVE ( 'NONE', #2550, #1589, #3724, .T. ) ;
#316 = ORIENTED_EDGE ( 'NONE', *, *, #3807, .F. ) ;
#317 = DIRECTION ( 'NONE',  ( 0.000000000000000000, -1.000000000000000000, 0.000000000000000000 ) ) ;
#318 = LINE ( 'NONE', #1719, #792 ) ;
#319 = CARTESIAN_POINT ( 'NONE',  ( -1.649999999999999911, -0.3549999999999999822, 0.000000000000000000 ) ) ;
#320 = ORIENTED_EDGE ( 'NONE', *, *, #4057, .T. ) ;
#321 = ORIENTED_EDGE ( 'NONE', *, *, #1114, .F. ) ;
#322 = MECHANICAL_DESIGN_GEOMETRIC_PRESENTATION_REPRESENTATION (  '', ( #958 ), #753 ) ;
#323 = CARTESIAN_POINT ( 'NONE',  ( 1.645000000000000018, -1.399999999999999911, 0.000000000000000000 ) ) ;
#324 = PLANE ( 'NONE',  #1136 ) ;
#325 = DIRECTION ( 'NONE',  ( 1.000000000000000000, 0.000000000000000000, 0.000000000000000000 ) ) ;
#326 = ORIENTED_EDGE ( 'NONE', *, *, #2965, .F. ) ;
#327 = PRESENTATION_LAYER_ASSIGNMENT (  '', '', ( #2194 ) ) ;
#328 = ORIENTED_EDGE ( 'NONE', *, *, #3605, .F. ) ;
#329 = EDGE_CURVE ( 'NONE', #1851, #699, #2769, .T. ) ;
#330 = CARTESIAN_POINT ( 'NONE',  ( -1.364999999999999991, -1.000000000000000000, 0.05099999999999999672 ) ) ;
#331 = VERTEX_POINT ( 'NONE', #3132 ) ;
#332 = EDGE_LOOP ( 'NONE', ( #354, #970, #433, #204 ) ) ;
#333 = EDGE_CURVE ( 'NONE', #1054, #3503, #179, .T. ) ;
#334 = CARTESIAN_POINT ( 'NONE',  ( 1.364999999999999991, -1.000000000000000000, 0.000000000000000000 ) ) ;
#335 = ORIENTED_EDGE ( 'NONE', *, *, #1632, .T. ) ;
#336 = ADVANCED_FACE ( 'NONE', ( #1176 ), #832, .T. ) ;
#337 = CARTESIAN_POINT ( 'NONE',  ( 0.07499999999999999722, -1.000000000000000000, 0.05099999999999999672 ) ) ;
#338 = CARTESIAN_POINT ( 'NONE',  ( -1.250000000000000000, 0.07499999999999999722, 0.05099999999999999672 ) ) ;
#339 = CARTESIAN_POINT ( 'NONE',  ( -1.399999999999999911, 0.6449999999999999067, 1.654000000000000137 ) ) ;
#340 = UNCERTAINTY_MEASURE_WITH_UNIT (LENGTH_MEASURE( 1.000000000000000082E-05 ), #2975, 'distance_accuracy_value', 'NONE');
#341 = CLOSED_SHELL ( 'NONE', ( #3558, #3737, #1895, #3693, #3050, #2776 ) ) ;
#342 = ORIENTED_EDGE ( 'NONE', *, *, #4081, .T. ) ;
#343 = ORIENTED_EDGE ( 'NONE', *, *, #2736, .F. ) ;
#344 = CARTESIAN_POINT ( 'NONE',  ( 1.250000000000000000, -0.5050000000000000044, 0.000000000000000000 ) ) ;
#345 = LINE ( 'NONE', #1663, #3746 ) ;
#346 = LINE ( 'NONE', #1643, #235 ) ;
#347 =( NAMED_UNIT ( * ) PLANE_ANGLE_UNIT ( ) SI_UNIT ( $, .RADIAN. ) );
#348 = VERTEX_POINT ( 'NONE', #500 ) ;
#349 = ORIENTED_EDGE ( 'NONE', *, *, #2941, .F. ) ;
#350 = LINE ( 'NONE', #3395, #1405 ) ;
#351 = CARTESIAN_POINT ( 'NONE',  ( -1.250000000000000000, -0.5050000000000000044, 0.000000000000000000 ) ) ;
#352 = EDGE_CURVE ( 'NONE', #3736, #1112, #1756, .T. ) ;
#353 = ORIENTED_EDGE ( 'NONE', *, *, #2960, .T. ) ;
#354 = ORIENTED_EDGE ( 'NONE', *, *, #2760, .T. ) ;
#355 = ADVANCED_FACE ( 'NONE', ( #2152 ), #2414, .T. ) ;
#357 = CARTESIAN_POINT ( 'NONE',  ( 1.214999999999999858, -1.000000000000000000, 0.000000000000000000 ) ) ;
#356 = FACE_OUTER_BOUND ( 'NONE', #3615, .T. ) ;
#358 = DIRECTION ( 'NONE',  ( 0.000000000000000000, 1.000000000000000000, 0.000000000000000000 ) ) ;
#359 = CARTESIAN_POINT ( 'NONE',  ( 0.5050000000000000044, 1.000000000000000000, 0.000000000000000000 ) ) ;
#360 = AXIS2_PLACEMENT_3D ( 'NONE', #2816, #3176, #3114 ) ;
#361 = ORIENTED_EDGE ( 'NONE', *, *, #1320, .T. ) ;
#362 = EDGE_CURVE ( 'NONE', #2892, #155, #3073, .T. ) ;
#363 = VERTEX_POINT ( 'NONE', #2490 ) ;
#364 = VECTOR ( 'NONE', #4226, 1000.000000000000000 ) ;
#365 = LINE ( 'NONE', #2935, #369 ) ;
#366 = DIRECTION ( 'NONE',  ( 0.000000000000000000, 0.000000000000000000, 1.000000000000000000 ) ) ;
#367 = CARTESIAN_POINT ( 'NONE',  ( 0.9349999999999999423, -1.000000000000000000, 0.05099999999999999672 ) ) ;
#368 = VERTEX_POINT ( 'NONE', #1795 ) ;
#369 = VECTOR ( 'NONE', #2324, 1000.000000000000000 ) ;
#370 = VECTOR ( 'NONE', #1296, 1000.000000000000000 ) ;
#371 = VECTOR ( 'NONE', #2573, 1000.000000000000000 ) ;
#372 = ORIENTED_EDGE ( 'NONE', *, *, #2238, .F. ) ;
#373 = DIRECTION ( 'NONE',  ( -1.000000000000000000, 0.000000000000000000, 0.000000000000000000 ) ) ;
#374 = MECHANICAL_DESIGN_GEOMETRIC_PRESENTATION_REPRESENTATION (  '', ( #31 ), #3955 ) ;
#375 = VECTOR ( 'NONE', #258, 1000.000000000000000 ) ;
#376 = FACE_OUTER_BOUND ( 'NONE', #2046, .T. ) ;
#377 = AXIS2_PLACEMENT_3D ( 'NONE', #2714, #1761, #126 ) ;
#378 = AXIS2_PLACEMENT_3D ( 'NONE', #1674, #381, #1280 ) ;
#379 = ORIENTED_EDGE ( 'NONE', *, *, #396, .F. ) ;
#380 = VERTEX_POINT ( 'NONE', #1494 ) ;
#382 = CARTESIAN_POINT ( 'NONE',  ( 0.7850000000000000311, 1.399999999999999911, 0.000000000000000000 ) ) ;
#381 = DIRECTION ( 'NONE',  ( 0.000000000000000000, -1.000000000000000000, 0.000000000000000000 ) ) ;
#383 = EDGE_CURVE ( 'NONE', #25, #3075, #2132, .T. ) ;
#384 = LINE ( 'NONE', #3965, #3613 ) ;
#385 = CARTESIAN_POINT ( 'NONE',  ( 1.250000000000000000, 0.5050000000000000044, 0.000000000000000000 ) ) ;
#386 = EDGE_LOOP ( 'NONE', ( #1930, #4174, #3931, #1574 ) ) ;
#387 = EDGE_LOOP ( 'NONE', ( #1349, #1433, #2805, #2225 ) ) ;
#388 = CARTESIAN_POINT ( 'NONE',  ( 1.250000000000000000, 0.5050000000000000044, 0.000000000000000000 ) ) ;
#389 = EDGE_CURVE ( 'NONE', #2568, #4034, #3482, .T. ) ;
#390 = FACE_OUTER_BOUND ( 'NONE', #1984, .T. ) ;
#391 = DIRECTION ( 'NONE',  ( 0.000000000000000000, 0.000000000000000000, -1.000000000000000000 ) ) ;
#392 = CYLINDRICAL_SURFACE ( 'NONE', #2109, 0.07499997700000007872 ) ;
#393 = SURFACE_STYLE_FILL_AREA ( #748 ) ;
#394 = ORIENTED_EDGE ( 'NONE', *, *, #4081, .F. ) ;
#395 = VERTEX_POINT ( 'NONE', #3439 ) ;
#396 = EDGE_CURVE ( 'NONE', #1998, #1277, #793, .T. ) ;
#397 = CARTESIAN_POINT ( 'NONE',  ( -1.364999999999999991, 1.399999999999999911, 0.000000000000000000 ) ) ;
#398 =( GEOMETRIC_REPRESENTATION_CONTEXT ( 3 ) GLOBAL_UNCERTAINTY_ASSIGNED_CONTEXT ( ( #3880 ) ) GLOBAL_UNIT_ASSIGNED_CONTEXT ( ( #2045, #347, #2638 ) ) REPRESENTATION_CONTEXT ( 'NONE', 'WORKASPACE' ) );
#399 = CARTESIAN_POINT ( 'NONE',  ( 1.250000000000000000, 0.5050000000000000044, 0.000000000000000000 ) ) ;
#400 = ORIENTED_EDGE ( 'NONE', *, *, #604, .F. ) ;
#401 = ORIENTED_EDGE ( 'NONE', *, *, #2276, .F. ) ;
#402 = CARTESIAN_POINT ( 'NONE',  ( 1.649999999999999911, -0.7850000000000000311, 0.05099999999999999672 ) ) ;
#404 = CARTESIAN_POINT ( 'NONE',  ( -1.649999999999999911, 0.5050000000000000044, 0.000000000000000000 ) ) ;
#403 = PLANE ( 'NONE',  #2994 ) ;
#405 = CARTESIAN_POINT ( 'NONE',  ( 0.3549999999999999822, 1.399999999999999911, 0.05099999999999999672 ) ) ;
#406 = ORIENTED_EDGE ( 'NONE', *, *, #768, .T. ) ;
#407 = EDGE_CURVE ( 'NONE', #2669, #4008, #3800, .T. ) ;
#408 = EDGE_LOOP ( 'NONE', ( #1469, #1004, #1104, #639 ) ) ;
#409 = LINE ( 'NONE', #3695, #791 ) ;
#410 = DIRECTION ( 'NONE',  ( 0.000000000000000000, 1.000000000000000000, 0.000000000000000000 ) ) ;
#411 = VECTOR ( 'NONE', #4019, 1000.000000000000000 ) ;
#412 = LINE ( 'NONE', #4094, #2450 ) ;
#413 = CARTESIAN_POINT ( 'NONE',  ( -1.649999999999999911, 0.5050000000000000044, 0.000000000000000000 ) ) ;
#414 = MANIFOLD_SOLID_BREP ( 'Imported23', #2206 ) ;
#415 = VERTEX_POINT ( 'NONE', #4230 ) ;
#416 = ADVANCED_FACE ( 'NONE', ( #2536 ), #4079, .T. ) ;
#417 = ORIENTED_EDGE ( 'NONE', *, *, #1541, .T. ) ;
#418 = DIRECTION ( 'NONE',  ( 0.000000000000000000, 0.000000000000000000, -1.000000000000000000 ) ) ;
#419 = SURFACE_SIDE_STYLE ('',( #3109 ) ) ;
#420 = PLANE ( 'NONE',  #3510 ) ;
#421 = EDGE_CURVE ( 'NONE', #2558, #1516, #216, .T. ) ;
#422 = VERTEX_POINT ( 'NONE', #922 ) ;
#424 = CARTESIAN_POINT ( 'NONE',  ( -1.645000000000000018, -1.399999999999999911, 0.000000000000000000 ) ) ;
#423 = FILL_AREA_STYLE_COLOUR ( '', #2862 ) ;
#425 = LINE ( 'NONE', #1738, #108 ) ;
#426 = VERTEX_POINT ( 'NONE', #614 ) ;
#427 = PRODUCT ( 'LSM9DS1TR', 'LSM9DS1TR', '', ( #2796 ) ) ;
#428 = DIRECTION ( 'NONE',  ( 0.000000000000000000, 0.000000000000000000, -1.000000000000000000 ) ) ;
#429 = DIRECTION ( 'NONE',  ( 0.000000000000000000, -1.000000000000000000, 0.000000000000000000 ) ) ;
#430 = PRESENTATION_LAYER_ASSIGNMENT (  '', '', ( #2092 ) ) ;
#431 = FACE_OUTER_BOUND ( 'NONE', #4208, .T. ) ;
#432 = DIRECTION ( 'NONE',  ( 0.000000000000000000, 1.000000000000000000, 0.000000000000000000 ) ) ;
#433 = ORIENTED_EDGE ( 'NONE', *, *, #2431, .T. ) ;
#434 = VECTOR ( 'NONE', #4205, 1000.000000000000000 ) ;
#435 = ORIENTED_EDGE ( 'NONE', *, *, #2376, .F. ) ;
#436 = DIRECTION ( 'NONE',  ( 0.000000000000000000, -1.000000000000000000, 0.000000000000000000 ) ) ;
#437 = SURFACE_STYLE_USAGE ( .BOTH. , #2792 ) ;
#438 = ADVANCED_FACE ( 'NONE', ( #2215 ), #4187, .T. ) ;
#439 = VECTOR ( 'NONE', #3954, 1000.000000000000000 ) ;
#440 = VECTOR ( 'NONE', #1764, 1000.000000000000000 ) ;
#441 = CARTESIAN_POINT ( 'NONE',  ( -1.250000000000000000, 0.07499999999999999722, 0.05099999999999999672 ) ) ;
#442 = AXIS2_PLACEMENT_3D ( 'NONE', #3121, #4153, #2800 ) ;
#443 = EDGE_LOOP ( 'NONE', ( #3701, #3841, #394, #459 ) ) ;
#444 = COLOUR_RGB ( '',0.7215686274509803821, 0.7215686274509803821, 0.7215686274509803821 ) ;
#445 = VECTOR ( 'NONE', #1532, 1000.000000000000000 ) ;
#446 = EDGE_CURVE ( 'NONE', #2819, #1455, #3522, .T. ) ;
#447 = VECTOR ( 'NONE', #3797, 1000.000000000000000 ) ;
#448 = AXIS2_PLACEMENT_3D ( 'NONE', #1460, #2123, #3387 ) ;
#450 = CARTESIAN_POINT ( 'NONE',  ( 1.214999999999999858, 1.000000000000000000, 0.000000000000000000 ) ) ;
#449 =( NAMED_UNIT ( * ) SI_UNIT ( $, .STERADIAN. ) SOLID_ANGLE_UNIT ( ) );
#451 = DIRECTION ( 'NONE',  ( 0.000000000000000000, 0.000000000000000000, 1.000000000000000000 ) ) ;
#452 = EDGE_CURVE ( 'NONE', #3458, #1054, #3217, .T. ) ;
#453 = ORIENTED_EDGE ( 'NONE', *, *, #1762, .T. ) ;
#454 = DIRECTION ( 'NONE',  ( 0.000000000000000000, 1.000000000000000000, 0.000000000000000000 ) ) ;
#455 = CARTESIAN_POINT ( 'NONE',  ( 0.5050000000000000044, 1.399999999999999911, 0.000000000000000000 ) ) ;
#456 = PLANE ( 'NONE',  #1076 ) ;
#457 = DIRECTION ( 'NONE',  ( 1.000000000000000000, 0.000000000000000000, 0.000000000000000000 ) ) ;
#458 = SURFACE_STYLE_FILL_AREA ( #137 ) ;
#459 = ORIENTED_EDGE ( 'NONE', *, *, #1577, .T. ) ;
#460 = VERTEX_POINT ( 'NONE', #2879 ) ;
#461 = CARTESIAN_POINT ( 'NONE',  ( -1.750000000000000000, 1.500000000000000000, 1.650999999999999801 ) ) ;
#462 = PLANE ( 'NONE',  #1138 ) ;
#463 = FILL_AREA_STYLE_COLOUR ( '', #623 ) ;
#464 = ADVANCED_FACE ( 'NONE', ( #1533 ), #3501, .T. ) ;
#465 = VERTEX_POINT ( 'NONE', #3568 ) ;
#466 = MECHANICAL_DESIGN_GEOMETRIC_PRESENTATION_REPRESENTATION (  '', ( #4106 ), #398 ) ;
#467 = EDGE_CURVE ( 'NONE', #3125, #1382, #3194, .T. ) ;
#468 = DIRECTION ( 'NONE',  ( 0.000000000000000000, -1.000000000000000000, 0.000000000000000000 ) ) ;
#469 = DIRECTION ( 'NONE',  ( 0.000000000000000000, 0.000000000000000000, -1.000000000000000000 ) ) ;
#470 = VERTEX_POINT ( 'NONE', #1219 ) ;
#471 = EDGE_CURVE ( 'NONE', #422, #3308, #2556, .T. ) ;
#472 = CARTESIAN_POINT ( 'NONE',  ( 1.214999999999999858, -1.399999999999999911, 0.05099999999999999672 ) ) ;
#473 = DIRECTION ( 'NONE',  ( 0.000000000000000000, -1.000000000000000000, 0.000000000000000000 ) ) ;
#474 = DIRECTION ( 'NONE',  ( 0.000000000000000000, 0.000000000000000000, 1.000000000000000000 ) ) ;
#475 = LINE ( 'NONE', #1769, #4084 ) ;
#476 = CARTESIAN_POINT ( 'NONE',  ( -1.364999999999999991, 1.000000000000000000, 0.05099999999999999672 ) ) ;
#477 = ORIENTED_EDGE ( 'NONE', *, *, #4020, .T. ) ;
#478 = VECTOR ( 'NONE', #3618, 1000.000000000000000 ) ;
#479 = VERTEX_POINT ( 'NONE', #3236 ) ;
#480 = DIRECTION ( 'NONE',  ( 0.000000000000000000, -1.000000000000000000, 0.000000000000000000 ) ) ;
#481 = DIRECTION ( 'NONE',  ( -0.000000000000000000, 1.000000000000000000, 0.000000000000000000 ) ) ;
#482 = AXIS2_PLACEMENT_3D ( 'NONE', #1877, #2854, #1858 ) ;
#483 = ORIENTED_EDGE ( 'NONE', *, *, #3742, .T. ) ;
#484 = SURFACE_STYLE_FILL_AREA ( #820 ) ;
#485 = EDGE_CURVE ( 'NONE', #2863, #1277, #246, .T. ) ;
#486 = MANIFOLD_SOLID_BREP ( 'Imported10', #1784 ) ;
#487 = DIRECTION ( 'NONE',  ( 1.000000000000000000, 0.000000000000000000, 0.000000000000000000 ) ) ;
#488 = DIRECTION ( 'NONE',  ( 1.000000000000000000, 0.000000000000000000, 0.000000000000000000 ) ) ;
#489 = ADVANCED_FACE ( 'NONE', ( #2191 ), #1599, .T. ) ;
#490 = ORIENTED_EDGE ( 'NONE', *, *, #2557, .T. ) ;
#491 = CARTESIAN_POINT ( 'NONE',  ( -0.07499999999999999722, 1.399999999999999911, 0.05099999999999999672 ) ) ;
#492 = CARTESIAN_POINT ( 'NONE',  ( -1.649999999999999911, -0.7850000000000000311, 0.05099999999999999672 ) ) ;
#493 = FACE_OUTER_BOUND ( 'NONE', #2491, .T. ) ;
#494 = DIRECTION ( 'NONE',  ( 0.000000000000000000, -1.000000000000000000, 0.000000000000000000 ) ) ;
#495 = ADVANCED_FACE ( 'NONE', ( #880 ), #50, .T. ) ;
#496 = ORIENTED_EDGE ( 'NONE', *, *, #2625, .F. ) ;
#497 = CARTESIAN_POINT ( 'NONE',  ( -1.250000000000000000, -0.5050000000000000044, 0.05099999999999999672 ) ) ;
#498 = FACE_OUTER_BOUND ( 'NONE', #3154, .T. ) ;
#499 = DIRECTION ( 'NONE',  ( 0.000000000000000000, 0.000000000000000000, -1.000000000000000000 ) ) ;
#500 = CARTESIAN_POINT ( 'NONE',  ( 1.250000000000000000, 0.7850000000000000311, 0.000000000000000000 ) ) ;
#501 = ORIENTED_EDGE ( 'NONE', *, *, #1490, .F. ) ;
#502 = AXIS2_PLACEMENT_3D ( 'NONE', #4169, #3172, #554 ) ;
#503 = FILL_AREA_STYLE ('',( #3551 ) ) ;
#504 = VECTOR ( 'NONE', #1445, 1000.000000000000000 ) ;
#505 = VECTOR ( 'NONE', #3295, 1000.000000000000000 ) ;
#506 =( GEOMETRIC_REPRESENTATION_CONTEXT ( 3 ) GLOBAL_UNCERTAINTY_ASSIGNED_CONTEXT ( ( #1175 ) ) GLOBAL_UNIT_ASSIGNED_CONTEXT ( ( #3703, #4062, #2131 ) ) REPRESENTATION_CONTEXT ( 'NONE', 'WORKASPACE' ) );
#507 = MANIFOLD_SOLID_BREP ( 'Imported20', #3229 ) ;
#508 = CARTESIAN_POINT ( 'NONE',  ( 1.649999999999999911, -0.5050000000000000044, 0.000000000000000000 ) ) ;
#509 = CARTESIAN_POINT ( 'NONE',  ( 0.9349999999999999423, -1.000000000000000000, 0.000000000000000000 ) ) ;
#510 = VECTOR ( 'NONE', #3711, 1000.000000000000000 ) ;
#511 = VECTOR ( 'NONE', #1917, 1000.000000000000000 ) ;
#512 = ORIENTED_EDGE ( 'NONE', *, *, #4184, .T. ) ;
#513 = STYLED_ITEM ( 'NONE', ( #1422 ), #1946 ) ;
#514 = ADVANCED_FACE ( 'NONE', ( #3610 ), #3650, .T. ) ;
#515 = LINE ( 'NONE', #1824, #4021 ) ;
#516 = CARTESIAN_POINT ( 'NONE',  ( 0.5050000000000000044, 1.399999999999999911, 0.05099999999999999672 ) ) ;
#517 = LINE ( 'NONE', #4199, #589 ) ;
#518 = PLANE ( 'NONE',  #3550 ) ;
#519 = MANIFOLD_SOLID_BREP ( 'Imported18', #341 ) ;
#520 = FACE_OUTER_BOUND ( 'NONE', #1305, .T. ) ;
#521 = VERTEX_POINT ( 'NONE', #3002 ) ;
#522 = ADVANCED_FACE ( 'NONE', ( #3021 ), #2615, .T. ) ;
#523 = CARTESIAN_POINT ( 'NONE',  ( -1.474999976999999962, 0.6449999999999999067, 1.650999999999999801 ) ) ;
#524 = DIRECTION ( 'NONE',  ( 1.000000000000000000, 0.000000000000000000, 0.000000000000000000 ) ) ;
#525 = PLANE ( 'NONE',  #3399 ) ;
#526 = CARTESIAN_POINT ( 'NONE',  ( -1.364999999999999991, -1.000000000000000000, 0.000000000000000000 ) ) ;
#527 = SURFACE_SIDE_STYLE ('',( #1156 ) ) ;
#528 = MANIFOLD_SOLID_BREP ( 'Imported12', #2136 ) ;
#529 = ADVANCED_FACE ( 'NONE', ( #1465 ), #2393, .T. ) ;
#530 = EDGE_LOOP ( 'NONE', ( #1934, #3597, #372, #3590 ) ) ;
#531 = PRESENTATION_STYLE_ASSIGNMENT (( #856 ) ) ;
#532 = ORIENTED_EDGE ( 'NONE', *, *, #4172, .T. ) ;
#533 = MANIFOLD_SOLID_BREP ( 'Imported21', #1447 ) ;
#534 = SURFACE_SIDE_STYLE ('',( #1204 ) ) ;
#535 = AXIS2_PLACEMENT_3D ( 'NONE', #3699, #3323, #3929 ) ;
#536 = ORIENTED_EDGE ( 'NONE', *, *, #3575, .F. ) ;
#537 = FACE_OUTER_BOUND ( 'NONE', #903, .T. ) ;
#538 = DIRECTION ( 'NONE',  ( 0.000000000000000000, 1.000000000000000000, 0.000000000000000000 ) ) ;
#539 = DIRECTION ( 'NONE',  ( 0.000000000000000000, -1.000000000000000000, 0.000000000000000000 ) ) ;
#540 = CARTESIAN_POINT ( 'NONE',  ( 0.07499999999999999722, -1.000000000000000000, 0.000000000000000000 ) ) ;
#541 = MANIFOLD_SOLID_BREP ( 'Imported8', #3094 ) ;
#542 = CARTESIAN_POINT ( 'NONE',  ( -1.364999999999999991, 1.000000000000000000, 0.05099999999999999672 ) ) ;
#543 = VERTEX_POINT ( 'NONE', #476 ) ;
#544 = VERTEX_POINT ( 'NONE', #785 ) ;
#545 = LINE ( 'NONE', #2188, #3411 ) ;
#546 = DIRECTION ( 'NONE',  ( -0.000000000000000000, 1.000000000000000000, 0.000000000000000000 ) ) ;
#547 = SURFACE_STYLE_USAGE ( .BOTH. , #419 ) ;
#548 = DIRECTION ( 'NONE',  ( 1.000000000000000000, 0.000000000000000000, 0.000000000000000000 ) ) ;
#549 = EDGE_CURVE ( 'NONE', #3043, #551, #1790, .T. ) ;
#550 = MANIFOLD_SOLID_BREP ( 'Imported25', #3027 ) ;
#551 = VERTEX_POINT ( 'NONE', #3840 ) ;
#552 = CARTESIAN_POINT ( 'NONE',  ( -1.214999999999999858, 1.000000000000000000, 0.05099999999999999672 ) ) ;
#553 = AXIS2_PLACEMENT_3D ( 'NONE', #2350, #3046, #2688 ) ;
#554 = DIRECTION ( 'NONE',  ( 1.000000000000000000, 0.000000000000000000, 0.000000000000000000 ) ) ;
#555 = ORIENTED_EDGE ( 'NONE', *, *, #1672, .T. ) ;
#556 = EDGE_CURVE ( 'NONE', #543, #2969, #1169, .T. ) ;
#557 = ORIENTED_EDGE ( 'NONE', *, *, #1518, .F. ) ;
#558 = FACE_OUTER_BOUND ( 'NONE', #1055, .T. ) ;
#559 = FILL_AREA_STYLE ('',( #3574 ) ) ;
#560 = VERTEX_POINT ( 'NONE', #2207 ) ;
#561 = CARTESIAN_POINT ( 'NONE',  ( -1.250000000000000000, 0.07499999999999999722, 0.05099999999999999672 ) ) ;
#562 = DIRECTION ( 'NONE',  ( -1.000000000000000000, 0.000000000000000000, 0.000000000000000000 ) ) ;
#563 = LINE ( 'NONE', #3142, #2925 ) ;
#564 = DIRECTION ( 'NONE',  ( 0.000000000000000000, 0.000000000000000000, 1.000000000000000000 ) ) ;
#565 = DIRECTION ( 'NONE',  ( 1.000000000000000000, 0.000000000000000000, 0.000000000000000000 ) ) ;
#566 = ORIENTED_EDGE ( 'NONE', *, *, #3867, .T. ) ;
#567 = EDGE_LOOP ( 'NONE', ( #2971, #1561, #2917, #201 ) ) ;
#568 = CARTESIAN_POINT ( 'NONE',  ( 0.9349999999999999423, 1.399999999999999911, 0.05099999999999999672 ) ) ;
#569 = FACE_OUTER_BOUND ( 'NONE', #6, .T. ) ;
#570 = PRESENTATION_STYLE_ASSIGNMENT (( #547 ) ) ;
#571 = DIRECTION ( 'NONE',  ( 1.000000000000000000, 0.000000000000000000, 0.000000000000000000 ) ) ;
#572 = ORIENTED_EDGE ( 'NONE', *, *, #1345, .F. ) ;
#573 = EDGE_CURVE ( 'NONE', #3563, #2846, #3562, .T. ) ;
#574 = SURFACE_STYLE_FILL_AREA ( #2218 ) ;
#575 = COLOUR_RGB ( '',0.7215686274509803821, 0.7215686274509803821, 0.7215686274509803821 ) ;
#576 = CARTESIAN_POINT ( 'NONE',  ( -1.214999999999999858, -1.399999999999999911, 0.000000000000000000 ) ) ;
#577 = ORIENTED_EDGE ( 'NONE', *, *, #2089, .F. ) ;
#578 = VERTEX_POINT ( 'NONE', #3210 ) ;
#579 = VECTOR ( 'NONE', #3321, 1000.000000000000000 ) ;
#580 = ADVANCED_FACE ( 'NONE', ( #1252 ), #2254, .T. ) ;
#581 = CARTESIAN_POINT ( 'NONE',  ( 0.9349999999999999423, -1.000000000000000000, 0.000000000000000000 ) ) ;
#582 = CARTESIAN_POINT ( 'NONE',  ( -1.750000000000000000, -1.500000000000000000, 0.05099999999999999672 ) ) ;
#583 = AXIS2_PLACEMENT_3D ( 'NONE', #761, #2743, #780 ) ;
#584 = AXIS2_PLACEMENT_3D ( 'NONE', #4068, #469, #3406 ) ;
#585 = ORIENTED_EDGE ( 'NONE', *, *, #3976, .T. ) ;
#586 = AXIS2_PLACEMENT_3D ( 'NONE', #3649, #660, #3949 ) ;
#587 = DIRECTION ( 'NONE',  ( -1.000000000000000000, 0.000000000000000000, 0.000000000000000000 ) ) ;
#588 = PLANE ( 'NONE',  #2240 ) ;
#589 = VECTOR ( 'NONE', #871, 1000.000000000000000 ) ;
#590 = CARTESIAN_POINT ( 'NONE',  ( -0.5050000000000000044, -1.399999999999999911, 0.000000000000000000 ) ) ;
#591 = LINE ( 'NONE', #1919, #2880 ) ;
#592 = ORIENTED_EDGE ( 'NONE', *, *, #2457, .F. ) ;
#593 = STYLED_ITEM ( 'NONE', ( #1439 ), #1935 ) ;
#594 = VECTOR ( 'NONE', #1193, 1000.000000000000000 ) ;
#595 = LINE ( 'NONE', #2849, #3441 ) ;
#596 = DIRECTION ( 'NONE',  ( -1.000000000000000000, 0.000000000000000000, 0.000000000000000000 ) ) ;
#597 = CARTESIAN_POINT ( 'NONE',  ( -1.649999999999999911, -0.3549999999999999822, 0.000000000000000000 ) ) ;
#598 = DIRECTION ( 'NONE',  ( -1.000000000000000000, 0.000000000000000000, 0.000000000000000000 ) ) ;
#599 = ORIENTED_EDGE ( 'NONE', *, *, #52, .T. ) ;
#600 = LINE ( 'NONE', #3219, #3826 ) ;
#601 = LINE ( 'NONE', #1604, #2028 ) ;
#602 = VERTEX_POINT ( 'NONE', #3881 ) ;
#603 = VERTEX_POINT ( 'NONE', #3230 ) ;
#604 = EDGE_CURVE ( 'NONE', #866, #4258, #591, .T. ) ;
#605 = DIRECTION ( 'NONE',  ( 0.000000000000000000, 1.000000000000000000, 0.000000000000000000 ) ) ;
#606 = CARTESIAN_POINT ( 'NONE',  ( 1.649999999999999911, 0.3549999999999999822, 0.000000000000000000 ) ) ;
#607 = LINE ( 'NONE', #2253, #511 ) ;
#608 = DIRECTION ( 'NONE',  ( 1.000000000000000000, 0.000000000000000000, 0.000000000000000000 ) ) ;
#609 = EDGE_LOOP ( 'NONE', ( #1659, #1310, #3872, #2366 ) ) ;
#610 = EDGE_CURVE ( 'NONE', #1306, #881, #3515, .T. ) ;
#611 = CARTESIAN_POINT ( 'NONE',  ( 1.645000000000000018, -1.000000000000000000, 0.000000000000000000 ) ) ;
#612 = DIRECTION ( 'NONE',  ( 1.000000000000000000, 0.000000000000000000, 0.000000000000000000 ) ) ;
#613 = FACE_OUTER_BOUND ( 'NONE', #443, .T. ) ;
#614 = CARTESIAN_POINT ( 'NONE',  ( -0.9349999999999999423, 1.000000000000000000, 0.000000000000000000 ) ) ;
#615 = ORIENTED_EDGE ( 'NONE', *, *, #2329, .T. ) ;
#616 = CARTESIAN_POINT ( 'NONE',  ( 0.3549999999999999822, -1.399999999999999911, 0.05099999999999999672 ) ) ;
#617 = LINE ( 'NONE', #3505, #3945 ) ;
#618 = VERTEX_POINT ( 'NONE', #3819 ) ;
#619 = VECTOR ( 'NONE', #1354, 1000.000000000000000 ) ;
#620 = CARTESIAN_POINT ( 'NONE',  ( -1.649999999999999911, 0.5050000000000000044, 0.05099999999999999672 ) ) ;
#621 = LINE ( 'NONE', #2523, #3546 ) ;
#622 = ORIENTED_EDGE ( 'NONE', *, *, #2079, .F. ) ;
#623 = COLOUR_RGB ( '',0.7215686274509803821, 0.7215686274509803821, 0.7215686274509803821 ) ;
#624 = DIRECTION ( 'NONE',  ( 1.000000000000000000, 0.000000000000000000, 0.000000000000000000 ) ) ;
#625 = ADVANCED_FACE ( 'NONE', ( #3493 ), #1593, .T. ) ;
#626 = CARTESIAN_POINT ( 'NONE',  ( 0.3549999999999999822, 1.000000000000000000, 0.000000000000000000 ) ) ;
#627 = DIRECTION ( 'NONE',  ( 0.000000000000000000, 0.000000000000000000, -1.000000000000000000 ) ) ;
#628 = LINE ( 'NONE', #2263, #297 ) ;
#629 = ORIENTED_EDGE ( 'NONE', *, *, #3318, .F. ) ;
#630 = DIRECTION ( 'NONE',  ( 0.000000000000000000, -1.000000000000000000, 0.000000000000000000 ) ) ;
#631 = ADVANCED_FACE ( 'NONE', ( #4200 ), #1276, .T. ) ;
#632 = DIRECTION ( 'NONE',  ( 0.000000000000000000, 1.000000000000000000, 0.000000000000000000 ) ) ;
#633 = EDGE_CURVE ( 'NONE', #415, #2544, #873, .T. ) ;
#634 = DIRECTION ( 'NONE',  ( 0.000000000000000000, 0.000000000000000000, 1.000000000000000000 ) ) ;
#635 = ORIENTED_EDGE ( 'NONE', *, *, #3146, .F. ) ;
#636 = EDGE_CURVE ( 'NONE', #1633, #1750, #4180, .T. ) ;
#637 = DIRECTION ( 'NONE',  ( -0.000000000000000000, 1.000000000000000000, 0.000000000000000000 ) ) ;
#638 = DIRECTION ( 'NONE',  ( -1.000000000000000000, 0.000000000000000000, 0.000000000000000000 ) ) ;
#639 = ORIENTED_EDGE ( 'NONE', *, *, #4259, .T. ) ;
#640 = EDGE_LOOP ( 'NONE', ( #1507, #2606, #1840, #3833 ) ) ;
#641 = MECHANICAL_DESIGN_GEOMETRIC_PRESENTATION_REPRESENTATION (  '', ( #2092 ), #3804 ) ;
#642 = FILL_AREA_STYLE_COLOUR ( '', #159 ) ;
#643 =( LENGTH_UNIT ( ) NAMED_UNIT ( * ) SI_UNIT ( .MILLI., .METRE. ) );
#644 = EDGE_LOOP ( 'NONE', ( #889, #343, #328, #37 ) ) ;
#645 = VECTOR ( 'NONE', #2108, 1000.000000000000000 ) ;
#646 = FACE_OUTER_BOUND ( 'NONE', #953, .T. ) ;
#647 = PLANE ( 'NONE',  #4149 ) ;
#648 = VECTOR ( 'NONE', #872, 1000.000000000000000 ) ;
#649 = AXIS2_PLACEMENT_3D ( 'NONE', #2143, #2744, #1148 ) ;
#650 = LINE ( 'NONE', #3296, #3475 ) ;
#651 = UNCERTAINTY_MEASURE_WITH_UNIT (LENGTH_MEASURE( 1.000000000000000082E-05 ), #3400, 'distance_accuracy_value', 'NONE');
#652 = ORIENTED_EDGE ( 'NONE', *, *, #1241, .F. ) ;
#653 = EDGE_CURVE ( 'NONE', #1164, #1564, #2164, .T. ) ;
#654 = VECTOR ( 'NONE', #1896, 1000.000000000000000 ) ;
#655 = VECTOR ( 'NONE', #2993, 1000.000000000000000 ) ;
#656 = ORIENTED_EDGE ( 'NONE', *, *, #1428, .T. ) ;
#657 = VECTOR ( 'NONE', #499, 1000.000000000000000 ) ;
#658 = LINE ( 'NONE', #719, #2777 ) ;
#659 = DIRECTION ( 'NONE',  ( -0.000000000000000000, 1.000000000000000000, 0.000000000000000000 ) ) ;
#660 = DIRECTION ( 'NONE',  ( 0.000000000000000000, 0.000000000000000000, 1.000000000000000000 ) ) ;
#661 = PRESENTATION_LAYER_ASSIGNMENT (  '', '', ( #1963 ) ) ;
#662 = SURFACE_STYLE_FILL_AREA ( #70 ) ;
#663 = ORIENTED_EDGE ( 'NONE', *, *, #3478, .T. ) ;
#664 = VECTOR ( 'NONE', #2382, 1000.000000000000000 ) ;
#665 = EDGE_CURVE ( 'NONE', #3016, #1667, #1899, .T. ) ;
#666 = VERTEX_POINT ( 'NONE', #3472 ) ;
#667 = VECTOR ( 'NONE', #1778, 1000.000000000000000 ) ;
#668 = PRESENTATION_LAYER_ASSIGNMENT (  '', '', ( #2660 ) ) ;
#669 = DIRECTION ( 'NONE',  ( 0.000000000000000000, -1.000000000000000000, 0.000000000000000000 ) ) ;
#670 = DIRECTION ( 'NONE',  ( 1.000000000000000000, 0.000000000000000000, 0.000000000000000000 ) ) ;
#671 = ADVANCED_FACE ( 'NONE', ( #520 ), #1828, .T. ) ;
#672 = ORIENTED_EDGE ( 'NONE', *, *, #1779, .T. ) ;
#673 = EDGE_LOOP ( 'NONE', ( #2275, #114, #2447, #3178 ) ) ;
#674 = FILL_AREA_STYLE ('',( #1610 ) ) ;
#675 = EDGE_LOOP ( 'NONE', ( #1568, #2302, #2019, #4007 ) ) ;
#676 = LINE ( 'NONE', #1915, #1529 ) ;
#677 = CARTESIAN_POINT ( 'NONE',  ( -1.364999999999999991, -1.000000000000000000, 0.05099999999999999672 ) ) ;
#678 = DIRECTION ( 'NONE',  ( 0.000000000000000000, 0.000000000000000000, -1.000000000000000000 ) ) ;
#679 = VERTEX_POINT ( 'NONE', #1506 ) ;
#680 = ORIENTED_EDGE ( 'NONE', *, *, #633, .F. ) ;
#681 = MECHANICAL_DESIGN_GEOMETRIC_PRESENTATION_REPRESENTATION (  '', ( #1159 ), #3569 ) ;
#682 = LINE ( 'NONE', #1944, #3402 ) ;
#683 = DIRECTION ( 'NONE',  ( 0.000000000000000000, 0.000000000000000000, -1.000000000000000000 ) ) ;
#684 = DIRECTION ( 'NONE',  ( 1.000000000000000000, 0.000000000000000000, 0.000000000000000000 ) ) ;
#685 = ADVANCED_FACE ( 'NONE', ( #210 ), #2825, .T. ) ;
#686 = ORIENTED_EDGE ( 'NONE', *, *, #2693, .T. ) ;
#687 = ORIENTED_EDGE ( 'NONE', *, *, #1648, .F. ) ;
#688 = CARTESIAN_POINT ( 'NONE',  ( -0.9349999999999999423, 1.000000000000000000, 0.000000000000000000 ) ) ;
#689 = EDGE_CURVE ( 'NONE', #750, #1327, #2842, .T. ) ;
#690 = DIRECTION ( 'NONE',  ( -1.000000000000000000, 0.000000000000000000, 0.000000000000000000 ) ) ;
#691 = ORIENTED_EDGE ( 'NONE', *, *, #196, .T. ) ;
#692 = ORIENTED_EDGE ( 'NONE', *, *, #1206, .T. ) ;
#693 = EDGE_CURVE ( 'NONE', #551, #3418, #3247, .T. ) ;
#695 = FACE_OUTER_BOUND ( 'NONE', #3628, .T. ) ;
#694 = DIRECTION ( 'NONE',  ( 0.000000000000000000, 0.000000000000000000, -1.000000000000000000 ) ) ;
#696 = LINE ( 'NONE', #1989, #229 ) ;
#697 = CARTESIAN_POINT ( 'NONE',  ( -0.3549999999999999822, 1.000000000000000000, 0.05099999999999999672 ) ) ;
#698 = VECTOR ( 'NONE', #1053, 1000.000000000000000 ) ;
#699 = VERTEX_POINT ( 'NONE', #3583 ) ;
#700 = EDGE_LOOP ( 'NONE', ( #2415, #3975, #2220, #2927 ) ) ;
#701 = DIRECTION ( 'NONE',  ( 1.000000000000000000, 0.000000000000000000, 0.000000000000000000 ) ) ;
#702 = DIRECTION ( 'NONE',  ( 0.000000000000000000, 0.000000000000000000, -1.000000000000000000 ) ) ;
#703 = LINE ( 'NONE', #2665, #1340 ) ;
#704 = EDGE_LOOP ( 'NONE', ( #994, #3452, #435, #2939 ) ) ;
#705 = ORIENTED_EDGE ( 'NONE', *, *, #2630, .T. ) ;
#706 = DIRECTION ( 'NONE',  ( 0.000000000000000000, 1.000000000000000000, 0.000000000000000000 ) ) ;
#707 = CARTESIAN_POINT ( 'NONE',  ( -1.645000000000000018, -1.399999999999999911, 0.05099999999999999672 ) ) ;
#708 = EDGE_CURVE ( 'NONE', #3417, #4008, #628, .T. ) ;
#709 = ORIENTED_EDGE ( 'NONE', *, *, #2899, .T. ) ;
#710 = EDGE_CURVE ( 'NONE', #1546, #3503, #617, .T. ) ;
#711 = FACE_OUTER_BOUND ( 'NONE', #2945, .T. ) ;
#712 = DIRECTION ( 'NONE',  ( -1.000000000000000000, 0.000000000000000000, 0.000000000000000000 ) ) ;
#713 = DIRECTION ( 'NONE',  ( 0.000000000000000000, 0.000000000000000000, 1.000000000000000000 ) ) ;
#714 = VECTOR ( 'NONE', #803, 1000.000000000000000 ) ;
#715 = ORIENTED_EDGE ( 'NONE', *, *, #1627, .T. ) ;
#716 = ADVANCED_FACE ( 'NONE', ( #950 ), #1884, .T. ) ;
#717 = ORIENTED_EDGE ( 'NONE', *, *, #1440, .F. ) ;
#718 = VECTOR ( 'NONE', #2635, 1000.000000000000000 ) ;
#719 = CARTESIAN_POINT ( 'NONE',  ( -0.9349999999999999423, -1.000000000000000000, 0.000000000000000000 ) ) ;
#720 = CARTESIAN_POINT ( 'NONE',  ( -0.9349999999999999423, -1.000000000000000000, 0.05099999999999999672 ) ) ;
#721 = PLANE ( 'NONE',  #1542 ) ;
#722 = FILL_AREA_STYLE ('',( #3671 ) ) ;
#723 = ORIENTED_EDGE ( 'NONE', *, *, #4027, .T. ) ;
#724 = VECTOR ( 'NONE', #3471, 1000.000000000000000 ) ;
#725 = VECTOR ( 'NONE', #2681, 1000.000000000000000 ) ;
#726 =( GEOMETRIC_REPRESENTATION_CONTEXT ( 3 ) GLOBAL_UNCERTAINTY_ASSIGNED_CONTEXT ( ( #3500 ) ) GLOBAL_UNIT_ASSIGNED_CONTEXT ( ( #3723, #1116, #2110 ) ) REPRESENTATION_CONTEXT ( 'NONE', 'WORKASPACE' ) );
#727 = ORIENTED_EDGE ( 'NONE', *, *, #2756, .T. ) ;
#728 = CARTESIAN_POINT ( 'NONE',  ( 1.250000000000000000, -0.3549999999999999822, 0.000000000000000000 ) ) ;
#729 = COLOUR_RGB ( '',0.7215686274509803821, 0.7215686274509803821, 0.7215686274509803821 ) ;
#730 = VECTOR ( 'NONE', #4218, 1000.000000000000000 ) ;
#731 = CARTESIAN_POINT ( 'NONE',  ( 0.9349999999999999423, -1.000000000000000000, 0.05099999999999999672 ) ) ;
#732 = PRESENTATION_LAYER_ASSIGNMENT (  '', '', ( #513 ) ) ;
#733 = EDGE_LOOP ( 'NONE', ( #3436, #1342, #2139, #715 ) ) ;
#734 = ORIENTED_EDGE ( 'NONE', *, *, #4259, .F. ) ;
#735 = CARTESIAN_POINT ( 'NONE',  ( -1.250000000000000000, -0.7850000000000000311, 0.05099999999999999672 ) ) ;
#736 = EDGE_CURVE ( 'NONE', #3968, #3516, #927, .T. ) ;
#737 = DIRECTION ( 'NONE',  ( 1.000000000000000000, 0.000000000000000000, 0.000000000000000000 ) ) ;
#738 = DIRECTION ( 'NONE',  ( 0.000000000000000000, -1.000000000000000000, 0.000000000000000000 ) ) ;
#739 = FACE_OUTER_BOUND ( 'NONE', #4256, .T. ) ;
#740 = EDGE_CURVE ( 'NONE', #3308, #1851, #249, .T. ) ;
#741 = ORIENTED_EDGE ( 'NONE', *, *, #3318, .T. ) ;
#742 = ORIENTED_EDGE ( 'NONE', *, *, #52, .F. ) ;
#743 = FACE_OUTER_BOUND ( 'NONE', #174, .T. ) ;
#744 = DIRECTION ( 'NONE',  ( 1.000000000000000000, 0.000000000000000000, 0.000000000000000000 ) ) ;
#745 = FACE_OUTER_BOUND ( 'NONE', #71, .T. ) ;
#746 = DIRECTION ( 'NONE',  ( 0.000000000000000000, 1.000000000000000000, 0.000000000000000000 ) ) ;
#747 = EDGE_CURVE ( 'NONE', #4138, #603, #1308, .T. ) ;
#748 = FILL_AREA_STYLE ('',( #2683 ) ) ;
#749 = VERTEX_POINT ( 'NONE', #1954 ) ;
#750 = VERTEX_POINT ( 'NONE', #2241 ) ;
#751 = CARTESIAN_POINT ( 'NONE',  ( -0.5050000000000000044, -1.000000000000000000, 0.05099999999999999672 ) ) ;
#752 =( NAMED_UNIT ( * ) SI_UNIT ( $, .STERADIAN. ) SOLID_ANGLE_UNIT ( ) );
#753 =( GEOMETRIC_REPRESENTATION_CONTEXT ( 3 ) GLOBAL_UNCERTAINTY_ASSIGNED_CONTEXT ( ( #960 ) ) GLOBAL_UNIT_ASSIGNED_CONTEXT ( ( #2804, #810, #119 ) ) REPRESENTATION_CONTEXT ( 'NONE', 'WORKASPACE' ) );
#754 = LINE ( 'NONE', #3007, #1581 ) ;
#755 = ORIENTED_EDGE ( 'NONE', *, *, #653, .F. ) ;
#757 = CARTESIAN_POINT ( 'NONE',  ( 1.364999999999999991, -1.000000000000000000, 0.000000000000000000 ) ) ;
#756 = DIRECTION ( 'NONE',  ( 0.000000000000000000, -1.000000000000000000, 0.000000000000000000 ) ) ;
#758 = CARTESIAN_POINT ( 'NONE',  ( 0.7850000000000000311, -1.000000000000000000, 0.05099999999999999672 ) ) ;
#759 = ORIENTED_EDGE ( 'NONE', *, *, #1468, .T. ) ;
#760 = EDGE_CURVE ( 'NONE', #1517, #775, #3328, .T. ) ;
#761 = CARTESIAN_POINT ( 'NONE',  ( -1.750000000000000000, 1.500000000000000000, 0.05099999999999999672 ) ) ;
#762 = CARTESIAN_POINT ( 'NONE',  ( 1.649999999999999911, -0.3549999999999999822, 0.000000000000000000 ) ) ;
#763 = VECTOR ( 'NONE', #1853, 1000.000000000000000 ) ;
#764 = PLANE ( 'NONE',  #3620 ) ;
#765 = FACE_OUTER_BOUND ( 'NONE', #1010, .T. ) ;
#766 = DIRECTION ( 'NONE',  ( 0.000000000000000000, 0.000000000000000000, 1.000000000000000000 ) ) ;
#767 = ORIENTED_EDGE ( 'NONE', *, *, #2005, .T. ) ;
#768 = EDGE_CURVE ( 'NONE', #1633, #3765, #601, .T. ) ;
#769 = ORIENTED_EDGE ( 'NONE', *, *, #1541, .F. ) ;
#770 = EDGE_CURVE ( 'NONE', #3289, #3604, #1908, .T. ) ;
#771 = CARTESIAN_POINT ( 'NONE',  ( -0.7850000000000000311, -1.399999999999999911, 0.000000000000000000 ) ) ;
#772 = CARTESIAN_POINT ( 'NONE',  ( -1.649999999999999911, -0.7850000000000000311, 0.000000000000000000 ) ) ;
#773 = DIRECTION ( 'NONE',  ( 0.000000000000000000, 0.000000000000000000, -1.000000000000000000 ) ) ;
#774 = EDGE_CURVE ( 'NONE', #2648, #2127, #2581, .T. ) ;
#775 = VERTEX_POINT ( 'NONE', #2196 ) ;
#776 = FILL_AREA_STYLE_COLOUR ( '', #444 ) ;
#777 = LINE ( 'NONE', #4067, #2301 ) ;
#778 = DIRECTION ( 'NONE',  ( 0.000000000000000000, 0.000000000000000000, -1.000000000000000000 ) ) ;
#779 = ORIENTED_EDGE ( 'NONE', *, *, #2794, .F. ) ;
#780 = DIRECTION ( 'NONE',  ( 0.000000000000000000, 0.000000000000000000, 1.000000000000000000 ) ) ;
#781 = FACE_OUTER_BOUND ( 'NONE', #1654, .T. ) ;
#782 = VECTOR ( 'NONE', #129, 1000.000000000000000 ) ;
#783 = FACE_OUTER_BOUND ( 'NONE', #1747, .T. ) ;
#784 = LINE ( 'NONE', #3085, #1471 ) ;
#785 = CARTESIAN_POINT ( 'NONE',  ( -1.214999999999999858, 1.399999999999999911, 0.05099999999999999672 ) ) ;
#786 = VERTEX_POINT ( 'NONE', #270 ) ;
#787 = ADVANCED_FACE ( 'NONE', ( #2219 ), #311, .T. ) ;
#788 = VECTOR ( 'NONE', #1511, 1000.000000000000000 ) ;
#789 = ORIENTED_EDGE ( 'NONE', *, *, #4057, .F. ) ;
#790 = CARTESIAN_POINT ( 'NONE',  ( -0.5050000000000000044, 1.000000000000000000, 0.000000000000000000 ) ) ;
#791 = VECTOR ( 'NONE', #454, 1000.000000000000000 ) ;
#792 = VECTOR ( 'NONE', #1635, 1000.000000000000000 ) ;
#793 = LINE ( 'NONE', #3457, #1927 ) ;
#794 = EDGE_CURVE ( 'NONE', #368, #465, #3572, .T. ) ;
#795 = MECHANICAL_DESIGN_GEOMETRIC_PRESENTATION_REPRESENTATION (  '', ( #302 ), #726 ) ;
#796 = VERTEX_POINT ( 'NONE', #1585 ) ;
#797 = PRESENTATION_LAYER_ASSIGNMENT (  '', '', ( #2723 ) ) ;
#798 = VECTOR ( 'NONE', #1126, 1000.000000000000000 ) ;
#799 = ADVANCED_FACE ( 'NONE', ( #2620 ), #4236, .T. ) ;
#800 =( GEOMETRIC_REPRESENTATION_CONTEXT ( 3 ) GLOBAL_UNCERTAINTY_ASSIGNED_CONTEXT ( ( #1638 ) ) GLOBAL_UNIT_ASSIGNED_CONTEXT ( ( #3706, #1820, #904 ) ) REPRESENTATION_CONTEXT ( 'NONE', 'WORKASPACE' ) );
#801 = VECTOR ( 'NONE', #849, 1000.000000000000000 ) ;
#802 = VECTOR ( 'NONE', #2205, 1000.000000000000000 ) ;
#803 = DIRECTION ( 'NONE',  ( 0.000000000000000000, 0.000000000000000000, -1.000000000000000000 ) ) ;
#804 = DIRECTION ( 'NONE',  ( -1.000000000000000000, 0.000000000000000000, 0.000000000000000000 ) ) ;
#805 = ORIENTED_EDGE ( 'NONE', *, *, #2574, .F. ) ;
#806 = CARTESIAN_POINT ( 'NONE',  ( 0.7850000000000000311, -1.399999999999999911, 0.05099999999999999672 ) ) ;
#807 = FACE_OUTER_BOUND ( 'NONE', #1411, .T. ) ;
#808 = DIRECTION ( 'NONE',  ( 0.000000000000000000, -1.000000000000000000, 0.000000000000000000 ) ) ;
#809 = CARTESIAN_POINT ( 'NONE',  ( -1.750000000000000000, 1.500000000000000000, 0.05099999999999999672 ) ) ;
#810 =( NAMED_UNIT ( * ) PLANE_ANGLE_UNIT ( ) SI_UNIT ( $, .RADIAN. ) );
#811 = ORIENTED_EDGE ( 'NONE', *, *, #1627, .F. ) ;
#812 = ORIENTED_EDGE ( 'NONE', *, *, #3226, .T. ) ;
#813 = EDGE_CURVE ( 'NONE', #1942, #1564, #1287, .T. ) ;
#814 = DIRECTION ( 'NONE',  ( 0.000000000000000000, 0.000000000000000000, -1.000000000000000000 ) ) ;
#815 = LINE ( 'NONE', #3168, #3747 ) ;
#816 = DIRECTION ( 'NONE',  ( 1.000000000000000000, 0.000000000000000000, 0.000000000000000000 ) ) ;
#817 = EDGE_LOOP ( 'NONE', ( #3200, #2107, #3429, #1170 ) ) ;
#818 = EDGE_CURVE ( 'NONE', #4040, #3043, #2600, .T. ) ;
#819 = STYLED_ITEM ( 'NONE', ( #4249 ), #528 ) ;
#820 = FILL_AREA_STYLE ('',( #1733 ) ) ;
#821 = EDGE_CURVE ( 'NONE', #3700, #2699, #4190, .T. ) ;
#822 = DIRECTION ( 'NONE',  ( 0.000000000000000000, 0.000000000000000000, -1.000000000000000000 ) ) ;
#823 = LINE ( 'NONE', #2739, #2038 ) ;
#824 = ORIENTED_EDGE ( 'NONE', *, *, #276, .T. ) ;
#825 = PLANE ( 'NONE',  #1336 ) ;
#826 = DIRECTION ( 'NONE',  ( 1.000000000000000000, 0.000000000000000000, 0.000000000000000000 ) ) ;
#827 = CARTESIAN_POINT ( 'NONE',  ( -1.250000000000000000, -0.7850000000000000311, 0.05099999999999999672 ) ) ;
#828 = CARTESIAN_POINT ( 'NONE',  ( 0.9349999999999999423, -1.399999999999999911, 0.05099999999999999672 ) ) ;
#829 = EDGE_LOOP ( 'NONE', ( #3185, #1808, #2698, #3317 ) ) ;
#830 = PLANE ( 'NONE',  #3582 ) ;
#831 = CARTESIAN_POINT ( 'NONE',  ( 1.250000000000000000, -0.5050000000000000044, 0.05099999999999999672 ) ) ;
#832 = PLANE ( 'NONE',  #67 ) ;
#833 = STYLED_ITEM ( 'NONE', ( #1512 ), #486 ) ;
#834 = ORIENTED_EDGE ( 'NONE', *, *, #3392, .F. ) ;
#835 = FACE_OUTER_BOUND ( 'NONE', #700, .T. ) ;
#836 = ADVANCED_FACE ( 'NONE', ( #883 ), #1539, .T. ) ;
#837 = CARTESIAN_POINT ( 'NONE',  ( -0.7850000000000000311, 1.399999999999999911, 0.000000000000000000 ) ) ;
#838 = FACE_OUTER_BOUND ( 'NONE', #1002, .T. ) ;
#839 = EDGE_LOOP ( 'NONE', ( #1640, #3266, #291, #1037 ) ) ;
#840 = ADVANCED_FACE ( 'NONE', ( #1244 ), #1556, .T. ) ;
#841 = DIRECTION ( 'NONE',  ( 0.000000000000000000, 0.000000000000000000, -1.000000000000000000 ) ) ;
#842 = DIRECTION ( 'NONE',  ( 1.000000000000000000, 0.000000000000000000, 0.000000000000000000 ) ) ;
#843 = FACE_OUTER_BOUND ( 'NONE', #1867, .T. ) ;
#844 = CARTESIAN_POINT ( 'NONE',  ( -0.5050000000000000044, -1.399999999999999911, 0.000000000000000000 ) ) ;
#845 = SURFACE_STYLE_USAGE ( .BOTH. , #3794 ) ;
#846 = ORIENTED_EDGE ( 'NONE', *, *, #1345, .T. ) ;
#847 = ADVANCED_FACE ( 'NONE', ( #3825 ), #1794, .T. ) ;
#848 = LINE ( 'NONE', #1831, #4122 ) ;
#849 = DIRECTION ( 'NONE',  ( 0.000000000000000000, 0.000000000000000000, -1.000000000000000000 ) ) ;
#850 = LINE ( 'NONE', #2169, #788 ) ;
#851 = DIRECTION ( 'NONE',  ( 0.000000000000000000, 1.000000000000000000, 0.000000000000000000 ) ) ;
#852 = CARTESIAN_POINT ( 'NONE',  ( -1.364999999999999991, -1.399999999999999911, 0.05099999999999999672 ) ) ;
#853 = VECTOR ( 'NONE', #887, 1000.000000000000000 ) ;
#854 = ORIENTED_EDGE ( 'NONE', *, *, #1751, .F. ) ;
#855 = VECTOR ( 'NONE', #1493, 1000.000000000000000 ) ;
#856 = SURFACE_STYLE_USAGE ( .BOTH. , #248 ) ;
#857 = VECTOR ( 'NONE', #2821, 1000.000000000000000 ) ;
#858 = VECTOR ( 'NONE', #1446, 1000.000000000000000 ) ;
#859 = COLOUR_RGB ( '',0.7215686274509803821, 0.7215686274509803821, 0.7215686274509803821 ) ;
#860 = VERTEX_POINT ( 'NONE', #2750 ) ;
#861 = DIRECTION ( 'NONE',  ( -0.000000000000000000, 1.000000000000000000, 0.000000000000000000 ) ) ;
#862 = EDGE_CURVE ( 'NONE', #1466, #1639, #3089, .T. ) ;
#863 = FACE_OUTER_BOUND ( 'NONE', #2197, .T. ) ;
#864 = AXIS2_PLACEMENT_3D ( 'NONE', #184, #2138, #778 ) ;
#865 = CIRCLE ( 'NONE', #1011, 0.07499997700000007872 ) ;
#866 = VERTEX_POINT ( 'NONE', #2130 ) ;
#867 =( GEOMETRIC_REPRESENTATION_CONTEXT ( 3 ) GLOBAL_UNCERTAINTY_ASSIGNED_CONTEXT ( ( #2631 ) ) GLOBAL_UNIT_ASSIGNED_CONTEXT ( ( #1583, #4139, #3849 ) ) REPRESENTATION_CONTEXT ( 'NONE', 'WORKASPACE' ) );
#868 = DIRECTION ( 'NONE',  ( 0.000000000000000000, 0.000000000000000000, -1.000000000000000000 ) ) ;
#869 = EDGE_CURVE ( 'NONE', #155, #2003, #850, .T. ) ;
#870 = LINE ( 'NONE', #2181, #4023 ) ;
#871 = DIRECTION ( 'NONE',  ( -1.000000000000000000, 0.000000000000000000, 0.000000000000000000 ) ) ;
#872 = DIRECTION ( 'NONE',  ( 0.000000000000000000, 1.000000000000000000, 0.000000000000000000 ) ) ;
#873 = LINE ( 'NONE', #2184, #3676 ) ;
#874 = ORIENTED_EDGE ( 'NONE', *, *, #794, .F. ) ;
#875 = LINE ( 'NONE', #3796, #1243 ) ;
#876 = DIRECTION ( 'NONE',  ( 1.000000000000000000, 0.000000000000000000, 0.000000000000000000 ) ) ;
#877 = EDGE_CURVE ( 'NONE', #1383, #551, #141, .T. ) ;
#878 = CARTESIAN_POINT ( 'NONE',  ( -1.750000000000000000, 1.500000000000000000, 1.650999999999999801 ) ) ;
#879 = SURFACE_SIDE_STYLE ('',( #3827 ) ) ;
#880 = FACE_OUTER_BOUND ( 'NONE', #2621, .T. ) ;
#881 = VERTEX_POINT ( 'NONE', #1174 ) ;
#882 =( LENGTH_UNIT ( ) NAMED_UNIT ( * ) SI_UNIT ( .MILLI., .METRE. ) );
#883 = FACE_OUTER_BOUND ( 'NONE', #2785, .T. ) ;
#884 = ORIENTED_EDGE ( 'NONE', *, *, #1978, .F. ) ;
#885 =( GEOMETRIC_REPRESENTATION_CONTEXT ( 3 ) GLOBAL_UNCERTAINTY_ASSIGNED_CONTEXT ( ( #3581 ) ) GLOBAL_UNIT_ASSIGNED_CONTEXT ( ( #3068, #2764, #4112 ) ) REPRESENTATION_CONTEXT ( 'NONE', 'WORKASPACE' ) );
#886 = ORIENTED_EDGE ( 'NONE', *, *, #180, .T. ) ;
#887 = DIRECTION ( 'NONE',  ( 0.000000000000000000, -1.000000000000000000, 0.000000000000000000 ) ) ;
#888 = DIRECTION ( 'NONE',  ( 1.000000000000000000, 0.000000000000000000, 0.000000000000000000 ) ) ;
#889 = ORIENTED_EDGE ( 'NONE', *, *, #2607, .F. ) ;
#890 = CARTESIAN_POINT ( 'NONE',  ( -0.7850000000000000311, -1.399999999999999911, 0.000000000000000000 ) ) ;
#891 = FACE_OUTER_BOUND ( 'NONE', #2122, .T. ) ;
#892 = DIRECTION ( 'NONE',  ( 0.000000000000000000, 0.000000000000000000, -1.000000000000000000 ) ) ;
#893 = LINE ( 'NONE', #2529, #802 ) ;
#894 =( NAMED_UNIT ( * ) SI_UNIT ( $, .STERADIAN. ) SOLID_ANGLE_UNIT ( ) );
#895 = ORIENTED_EDGE ( 'NONE', *, *, #1315, .F. ) ;
#896 = EDGE_CURVE ( 'NONE', #934, #331, #3479, .T. ) ;
#897 = DIRECTION ( 'NONE',  ( 0.000000000000000000, -1.000000000000000000, 0.000000000000000000 ) ) ;
#898 = DIRECTION ( 'NONE',  ( -1.000000000000000000, 0.000000000000000000, 0.000000000000000000 ) ) ;
#899 = CARTESIAN_POINT ( 'NONE',  ( 0.07499999999999999722, 1.000000000000000000, 0.000000000000000000 ) ) ;
#900 = DIRECTION ( 'NONE',  ( 0.000000000000000000, 0.000000000000000000, -1.000000000000000000 ) ) ;
#901 = CARTESIAN_POINT ( 'NONE',  ( -0.9349999999999999423, -1.399999999999999911, 0.000000000000000000 ) ) ;
#902 = EDGE_CURVE ( 'NONE', #4101, #2835, #2469, .T. ) ;
#903 = EDGE_LOOP ( 'NONE', ( #691, #2856, #1670, #2198 ) ) ;
#904 =( NAMED_UNIT ( * ) SI_UNIT ( $, .STERADIAN. ) SOLID_ANGLE_UNIT ( ) );
#905 = CLOSED_SHELL ( 'NONE', ( #1106, #1547, #282, #336, #1374, #1950 ) ) ;
#906 = CARTESIAN_POINT ( 'NONE',  ( 0.5050000000000000044, 1.000000000000000000, 0.05099999999999999672 ) ) ;
#907 = VERTEX_POINT ( 'NONE', #790 ) ;
#908 = ADVANCED_FACE ( 'NONE', ( #498 ), #525, .T. ) ;
#909 = EDGE_LOOP ( 'NONE', ( #3639, #1997, #846, #2244 ) ) ;
#910 = PRESENTATION_STYLE_ASSIGNMENT (( #164 ) ) ;
#911 = FILL_AREA_STYLE ('',( #2865 ) ) ;
#912 = ORIENTED_EDGE ( 'NONE', *, *, #573, .T. ) ;
#913 = CARTESIAN_POINT ( 'NONE',  ( 0.07499999999999999722, 1.399999999999999911, 0.000000000000000000 ) ) ;
#914 = DIRECTION ( 'NONE',  ( 0.000000000000000000, 0.000000000000000000, -1.000000000000000000 ) ) ;
#915 = CARTESIAN_POINT ( 'NONE',  ( 1.649999999999999911, 0.3549999999999999822, 0.05099999999999999672 ) ) ;
#916 = ORIENTED_EDGE ( 'NONE', *, *, #1181, .T. ) ;
#917 = CARTESIAN_POINT ( 'NONE',  ( 0.7850000000000000311, 1.399999999999999911, 0.05099999999999999672 ) ) ;
#918 = DIRECTION ( 'NONE',  ( 0.000000000000000000, 0.000000000000000000, -1.000000000000000000 ) ) ;
#919 = DIRECTION ( 'NONE',  ( 0.000000000000000000, -1.000000000000000000, 0.000000000000000000 ) ) ;
#920 = CARTESIAN_POINT ( 'NONE',  ( -0.3549999999999999822, 1.399999999999999911, 0.05099999999999999672 ) ) ;
#921 = EDGE_CURVE ( 'NONE', #2940, #3968, #1194, .T. ) ;
#922 = CARTESIAN_POINT ( 'NONE',  ( 1.750000000000000000, -1.500000000000000000, 1.650999999999999801 ) ) ;
#923 = VERTEX_POINT ( 'NONE', #3150 ) ;
#924 = DIRECTION ( 'NONE',  ( 0.000000000000000000, -1.000000000000000000, 0.000000000000000000 ) ) ;
#925 = EDGE_CURVE ( 'NONE', #5, #1289, #3108, .T. ) ;
#926 = AXIS2_PLACEMENT_3D ( 'NONE', #3272, #317, #4260 ) ;
#927 = LINE ( 'NONE', #3239, #1467 ) ;
#928 = EDGE_LOOP ( 'NONE', ( #401, #3882, #2789, #1793 ) ) ;
#929 = VECTOR ( 'NONE', #289, 1000.000000000000000 ) ;
#930 = FILL_AREA_STYLE ('',( #642 ) ) ;
#931 = EDGE_CURVE ( 'NONE', #2568, #2699, #4136, .T. ) ;
#932 = VECTOR ( 'NONE', #1110, 1000.000000000000000 ) ;
#933 = AXIS2_PLACEMENT_3D ( 'NONE', #2363, #1007, #702 ) ;
#934 = VERTEX_POINT ( 'NONE', #878 ) ;
#935 = PRESENTATION_LAYER_ASSIGNMENT (  '', '', ( #3262 ) ) ;
#936 = CARTESIAN_POINT ( 'NONE',  ( -0.7850000000000000311, -1.399999999999999911, 0.05099999999999999672 ) ) ;
#937 = PLANE ( 'NONE',  #2098 ) ;
#938 = AXIS2_PLACEMENT_3D ( 'NONE', #590, #1898, #1572 ) ;
#939 = DIRECTION ( 'NONE',  ( 0.000000000000000000, 0.000000000000000000, -1.000000000000000000 ) ) ;
#940 = DIRECTION ( 'NONE',  ( 0.000000000000000000, 0.000000000000000000, -1.000000000000000000 ) ) ;
#941 = VERTEX_POINT ( 'NONE', #194 ) ;
#942 = MECHANICAL_DESIGN_GEOMETRIC_PRESENTATION_REPRESENTATION (  '', ( #593 ), #3480 ) ;
#943 = LINE ( 'NONE', #3564, #2417 ) ;
#944 = CARTESIAN_POINT ( 'NONE',  ( -0.7850000000000000311, -1.399999999999999911, 0.05099999999999999672 ) ) ;
#945 = LINE ( 'NONE', #1531, #434 ) ;
#946 = DIRECTION ( 'NONE',  ( 0.000000000000000000, -1.000000000000000000, 0.000000000000000000 ) ) ;
#947 = CARTESIAN_POINT ( 'NONE',  ( 0.07499999999999999722, -1.399999999999999911, 0.05099999999999999672 ) ) ;
#948 = ORIENTED_EDGE ( 'NONE', *, *, #689, .T. ) ;
#949 = DIRECTION ( 'NONE',  ( 0.000000000000000000, -1.000000000000000000, 0.000000000000000000 ) ) ;
#950 = FACE_OUTER_BOUND ( 'NONE', #1451, .T. ) ;
#951 = ADVANCED_FACE ( 'NONE', ( #177 ), #2189, .T. ) ;
#952 = ORIENTED_EDGE ( 'NONE', *, *, #2716, .T. ) ;
#953 = EDGE_LOOP ( 'NONE', ( #4096, #211, #2587, #759 ) ) ;
#954 = EDGE_CURVE ( 'NONE', #224, #3417, #1812, .T. ) ;
#955 = ADVANCED_FACE ( 'NONE', ( #4061 ), #2768, .T. ) ;
#956 = DIRECTION ( 'NONE',  ( 0.000000000000000000, -1.000000000000000000, 0.000000000000000000 ) ) ;
#957 = LINE ( 'NONE', #4177, #1337 ) ;
#958 = STYLED_ITEM ( 'NONE', ( #1111 ), #533 ) ;
#959 = FACE_OUTER_BOUND ( 'NONE', #2711, .T. ) ;
#960 = UNCERTAINTY_MEASURE_WITH_UNIT (LENGTH_MEASURE( 1.000000000000000082E-05 ), #2804, 'distance_accuracy_value', 'NONE');
#961 = CARTESIAN_POINT ( 'NONE',  ( 1.645000000000000018, 1.399999999999999911, 0.000000000000000000 ) ) ;
#962 = ORIENTED_EDGE ( 'NONE', *, *, #4020, .F. ) ;
#963 = PLANE ( 'NONE',  #3051 ) ;
#964 = PLANE ( 'NONE',  #2774 ) ;
#965 = PRESENTATION_STYLE_ASSIGNMENT (( #1579 ) ) ;
#966 = CARTESIAN_POINT ( 'NONE',  ( -1.649999999999999911, 0.5050000000000000044, 0.000000000000000000 ) ) ;
#967 = ORIENTED_EDGE ( 'NONE', *, *, #3710, .T. ) ;
#968 = FACE_OUTER_BOUND ( 'NONE', #2176, .T. ) ;
#969 = DIRECTION ( 'NONE',  ( 0.000000000000000000, -1.000000000000000000, 0.000000000000000000 ) ) ;
#970 = ORIENTED_EDGE ( 'NONE', *, *, #1032, .T. ) ;
#971 = EDGE_LOOP ( 'NONE', ( #1983, #4182, #3851, #2944 ) ) ;
#972 = VECTOR ( 'NONE', #1035, 1000.000000000000000 ) ;
#973 = CARTESIAN_POINT ( 'NONE',  ( 0.7850000000000000311, 1.000000000000000000, 0.05099999999999999672 ) ) ;
#974 =( NAMED_UNIT ( * ) SI_UNIT ( $, .STERADIAN. ) SOLID_ANGLE_UNIT ( ) );
#975 = EDGE_CURVE ( 'NONE', #1951, #1222, #4116, .T. ) ;
#976 = VERTEX_POINT ( 'NONE', #3778 ) ;
#977 = LINE ( 'NONE', #357, #2171 ) ;
#978 = FACE_OUTER_BOUND ( 'NONE', #2230, .T. ) ;
#979 = CARTESIAN_POINT ( 'NONE',  ( -0.9349999999999999423, -1.000000000000000000, 0.000000000000000000 ) ) ;
#980 = ADVANCED_FACE ( 'NONE', ( #4098 ), #1154, .T. ) ;
#981 = ORIENTED_EDGE ( 'NONE', *, *, #407, .F. ) ;
#982 = LINE ( 'NONE', #3320, #1014 ) ;
#983 = DIRECTION ( 'NONE',  ( -1.000000000000000000, 0.000000000000000000, 0.000000000000000000 ) ) ;
#984 = PLANE ( 'NONE',  #586 ) ;
#985 = EDGE_CURVE ( 'NONE', #986, #2340, #945, .T. ) ;
#986 = VERTEX_POINT ( 'NONE', #4165 ) ;
#987 = ORIENTED_EDGE ( 'NONE', *, *, #312, .T. ) ;
#988 = DIRECTION ( 'NONE',  ( 0.000000000000000000, 1.000000000000000000, 0.000000000000000000 ) ) ;
#989 = FACE_OUTER_BOUND ( 'NONE', #408, .T. ) ;
#990 = ORIENTED_EDGE ( 'NONE', *, *, #1783, .F. ) ;
#991 = ORIENTED_EDGE ( 'NONE', *, *, #975, .T. ) ;
#992 = SURFACE_STYLE_USAGE ( .BOTH. , #3222 ) ;
#993 =( NAMED_UNIT ( * ) PLANE_ANGLE_UNIT ( ) SI_UNIT ( $, .RADIAN. ) );
#994 = ORIENTED_EDGE ( 'NONE', *, *, #2431, .F. ) ;
#995 = AXIS2_PLACEMENT_3D ( 'NONE', #576, #3199, #2882 ) ;
#996 = ADVANCED_FACE ( 'NONE', ( #3909 ), #1903, .T. ) ;
#997 = CARTESIAN_POINT ( 'NONE',  ( 1.649999999999999911, -0.5050000000000000044, 0.000000000000000000 ) ) ;
#998 = LINE ( 'NONE', #338, #2778 ) ;
#999 = AXIS2_PLACEMENT_3D ( 'NONE', #3514, #564, #3184 ) ;
#1000 = VECTOR ( 'NONE', #410, 1000.000000000000000 ) ;
#1001 = LINE ( 'NONE', #3601, #2725 ) ;
#1002 = EDGE_LOOP ( 'NONE', ( #1129, #512, #3915, #886 ) ) ;
#1003 = COLOUR_RGB ( '',0.1921568627450980227, 0.1921568627450980227, 0.1921568627450980227 ) ;
#1004 = ORIENTED_EDGE ( 'NONE', *, *, #3925, .T. ) ;
#1005 = EDGE_CURVE ( 'NONE', #775, #1517, #3606, .T. ) ;
#1006 = CARTESIAN_POINT ( 'NONE',  ( 0.3549999999999999822, 1.000000000000000000, 0.05099999999999999672 ) ) ;
#1007 = DIRECTION ( 'NONE',  ( 0.000000000000000000, -1.000000000000000000, 0.000000000000000000 ) ) ;
#1008 = CARTESIAN_POINT ( 'NONE',  ( -1.645000000000000018, -1.000000000000000000, 0.000000000000000000 ) ) ;
#1009 = AXIS2_PLACEMENT_3D ( 'NONE', #2746, #949, #1387 ) ;
#1010 = EDGE_LOOP ( 'NONE', ( #1079, #1682, #3494, #1 ) ) ;
#1011 = AXIS2_PLACEMENT_3D ( 'NONE', #339, #713, #2034 ) ;
#1012 = EDGE_CURVE ( 'NONE', #36, #2153, #2278, .T. ) ;
#1013 = ORIENTED_EDGE ( 'NONE', *, *, #2585, .F. ) ;
#1014 = VECTOR ( 'NONE', #3668, 1000.000000000000000 ) ;
#1015 = LINE ( 'NONE', #688, #2659 ) ;
#1016 = DIRECTION ( 'NONE',  ( 0.000000000000000000, 0.000000000000000000, 1.000000000000000000 ) ) ;
#1017 = ORIENTED_EDGE ( 'NONE', *, *, #396, .T. ) ;
#1018 = VERTEX_POINT ( 'NONE', #2897 ) ;
#1019 = CARTESIAN_POINT ( 'NONE',  ( 1.250000000000000000, 0.7850000000000000311, 0.000000000000000000 ) ) ;
#1021 = PLANE ( 'NONE',  #2311 ) ;
#1020 =( LENGTH_UNIT ( ) NAMED_UNIT ( * ) SI_UNIT ( .MILLI., .METRE. ) );
#1022 = CARTESIAN_POINT ( 'NONE',  ( 0.07499999999999999722, 1.000000000000000000, 0.05099999999999999672 ) ) ;
#1023 = CARTESIAN_POINT ( 'NONE',  ( -1.364999999999999991, -1.399999999999999911, 0.05099999999999999672 ) ) ;
#1024 = APPLICATION_CONTEXT ( 'automotive_design' ) ;
#1025 = ORIENTED_EDGE ( 'NONE', *, *, #132, .T. ) ;
#1026 = ORIENTED_EDGE ( 'NONE', *, *, #665, .F. ) ;
#1027 = VECTOR ( 'NONE', #608, 1000.000000000000000 ) ;
#1028 = CARTESIAN_POINT ( 'NONE',  ( 1.364999999999999991, -1.000000000000000000, 0.05099999999999999672 ) ) ;
#1029 = LINE ( 'NONE', #3669, #3744 ) ;
#1030 = LINE ( 'NONE', #1008, #1883 ) ;
#1031 = ORIENTED_EDGE ( 'NONE', *, *, #3023, .F. ) ;
#1032 = EDGE_CURVE ( 'NONE', #1618, #1907, #2851, .T. ) ;
#1033 = VERTEX_POINT ( 'NONE', #2595 ) ;
#1034 = CARTESIAN_POINT ( 'NONE',  ( 1.250000000000000000, -0.5050000000000000044, 0.000000000000000000 ) ) ;
#1035 = DIRECTION ( 'NONE',  ( 0.000000000000000000, 1.000000000000000000, 0.000000000000000000 ) ) ;
#1036 = ADVANCED_FACE ( 'NONE', ( #2912 ), #1256, .T. ) ;
#1037 = ORIENTED_EDGE ( 'NONE', *, *, #2999, .T. ) ;
#1038 = EDGE_CURVE ( 'NONE', #1639, #57, #4185, .T. ) ;
#1039 = DIRECTION ( 'NONE',  ( 0.000000000000000000, 0.000000000000000000, -1.000000000000000000 ) ) ;
#1040 = DIRECTION ( 'NONE',  ( 0.000000000000000000, 1.000000000000000000, 0.000000000000000000 ) ) ;
#1041 = CARTESIAN_POINT ( 'NONE',  ( -1.214999999999999858, 1.000000000000000000, 0.000000000000000000 ) ) ;
#1042 = VECTOR ( 'NONE', #3866, 1000.000000000000000 ) ;
#1043 = EDGE_LOOP ( 'NONE', ( #3003, #4171, #3672, #168 ) ) ;
#1044 = ORIENTED_EDGE ( 'NONE', *, *, #1605, .F. ) ;
#1045 = CARTESIAN_POINT ( 'NONE',  ( -1.645000000000000018, 1.399999999999999911, 0.000000000000000000 ) ) ;
#1046 = CARTESIAN_POINT ( 'NONE',  ( 1.649999999999999911, 0.5050000000000000044, 0.05099999999999999672 ) ) ;
#1047 = PLANE ( 'NONE',  #2986 ) ;
#1048 = SURFACE_STYLE_FILL_AREA ( #722 ) ;
#1049 = ORIENTED_EDGE ( 'NONE', *, *, #2474, .F. ) ;
#1050 = ORIENTED_EDGE ( 'NONE', *, *, #3767, .T. ) ;
#1051 = ADVANCED_FACE ( 'NONE', ( #3215 ), #2572, .T. ) ;
#1052 = FACE_OUTER_BOUND ( 'NONE', #2524, .T. ) ;
#1053 = DIRECTION ( 'NONE',  ( 0.000000000000000000, 0.000000000000000000, 1.000000000000000000 ) ) ;
#1054 = VERTEX_POINT ( 'NONE', #597 ) ;
#1055 = EDGE_LOOP ( 'NONE', ( #120, #3170, #2320, #3036 ) ) ;
#1056 = ADVANCED_FACE ( 'NONE', ( #3887 ), #1218, .T. ) ;
#1057 = ADVANCED_FACE ( 'NONE', ( #613 ), #3235, .T. ) ;
#1058 = DIRECTION ( 'NONE',  ( 1.000000000000000000, 0.000000000000000000, 0.000000000000000000 ) ) ;
#1059 = CARTESIAN_POINT ( 'NONE',  ( 1.649999999999999911, 0.07499999999999999722, 0.000000000000000000 ) ) ;
#1060 = LINE ( 'NONE', #3013, #664 ) ;
#1061 = VECTOR ( 'NONE', #3405, 1000.000000000000000 ) ;
#1062 = EDGE_LOOP ( 'NONE', ( #3071, #1031, #1098, #140 ) ) ;
#1063 = ORIENTED_EDGE ( 'NONE', *, *, #2329, .F. ) ;
#1064 = VECTOR ( 'NONE', #2274, 1000.000000000000000 ) ;
#1065 = DIRECTION ( 'NONE',  ( 1.000000000000000000, 0.000000000000000000, 0.000000000000000000 ) ) ;
#1066 = PLANE ( 'NONE',  #933 ) ;
#1067 = FACE_OUTER_BOUND ( 'NONE', #1452, .T. ) ;
#1068 = LINE ( 'NONE', #4234, #4166 ) ;
#1069 = DIRECTION ( 'NONE',  ( 1.000000000000000000, 0.000000000000000000, 0.000000000000000000 ) ) ;
#1070 = ORIENTED_EDGE ( 'NONE', *, *, #3553, .F. ) ;
#1071 = VECTOR ( 'NONE', #868, 1000.000000000000000 ) ;
#1072 = VECTOR ( 'NONE', #683, 1000.000000000000000 ) ;
#1073 = PRESENTATION_LAYER_ASSIGNMENT (  '', '', ( #3815 ) ) ;
#1074 = EDGE_LOOP ( 'NONE', ( #622, #2953, #1925, #3977 ) ) ;
#1075 = DIRECTION ( 'NONE',  ( 1.000000000000000000, 0.000000000000000000, 0.000000000000000000 ) ) ;
#1076 = AXIS2_PLACEMENT_3D ( 'NONE', #1768, #892, #3470 ) ;
#1077 = PLANE ( 'NONE',  #553 ) ;
#1078 = COLOUR_RGB ( '',0.7215686274509803821, 0.7215686274509803821, 0.7215686274509803821 ) ;
#1079 = ORIENTED_EDGE ( 'NONE', *, *, #2992, .F. ) ;
#1080 = EDGE_CURVE ( 'NONE', #2835, #4237, #3191, .T. ) ;
#1082 = DIRECTION ( 'NONE',  ( 0.000000000000000000, 0.000000000000000000, 1.000000000000000000 ) ) ;
#1081 = SURFACE_STYLE_USAGE ( .BOTH. , #3688 ) ;
#1083 = LINE ( 'NONE', #2402, #510 ) ;
#1084 = ORIENTED_EDGE ( 'NONE', *, *, #710, .F. ) ;
#1085 = EDGE_CURVE ( 'NONE', #2537, #2964, #2534, .T. ) ;
#1086 = ORIENTED_EDGE ( 'NONE', *, *, #4100, .F. ) ;
#1087 = LINE ( 'NONE', #2462, #3186 ) ;
#1088 = CARTESIAN_POINT ( 'NONE',  ( 1.214999999999999858, 1.000000000000000000, 0.05099999999999999672 ) ) ;
#1089 = PLANE ( 'NONE',  #1207 ) ;
#1090 = DIRECTION ( 'NONE',  ( 0.000000000000000000, 1.000000000000000000, 0.000000000000000000 ) ) ;
#1091 = FILL_AREA_STYLE ('',( #2747 ) ) ;
#1092 = ORIENTED_EDGE ( 'NONE', *, *, #3375, .T. ) ;
#1093 = VERTEX_POINT ( 'NONE', #3865 ) ;
#1094 = LINE ( 'NONE', #771, #439 ) ;
#1095 = PRESENTATION_STYLE_ASSIGNMENT (( #3131 ) ) ;
#1096 = COLOUR_RGB ( '',0.7215686274509803821, 0.7215686274509803821, 0.7215686274509803821 ) ;
#1097 = CARTESIAN_POINT ( 'NONE',  ( 1.250000000000000000, 0.5050000000000000044, 0.05099999999999999672 ) ) ;
#1098 = ORIENTED_EDGE ( 'NONE', *, *, #2915, .F. ) ;
#1099 = PRESENTATION_STYLE_ASSIGNMENT (( #80 ) ) ;
#1101 = LINE ( 'NONE', #2738, #714 ) ;
#1100 = CARTESIAN_POINT ( 'NONE',  ( -1.645000000000000018, -1.000000000000000000, 0.05099999999999999672 ) ) ;
#1102 = ADVANCED_FACE ( 'NONE', ( #2213 ), #964, .T. ) ;
#1103 = LINE ( 'NONE', #3384, #2924 ) ;
#1104 = ORIENTED_EDGE ( 'NONE', *, *, #1570, .T. ) ;
#1105 = FACE_OUTER_BOUND ( 'NONE', #2799, .T. ) ;
#1106 = ADVANCED_FACE ( 'NONE', ( #569 ), #1973, .T. ) ;
#1107 = LINE ( 'NONE', #1767, #3812 ) ;
#1108 = VECTOR ( 'NONE', #3165, 1000.000000000000000 ) ;
#1109 = DIRECTION ( 'NONE',  ( 0.000000000000000000, 1.000000000000000000, 0.000000000000000000 ) ) ;
#1110 = DIRECTION ( 'NONE',  ( -1.000000000000000000, 0.000000000000000000, 0.000000000000000000 ) ) ;
#1111 = PRESENTATION_STYLE_ASSIGNMENT (( #1151 ) ) ;
#1112 = VERTEX_POINT ( 'NONE', #1558 ) ;
#1113 = EDGE_LOOP ( 'NONE', ( #1121, #1920 ) ) ;
#1114 = EDGE_CURVE ( 'NONE', #2261, #1624, #2727, .T. ) ;
#1115 = CARTESIAN_POINT ( 'NONE',  ( -0.3549999999999999822, 1.399999999999999911, 0.000000000000000000 ) ) ;
#1116 =( NAMED_UNIT ( * ) PLANE_ANGLE_UNIT ( ) SI_UNIT ( $, .RADIAN. ) );
#1117 = EDGE_LOOP ( 'NONE', ( #1773, #3158, #755, #2387 ) ) ;
#1118 =( NAMED_UNIT ( * ) PLANE_ANGLE_UNIT ( ) SI_UNIT ( $, .RADIAN. ) );
#1119 = PLANE ( 'NONE',  #3047 ) ;
#1120 = PLANE ( 'NONE',  #1477 ) ;
#1121 = ORIENTED_EDGE ( 'NONE', *, *, #1005, .T. ) ;
#1122 = EDGE_CURVE ( 'NONE', #1851, #331, #1029, .T. ) ;
#1123 = CARTESIAN_POINT ( 'NONE',  ( -1.649999999999999911, -0.7850000000000000311, 0.05099999999999999672 ) ) ;
#1124 = FACE_OUTER_BOUND ( 'NONE', #2540, .T. ) ;
#1125 = VECTOR ( 'NONE', #2401, 1000.000000000000000 ) ;
#1126 = DIRECTION ( 'NONE',  ( 0.000000000000000000, 0.000000000000000000, 1.000000000000000000 ) ) ;
#1127 = CARTESIAN_POINT ( 'NONE',  ( 0.9349999999999999423, 1.000000000000000000, 0.000000000000000000 ) ) ;
#1128 = FILL_AREA_STYLE_COLOUR ( '', #3147 ) ;
#1129 = ORIENTED_EDGE ( 'NONE', *, *, #1428, .F. ) ;
#1130 = EDGE_CURVE ( 'NONE', #3657, #3645, #2406, .T. ) ;
#1131 = VECTOR ( 'NONE', #1945, 1000.000000000000000 ) ;
#1132 = ORIENTED_EDGE ( 'NONE', *, *, #1999, .T. ) ;
#1133 = CARTESIAN_POINT ( 'NONE',  ( 1.645000000000000018, -1.000000000000000000, 0.000000000000000000 ) ) ;
#1134 = CARTESIAN_POINT ( 'NONE',  ( 1.214999999999999858, 1.000000000000000000, 0.05099999999999999672 ) ) ;
#1135 = VECTOR ( 'NONE', #1789, 1000.000000000000000 ) ;
#1136 = AXIS2_PLACEMENT_3D ( 'NONE', #2062, #2325, #2343 ) ;
#1137 =( NAMED_UNIT ( * ) PLANE_ANGLE_UNIT ( ) SI_UNIT ( $, .RADIAN. ) );
#1138 = AXIS2_PLACEMENT_3D ( 'NONE', #4117, #2489, #851 ) ;
#1139 = EDGE_CURVE ( 'NONE', #679, #1618, #3018, .T. ) ;
#1140 = ORIENTED_EDGE ( 'NONE', *, *, #2345, .F. ) ;
#1141 = COLOUR_RGB ( '',0.7215686274509803821, 0.7215686274509803821, 0.7215686274509803821 ) ;
#1142 = VECTOR ( 'NONE', #3246, 1000.000000000000000 ) ;
#1143 = AXIS2_PLACEMENT_3D ( 'NONE', #2942, #1449, #152 ) ;
#1144 = FILL_AREA_STYLE_COLOUR ( '', #2640 ) ;
#1145 = FACE_OUTER_BOUND ( 'NONE', #1390, .T. ) ;
#1146 = EDGE_LOOP ( 'NONE', ( #93, #314, #2288, #4107 ) ) ;
#1147 = CARTESIAN_POINT ( 'NONE',  ( -1.214999999999999858, 1.399999999999999911, 0.000000000000000000 ) ) ;
#1148 = DIRECTION ( 'NONE',  ( 1.000000000000000000, 0.000000000000000000, 0.000000000000000000 ) ) ;
#1149 = DIRECTION ( 'NONE',  ( -0.000000000000000000, 1.000000000000000000, 0.000000000000000000 ) ) ;
#1150 = CARTESIAN_POINT ( 'NONE',  ( -1.250000000000000000, 0.07499999999999999722, 0.000000000000000000 ) ) ;
#1151 = SURFACE_STYLE_USAGE ( .BOTH. , #2103 ) ;
#1152 = EDGE_LOOP ( 'NONE', ( #3538, #4052, #3409, #1215 ) ) ;
#1153 = EDGE_LOOP ( 'NONE', ( #2795, #3248, #2371, #3526 ) ) ;
#1154 = PLANE ( 'NONE',  #1673 ) ;
#1155 = EDGE_CURVE ( 'NONE', #3205, #1289, #48, .T. ) ;
#1156 = SURFACE_STYLE_FILL_AREA ( #4099 ) ;
#1157 = APPLICATION_CONTEXT ( 'automotive_design' ) ;
#1158 = ORIENTED_EDGE ( 'NONE', *, *, #1490, .T. ) ;
#1159 = STYLED_ITEM ( 'NONE', ( #2299 ), #507 ) ;
#1160 = EDGE_CURVE ( 'NONE', #3934, #2427, #3715, .T. ) ;
#1161 = PLANE ( 'NONE',  #360 ) ;
#1162 = LINE ( 'NONE', #2719, #4229 ) ;
#1163 = ADVANCED_FACE ( 'NONE', ( #3 ), #324, .T. ) ;
#1164 = VERTEX_POINT ( 'NONE', #3972 ) ;
#1165 = CARTESIAN_POINT ( 'NONE',  ( -1.645000000000000018, 1.399999999999999911, 0.000000000000000000 ) ) ;
#1166 = DIRECTION ( 'NONE',  ( 1.000000000000000000, 0.000000000000000000, 0.000000000000000000 ) ) ;
#1167 = FACE_OUTER_BOUND ( 'NONE', #3795, .T. ) ;
#1168 = DIRECTION ( 'NONE',  ( 1.000000000000000000, 0.000000000000000000, 0.000000000000000000 ) ) ;
#1169 = LINE ( 'NONE', #542, #125 ) ;
#1170 = ORIENTED_EDGE ( 'NONE', *, *, #3862, .T. ) ;
#1171 = VECTOR ( 'NONE', #2149, 1000.000000000000000 ) ;
#1172 = LINE ( 'NONE', #523, #3783 ) ;
#1173 = CARTESIAN_POINT ( 'NONE',  ( -0.7850000000000000311, -1.000000000000000000, 0.000000000000000000 ) ) ;
#1174 = CARTESIAN_POINT ( 'NONE',  ( 1.649999999999999911, -0.07499999999999999722, 0.000000000000000000 ) ) ;
#1175 = UNCERTAINTY_MEASURE_WITH_UNIT (LENGTH_MEASURE( 1.000000000000000082E-05 ), #3703, 'distance_accuracy_value', 'NONE');
#1176 = FACE_OUTER_BOUND ( 'NONE', #2201, .T. ) ;
#1177 = MECHANICAL_DESIGN_GEOMETRIC_PRESENTATION_REPRESENTATION (  '', ( #3030 ), #3652 ) ;
#1178 = EDGE_CURVE ( 'NONE', #3681, #2837, #4036, .T. ) ;
#1179 = VERTEX_POINT ( 'NONE', #2390 ) ;
#1180 = SURFACE_STYLE_USAGE ( .BOTH. , #2154 ) ;
#1181 = EDGE_CURVE ( 'NONE', #2770, #4101, #1385, .T. ) ;
#1182 = FACE_OUTER_BOUND ( 'NONE', #191, .T. ) ;
#1183 = CARTESIAN_POINT ( 'NONE',  ( -1.750000000000000000, 1.500000000000000000, 1.650999999999999801 ) ) ;
#1184 = EDGE_LOOP ( 'NONE', ( #3352, #1025, #242, #2731 ) ) ;
#1185 = ADVANCED_FACE ( 'NONE', ( #3000 ), #1066, .T. ) ;
#1186 = PLANE ( 'NONE',  #1412 ) ;
#1187 = PLANE ( 'NONE',  #649 ) ;
#1188 = DIRECTION ( 'NONE',  ( 0.000000000000000000, 0.000000000000000000, -1.000000000000000000 ) ) ;
#1189 = PLANE ( 'NONE',  #2380 ) ;
#1190 = CARTESIAN_POINT ( 'NONE',  ( -0.7850000000000000311, -1.399999999999999911, 0.000000000000000000 ) ) ;
#1191 = EDGE_LOOP ( 'NONE', ( #1049, #3174, #2249, #1759 ) ) ;
#1192 = LINE ( 'NONE', #1901, #1108 ) ;
#1193 = DIRECTION ( 'NONE',  ( 0.000000000000000000, 0.000000000000000000, 1.000000000000000000 ) ) ;
#1194 = LINE ( 'NONE', #1774, #1406 ) ;
#1195 = CARTESIAN_POINT ( 'NONE',  ( -0.5050000000000000044, -1.399999999999999911, 0.000000000000000000 ) ) ;
#1196 = VECTOR ( 'NONE', #1232, 1000.000000000000000 ) ;
#1197 = ORIENTED_EDGE ( 'NONE', *, *, #329, .T. ) ;
#1198 = VECTOR ( 'NONE', #1344, 1000.000000000000000 ) ;
#1199 = VECTOR ( 'NONE', #3360, 1000.000000000000000 ) ;
#1200 = DIRECTION ( 'NONE',  ( 0.000000000000000000, 0.000000000000000000, -1.000000000000000000 ) ) ;
#1201 = ORIENTED_EDGE ( 'NONE', *, *, #1918, .F. ) ;
#1202 = VECTOR ( 'NONE', #841, 1000.000000000000000 ) ;
#1203 = ORIENTED_EDGE ( 'NONE', *, *, #4255, .F. ) ;
#1204 = SURFACE_STYLE_FILL_AREA ( #3486 ) ;
#1205 = AXIS2_PLACEMENT_3D ( 'NONE', #3806, #4173, #888 ) ;
#1206 = EDGE_CURVE ( 'NONE', #3760, #796, #1366, .T. ) ;
#1207 = AXIS2_PLACEMENT_3D ( 'NONE', #3432, #2445, #808 ) ;
#1208 = ORIENTED_EDGE ( 'NONE', *, *, #3495, .T. ) ;
#1209 = CARTESIAN_POINT ( 'NONE',  ( -1.214999999999999858, -1.000000000000000000, 0.05099999999999999672 ) ) ;
#1210 = DIRECTION ( 'NONE',  ( 0.000000000000000000, 1.000000000000000000, 0.000000000000000000 ) ) ;
#1211 = CARTESIAN_POINT ( 'NONE',  ( -0.3549999999999999822, 1.399999999999999911, 0.000000000000000000 ) ) ;
#1212 = CARTESIAN_POINT ( 'NONE',  ( 1.649999999999999911, 0.07499999999999999722, 0.05099999999999999672 ) ) ;
#1213 = EDGE_CURVE ( 'NONE', #3994, #363, #1346, .T. ) ;
#1214 = DIRECTION ( 'NONE',  ( 0.000000000000000000, 0.000000000000000000, 1.000000000000000000 ) ) ;
#1215 = ORIENTED_EDGE ( 'NONE', *, *, #2079, .T. ) ;
#1216 = LINE ( 'NONE', #497, #3725 ) ;
#1217 = CARTESIAN_POINT ( 'NONE',  ( 0.07499999999999999722, 1.000000000000000000, 0.05099999999999999672 ) ) ;
#1218 = PLANE ( 'NONE',  #2575 ) ;
#1219 = CARTESIAN_POINT ( 'NONE',  ( -1.649999999999999911, 0.07499999999999999722, 0.05099999999999999672 ) ) ;
#1220 = ORIENTED_EDGE ( 'NONE', *, *, #3133, .T. ) ;
#1221 = DIRECTION ( 'NONE',  ( 0.000000000000000000, -1.000000000000000000, 0.000000000000000000 ) ) ;
#1222 = VERTEX_POINT ( 'NONE', #2042 ) ;
#1223 = PRESENTATION_LAYER_ASSIGNMENT (  '', '', ( #4106 ) ) ;
#1224 = ORIENTED_EDGE ( 'NONE', *, *, #110, .T. ) ;
#1225 = FACE_OUTER_BOUND ( 'NONE', #2468, .T. ) ;
#1226 = SURFACE_STYLE_USAGE ( .BOTH. , #1588 ) ;
#1227 = EDGE_LOOP ( 'NONE', ( #147, #8, #1314, #2346 ) ) ;
#1228 = ADVANCED_FACE ( 'NONE', ( #390 ), #2955, .T. ) ;
#1229 = LINE ( 'NONE', #2479, #1071 ) ;
#1230 = LINE ( 'NONE', #296, #2919 ) ;
#1231 = DIRECTION ( 'NONE',  ( 0.000000000000000000, 0.000000000000000000, -1.000000000000000000 ) ) ;
#1232 = DIRECTION ( 'NONE',  ( 0.000000000000000000, -1.000000000000000000, 0.000000000000000000 ) ) ;
#1233 = EDGE_LOOP ( 'NONE', ( #592, #2616, #811, #1649 ) ) ;
#1234 = EDGE_CURVE ( 'NONE', #255, #348, #3347, .T. ) ;
#1235 = CARTESIAN_POINT ( 'NONE',  ( -0.3549999999999999822, -1.000000000000000000, 0.05099999999999999672 ) ) ;
#1236 = DIRECTION ( 'NONE',  ( 0.000000000000000000, 0.000000000000000000, -1.000000000000000000 ) ) ;
#1237 = DIRECTION ( 'NONE',  ( 0.000000000000000000, 0.000000000000000000, -1.000000000000000000 ) ) ;
#1238 = LINE ( 'NONE', #920, #3188 ) ;
#1239 = CARTESIAN_POINT ( 'NONE',  ( -1.250000000000000000, -0.3549999999999999822, 0.000000000000000000 ) ) ;
#1240 = CLOSED_SHELL ( 'NONE', ( #4176, #2815, #4265, #2355, #3834, #580 ) ) ;
#1241 = EDGE_CURVE ( 'NONE', #2863, #3285, #1706, .T. ) ;
#1242 = ORIENTED_EDGE ( 'NONE', *, *, #1731, .T. ) ;
#1243 = VECTOR ( 'NONE', #3823, 1000.000000000000000 ) ;
#1244 = FACE_OUTER_BOUND ( 'NONE', #3440, .T. ) ;
#1245 = ORIENTED_EDGE ( 'NONE', *, *, #232, .F. ) ;
#1246 = LINE ( 'NONE', #620, #4080 ) ;
#1247 =( LENGTH_UNIT ( ) NAMED_UNIT ( * ) SI_UNIT ( .MILLI., .METRE. ) );
#1248 = ORIENTED_EDGE ( 'NONE', *, *, #1888, .T. ) ;
#1249 = CARTESIAN_POINT ( 'NONE',  ( 1.649999999999999911, 0.7850000000000000311, 0.000000000000000000 ) ) ;
#1250 = CARTESIAN_POINT ( 'NONE',  ( -1.649999999999999911, 0.7850000000000000311, 0.000000000000000000 ) ) ;
#1251 = LINE ( 'NONE', #1592, #1966 ) ;
#1252 = FACE_OUTER_BOUND ( 'NONE', #609, .T. ) ;
#1253 = VERTEX_POINT ( 'NONE', #88 ) ;
#1254 = LINE ( 'NONE', #3777, #1171 ) ;
#1255 = CARTESIAN_POINT ( 'NONE',  ( 1.649999999999999911, 0.07499999999999999722, 0.05099999999999999672 ) ) ;
#1256 = PLANE ( 'NONE',  #1739 ) ;
#1257 = DIRECTION ( 'NONE',  ( -1.000000000000000000, 0.000000000000000000, 0.000000000000000000 ) ) ;
#1258 = DIRECTION ( 'NONE',  ( 0.000000000000000000, -1.000000000000000000, 0.000000000000000000 ) ) ;
#1259 = EDGE_CURVE ( 'NONE', #3385, #679, #1408, .T. ) ;
#1260 = ORIENTED_EDGE ( 'NONE', *, *, #1241, .T. ) ;
#1261 = AXIS2_PLACEMENT_3D ( 'NONE', #1798, #822, #4086 ) ;
#1262 = CARTESIAN_POINT ( 'NONE',  ( 0.9349999999999999423, -1.399999999999999911, 0.05099999999999999672 ) ) ;
#1263 = EDGE_CURVE ( 'NONE', #3385, #1907, #3948, .T. ) ;
#1264 = EDGE_LOOP ( 'NONE', ( #2307, #3211, #834, #3241 ) ) ;
#1265 = AXIS2_PLACEMENT_3D ( 'NONE', #238, #4220, #565 ) ;
#1266 = SURFACE_STYLE_FILL_AREA ( #559 ) ;
#1267 = VECTOR ( 'NONE', #1075, 1000.000000000000000 ) ;
#1268 = VECTOR ( 'NONE', #3208, 1000.000000000000000 ) ;
#1269 = ORIENTED_EDGE ( 'NONE', *, *, #105, .F. ) ;
#1270 = VECTOR ( 'NONE', #2454, 1000.000000000000000 ) ;
#1271 = STYLED_ITEM ( 'NONE', ( #4147 ), #1886 ) ;
#1272 = CARTESIAN_POINT ( 'NONE',  ( 0.7850000000000000311, 1.000000000000000000, 0.000000000000000000 ) ) ;
#1273 = CARTESIAN_POINT ( 'NONE',  ( -1.474999976999999962, 0.6449999999999999067, 1.650999999999999801 ) ) ;
#1274 = VECTOR ( 'NONE', #3166, 1000.000000000000000 ) ;
#1275 = FACE_OUTER_BOUND ( 'NONE', #3035, .T. ) ;
#1276 = PLANE ( 'NONE',  #1878 ) ;
#1277 = VERTEX_POINT ( 'NONE', #3300 ) ;
#1278 = AXIS2_PLACEMENT_3D ( 'NONE', #1980, #1307, #988 ) ;
#1279 = DIRECTION ( 'NONE',  ( 0.000000000000000000, 1.000000000000000000, 0.000000000000000000 ) ) ;
#1280 = DIRECTION ( 'NONE',  ( 0.000000000000000000, 0.000000000000000000, -1.000000000000000000 ) ) ;
#1281 = CARTESIAN_POINT ( 'NONE',  ( 1.214999999999999858, 1.399999999999999911, 0.000000000000000000 ) ) ;
#1282 = DIRECTION ( 'NONE',  ( 0.000000000000000000, -1.000000000000000000, 0.000000000000000000 ) ) ;
#1283 =( LENGTH_UNIT ( ) NAMED_UNIT ( * ) SI_UNIT ( .MILLI., .METRE. ) );
#1284 = ORIENTED_EDGE ( 'NONE', *, *, #3605, .T. ) ;
#1285 = EDGE_CURVE ( 'NONE', #2427, #2846, #345, .T. ) ;
#1286 = CARTESIAN_POINT ( 'NONE',  ( 1.214999999999999858, -1.399999999999999911, 0.000000000000000000 ) ) ;
#1287 = LINE ( 'NONE', #1862, #1607 ) ;
#1288 = ORIENTED_EDGE ( 'NONE', *, *, #3902, .F. ) ;
#1289 = VERTEX_POINT ( 'NONE', #3102 ) ;
#1290 = EDGE_CURVE ( 'NONE', #348, #2835, #171, .T. ) ;
#1291 = DIRECTION ( 'NONE',  ( 1.000000000000000000, 0.000000000000000000, 0.000000000000000000 ) ) ;
#1292 = SURFACE_STYLE_USAGE ( .BOTH. , #1357 ) ;
#1293 = EDGE_LOOP ( 'NONE', ( #3356, #2561, #2748, #2237 ) ) ;
#1294 = ADVANCED_FACE ( 'NONE', ( #807 ), #1430, .T. ) ;
#1295 = LINE ( 'NONE', #2966, #1959 ) ;
#1296 = DIRECTION ( 'NONE',  ( 1.000000000000000000, 0.000000000000000000, 0.000000000000000000 ) ) ;
#1297 = MECHANICAL_DESIGN_GEOMETRIC_PRESENTATION_REPRESENTATION (  '', ( #1497 ), #885 ) ;
#1298 = CARTESIAN_POINT ( 'NONE',  ( -0.07499999999999999722, 1.399999999999999911, 0.000000000000000000 ) ) ;
#1299 = UNCERTAINTY_MEASURE_WITH_UNIT (LENGTH_MEASURE( 1.000000000000000082E-05 ), #3660, 'distance_accuracy_value', 'NONE');
#1300 = ORIENTED_EDGE ( 'NONE', *, *, #2834, .F. ) ;
#1301 = LINE ( 'NONE', #2014, #2239 ) ;
#1302 = CARTESIAN_POINT ( 'NONE',  ( 0.9349999999999999423, 1.399999999999999911, 0.000000000000000000 ) ) ;
#1303 = DIRECTION ( 'NONE',  ( 1.000000000000000000, 0.000000000000000000, 0.000000000000000000 ) ) ;
#1304 =( LENGTH_UNIT ( ) NAMED_UNIT ( * ) SI_UNIT ( .MILLI., .METRE. ) );
#1305 = EDGE_LOOP ( 'NONE', ( #2752, #1586, #3653, #3810 ) ) ;
#1306 = VERTEX_POINT ( 'NONE', #1825 ) ;
#1307 = DIRECTION ( 'NONE',  ( 1.000000000000000000, 0.000000000000000000, 0.000000000000000000 ) ) ;
#1308 = LINE ( 'NONE', #4254, #929 ) ;
#1309 = EDGE_CURVE ( 'NONE', #560, #2658, #2124, .T. ) ;
#1310 = ORIENTED_EDGE ( 'NONE', *, *, #1420, .F. ) ;
#1311 = EDGE_LOOP ( 'NONE', ( #4001, #1201, #4250, #1501 ) ) ;
#1312 = VECTOR ( 'NONE', #4114, 1000.000000000000000 ) ;
#1313 = PLANE ( 'NONE',  #2105 ) ;
#1314 = ORIENTED_EDGE ( 'NONE', *, *, #1397, .T. ) ;
#1315 = EDGE_CURVE ( 'NONE', #2178, #2153, #1804, .T. ) ;
#1316 = LINE ( 'NONE', #997, #3459 ) ;
#1317 = LINE ( 'NONE', #2317, #4085 ) ;
#1318 = LINE ( 'NONE', #3274, #2040 ) ;
#1319 = ORIENTED_EDGE ( 'NONE', *, *, #2787, .T. ) ;
#1320 = EDGE_CURVE ( 'NONE', #2285, #3289, #2443, .T. ) ;
#1321 = ORIENTED_EDGE ( 'NONE', *, *, #1792, .F. ) ;
#1322 = FACE_OUTER_BOUND ( 'NONE', #3343, .T. ) ;
#1323 = DIRECTION ( 'NONE',  ( 0.000000000000000000, 1.000000000000000000, 0.000000000000000000 ) ) ;
#1324 = DIRECTION ( 'NONE',  ( 1.000000000000000000, 0.000000000000000000, 0.000000000000000000 ) ) ;
#1325 = SURFACE_STYLE_USAGE ( .BOTH. , #1996 ) ;
#1326 = ORIENTED_EDGE ( 'NONE', *, *, #3095, .F. ) ;
#1327 = VERTEX_POINT ( 'NONE', #3388 ) ;
#1328 = LINE ( 'NONE', #2049, #1852 ) ;
#1329 = ORIENTED_EDGE ( 'NONE', *, *, #3206, .F. ) ;
#1330 = AXIS2_PLACEMENT_3D ( 'NONE', #508, #861, #1842 ) ;
#1331 =( NAMED_UNIT ( * ) PLANE_ANGLE_UNIT ( ) SI_UNIT ( $, .RADIAN. ) );
#1332 = VECTOR ( 'NONE', #22, 1000.000000000000000 ) ;
#1333 = DIRECTION ( 'NONE',  ( 0.000000000000000000, -1.000000000000000000, 0.000000000000000000 ) ) ;
#1334 = EDGE_CURVE ( 'NONE', #3503, #3892, #2160, .T. ) ;
#1335 = DIRECTION ( 'NONE',  ( 0.000000000000000000, 0.000000000000000000, -1.000000000000000000 ) ) ;
#1336 = AXIS2_PLACEMENT_3D ( 'NONE', #3346, #1407, #2726 ) ;
#1337 = VECTOR ( 'NONE', #914, 1000.000000000000000 ) ;
#1338 = CARTESIAN_POINT ( 'NONE',  ( -1.649999999999999911, 0.3549999999999999822, 0.000000000000000000 ) ) ;
#1339 = UNCERTAINTY_MEASURE_WITH_UNIT (LENGTH_MEASURE( 1.000000000000000082E-05 ), #1304, 'distance_accuracy_value', 'NONE');
#1340 = VECTOR ( 'NONE', #3992, 1000.000000000000000 ) ;
#1341 = ORIENTED_EDGE ( 'NONE', *, *, #2652, .T. ) ;
#1342 = ORIENTED_EDGE ( 'NONE', *, *, #2741, .T. ) ;
#1343 = AXIS2_PLACEMENT_3D ( 'NONE', #1617, #15, #2610 ) ;
#1344 = DIRECTION ( 'NONE',  ( 1.000000000000000000, 0.000000000000000000, 0.000000000000000000 ) ) ;
#1345 = EDGE_CURVE ( 'NONE', #2330, #560, #3413, .T. ) ;
#1346 = LINE ( 'NONE', #3990, #301 ) ;
#1347 = DIRECTION ( 'NONE',  ( 0.000000000000000000, 1.000000000000000000, 0.000000000000000000 ) ) ;
#1348 = VECTOR ( 'NONE', #2408, 1000.000000000000000 ) ;
#1349 = ORIENTED_EDGE ( 'NONE', *, *, #446, .T. ) ;
#1350 =( GEOMETRIC_REPRESENTATION_CONTEXT ( 3 ) GLOBAL_UNCERTAINTY_ASSIGNED_CONTEXT ( ( #3492 ) ) GLOBAL_UNIT_ASSIGNED_CONTEXT ( ( #3312, #3662, #2008 ) ) REPRESENTATION_CONTEXT ( 'NONE', 'WORKASPACE' ) );
#1351 = ORIENTED_EDGE ( 'NONE', *, *, #4160, .T. ) ;
#1352 = EDGE_CURVE ( 'NONE', #560, #2514, #1107, .T. ) ;
#1353 = PLANE ( 'NONE',  #228 ) ;
#1354 = DIRECTION ( 'NONE',  ( 0.000000000000000000, 1.000000000000000000, 0.000000000000000000 ) ) ;
#1355 = ORIENTED_EDGE ( 'NONE', *, *, #2459, .F. ) ;
#1356 = ORIENTED_EDGE ( 'NONE', *, *, #1762, .F. ) ;
#1357 = SURFACE_SIDE_STYLE ('',( #4239 ) ) ;
#1359 = FACE_OUTER_BOUND ( 'NONE', #2996, .T. ) ;
#1358 = PLANE ( 'NONE',  #2519 ) ;
#1360 = CARTESIAN_POINT ( 'NONE',  ( 1.214999999999999858, 1.399999999999999911, 0.000000000000000000 ) ) ;
#1361 = PLANE ( 'NONE',  #2318 ) ;
#1362 = ORIENTED_EDGE ( 'NONE', *, *, #3342, .F. ) ;
#1363 = ORIENTED_EDGE ( 'NONE', *, *, #556, .T. ) ;
#1364 = PRESENTATION_LAYER_ASSIGNMENT (  '', '', ( #958 ) ) ;
#1365 = CARTESIAN_POINT ( 'NONE',  ( 1.750000000000000000, -1.500000000000000000, 0.05099999999999999672 ) ) ;
#1366 = LINE ( 'NONE', #4010, #725 ) ;
#1367 = CARTESIAN_POINT ( 'NONE',  ( -0.07499999999999999722, 1.000000000000000000, 0.000000000000000000 ) ) ;
#1368 = PRESENTATION_STYLE_ASSIGNMENT (( #1325 ) ) ;
#1369 = ORIENTED_EDGE ( 'NONE', *, *, #1234, .T. ) ;
#1370 = ADVANCED_FACE ( 'NONE', ( #1503 ), #150, .T. ) ;
#1371 = ORIENTED_EDGE ( 'NONE', *, *, #3893, .T. ) ;
#1372 = LINE ( 'NONE', #4042, #3678 ) ;
#1373 = FACE_OUTER_BOUND ( 'NONE', #261, .T. ) ;
#1374 = ADVANCED_FACE ( 'NONE', ( #781 ), #3064, .T. ) ;
#1375 = ORIENTED_EDGE ( 'NONE', *, *, #4070, .F. ) ;
#1376 =( NAMED_UNIT ( * ) SI_UNIT ( $, .STERADIAN. ) SOLID_ANGLE_UNIT ( ) );
#1377 = CLOSED_SHELL ( 'NONE', ( #3659, #3634, #529, #1393, #2866, #3614 ) ) ;
#1379 = DIRECTION ( 'NONE',  ( 0.000000000000000000, 0.000000000000000000, 1.000000000000000000 ) ) ;
#1378 = DIRECTION ( 'NONE',  ( -1.000000000000000000, 0.000000000000000000, 0.000000000000000000 ) ) ;
#1380 = CARTESIAN_POINT ( 'NONE',  ( -1.364999999999999991, 1.000000000000000000, 0.000000000000000000 ) ) ;
#1381 = CARTESIAN_POINT ( 'NONE',  ( 1.364999999999999991, 1.000000000000000000, 0.000000000000000000 ) ) ;
#1382 = VERTEX_POINT ( 'NONE', #187 ) ;
#1383 = VERTEX_POINT ( 'NONE', #3083 ) ;
#1384 = LINE ( 'NONE', #4092, #3255 ) ;
#1385 = LINE ( 'NONE', #1046, #2578 ) ;
#1386 = PLANE ( 'NONE',  #231 ) ;
#1387 = DIRECTION ( 'NONE',  ( 0.000000000000000000, 0.000000000000000000, -1.000000000000000000 ) ) ;
#1388 = SURFACE_SIDE_STYLE ('',( #662 ) ) ;
#1389 = ORIENTED_EDGE ( 'NONE', *, *, #1978, .T. ) ;
#1390 = EDGE_LOOP ( 'NONE', ( #2335, #3901, #2632, #2673 ) ) ;
#1391 = DIRECTION ( 'NONE',  ( 0.000000000000000000, 0.000000000000000000, 1.000000000000000000 ) ) ;
#1392 = FILL_AREA_STYLE ('',( #1631 ) ) ;
#1393 = ADVANCED_FACE ( 'NONE', ( #134 ), #1187, .T. ) ;
#1394 = DIRECTION ( 'NONE',  ( 0.000000000000000000, 0.000000000000000000, -1.000000000000000000 ) ) ;
#1395 = ORIENTED_EDGE ( 'NONE', *, *, #1811, .F. ) ;
#1396 = LINE ( 'NONE', #219, #2044 ) ;
#1397 = EDGE_CURVE ( 'NONE', #618, #5, #3431, .T. ) ;
#1398 = EDGE_CURVE ( 'NONE', #2699, #2997, #3449, .T. ) ;
#1400 = CARTESIAN_POINT ( 'NONE',  ( -0.07499999999999999722, -1.000000000000000000, 0.05099999999999999672 ) ) ;
#1399 = APPLICATION_PROTOCOL_DEFINITION ( 'draft international standard', 'automotive_design', 1998, #1157 ) ;
#1401 = FACE_OUTER_BOUND ( 'NONE', #2496, .T. ) ;
#1402 = ADVANCED_FACE ( 'NONE', ( #1124 ), #2500, .T. ) ;
#1403 = ORIENTED_EDGE ( 'NONE', *, *, #276, .F. ) ;
#1404 = ORIENTED_EDGE ( 'NONE', *, *, #1913, .F. ) ;
#1405 = VECTOR ( 'NONE', #3072, 1000.000000000000000 ) ;
#1406 = VECTOR ( 'NONE', #3420, 1000.000000000000000 ) ;
#1407 = DIRECTION ( 'NONE',  ( 0.000000000000000000, 0.000000000000000000, 1.000000000000000000 ) ) ;
#1408 = LINE ( 'NONE', #1088, #3403 ) ;
#1409 = DIRECTION ( 'NONE',  ( 1.000000000000000000, 0.000000000000000000, 0.000000000000000000 ) ) ;
#1410 = CARTESIAN_POINT ( 'NONE',  ( 1.645000000000000018, 1.000000000000000000, 0.05099999999999999672 ) ) ;
#1411 = EDGE_LOOP ( 'NONE', ( #572, #1765, #4065, #2341 ) ) ;
#1412 = AXIS2_PLACEMENT_3D ( 'NONE', #1522, #2564, #3835 ) ;
#1413 = VECTOR ( 'NONE', #4054, 1000.000000000000000 ) ;
#1414 = MECHANICAL_DESIGN_GEOMETRIC_PRESENTATION_REPRESENTATION (  '', ( #3815 ), #28 ) ;
#1415 = ORIENTED_EDGE ( 'NONE', *, *, #3939, .F. ) ;
#1416 = DIRECTION ( 'NONE',  ( 0.000000000000000000, 0.000000000000000000, -1.000000000000000000 ) ) ;
#1417 = VECTOR ( 'NONE', #612, 1000.000000000000000 ) ;
#1418 = PLANE ( 'NONE',  #2006 ) ;
#1419 =( GEOMETRIC_REPRESENTATION_CONTEXT ( 3 ) GLOBAL_UNCERTAINTY_ASSIGNED_CONTEXT ( ( #3627 ) ) GLOBAL_UNIT_ASSIGNED_CONTEXT ( ( #882, #3504, #1515 ) ) REPRESENTATION_CONTEXT ( 'NONE', 'WORKASPACE' ) );
#1420 = EDGE_CURVE ( 'NONE', #3988, #3423, #2761, .T. ) ;
#1421 = EDGE_LOOP ( 'NONE', ( #2947, #218, #1319, #3743 ) ) ;
#1422 = PRESENTATION_STYLE_ASSIGNMENT (( #2091 ) ) ;
#1423 = ADVANCED_FACE ( 'NONE', ( #1786 ), #4072, .T. ) ;
#1425 = PLANE ( 'NONE',  #2977 ) ;
#1424 = DIRECTION ( 'NONE',  ( 1.000000000000000000, 0.000000000000000000, 0.000000000000000000 ) ) ;
#1426 = DIRECTION ( 'NONE',  ( 0.000000000000000000, 1.000000000000000000, 0.000000000000000000 ) ) ;
#1427 = ORIENTED_EDGE ( 'NONE', *, *, #862, .F. ) ;
#1428 = EDGE_CURVE ( 'NONE', #521, #3679, #1230, .T. ) ;
#1429 = CARTESIAN_POINT ( 'NONE',  ( -1.750000000000000000, -1.500000000000000000, 0.05099999999999999672 ) ) ;
#1430 = PLANE ( 'NONE',  #3465 ) ;
#1431 = PLANE ( 'NONE',  #1685 ) ;
#1432 = FACE_OUTER_BOUND ( 'NONE', #3983, .T. ) ;
#1433 = ORIENTED_EDGE ( 'NONE', *, *, #2221, .T. ) ;
#1434 = VERTEX_POINT ( 'NONE', #2203 ) ;
#1435 = DIRECTION ( 'NONE',  ( 0.000000000000000000, 0.000000000000000000, -1.000000000000000000 ) ) ;
#1436 = FILL_AREA_STYLE_COLOUR ( '', #1474 ) ;
#1437 =( NAMED_UNIT ( * ) SI_UNIT ( $, .STERADIAN. ) SOLID_ANGLE_UNIT ( ) );
#1438 = ORIENTED_EDGE ( 'NONE', *, *, #2574, .T. ) ;
#1439 = PRESENTATION_STYLE_ASSIGNMENT (( #2416 ) ) ;
#1440 = EDGE_CURVE ( 'NONE', #1844, #2485, #3512, .T. ) ;
#1441 = CARTESIAN_POINT ( 'NONE',  ( -0.9349999999999999423, 1.000000000000000000, 0.05099999999999999672 ) ) ;
#1442 = FACE_OUTER_BOUND ( 'NONE', #3726, .T. ) ;
#1443 = ADVANCED_FACE ( 'NONE', ( #3877 ), #3534, .T. ) ;
#1444 = ORIENTED_EDGE ( 'NONE', *, *, #774, .T. ) ;
#1445 = DIRECTION ( 'NONE',  ( 0.000000000000000000, 1.000000000000000000, 0.000000000000000000 ) ) ;
#1446 = DIRECTION ( 'NONE',  ( 1.000000000000000000, 0.000000000000000000, 0.000000000000000000 ) ) ;
#1447 = CLOSED_SHELL ( 'NONE', ( #685, #2216, #1423, #3128, #3380, #2007 ) ) ;
#1448 = CARTESIAN_POINT ( 'NONE',  ( 0.07499999999999999722, 1.399999999999999911, 0.000000000000000000 ) ) ;
#1449 = DIRECTION ( 'NONE',  ( 0.000000000000000000, -1.000000000000000000, 0.000000000000000000 ) ) ;
#1450 = EDGE_CURVE ( 'NONE', #3729, #470, #3245, .T. ) ;
#1451 = EDGE_LOOP ( 'NONE', ( #124, #1957, #2353, #138 ) ) ;
#1452 = EDGE_LOOP ( 'NONE', ( #2039, #2255, #2883, #2086 ) ) ;
#1453 = DIRECTION ( 'NONE',  ( 0.000000000000000000, -1.000000000000000000, 0.000000000000000000 ) ) ;
#1454 = DIRECTION ( 'NONE',  ( 0.000000000000000000, 0.000000000000000000, 1.000000000000000000 ) ) ;
#1455 = VERTEX_POINT ( 'NONE', #3227 ) ;
#1456 = LINE ( 'NONE', #83, #2838 ) ;
#1457 = CARTESIAN_POINT ( 'NONE',  ( 0.07499999999999999722, 1.399999999999999911, 0.05099999999999999672 ) ) ;
#1458 = ORIENTED_EDGE ( 'NONE', *, *, #821, .T. ) ;
#1459 = ADVANCED_FACE ( 'NONE', ( #2841 ), #1869, .T. ) ;
#1460 = CARTESIAN_POINT ( 'NONE',  ( 0.9349999999999999423, 1.399999999999999911, 0.000000000000000000 ) ) ;
#1461 = DIRECTION ( 'NONE',  ( 0.000000000000000000, 1.000000000000000000, 0.000000000000000000 ) ) ;
#1462 = VECTOR ( 'NONE', #40, 1000.000000000000000 ) ;
#1463 = PLANE ( 'NONE',  #2112 ) ;
#1464 = LINE ( 'NONE', #2803, #1135 ) ;
#1465 = FACE_OUTER_BOUND ( 'NONE', #2952, .T. ) ;
#1466 = VERTEX_POINT ( 'NONE', #606 ) ;
#1467 = VECTOR ( 'NONE', #2539, 1000.000000000000000 ) ;
#1468 = EDGE_CURVE ( 'NONE', #2837, #749, #957, .T. ) ;
#1469 = ORIENTED_EDGE ( 'NONE', *, *, #3311, .T. ) ;
#1470 = DIRECTION ( 'NONE',  ( 0.000000000000000000, -1.000000000000000000, 0.000000000000000000 ) ) ;
#1471 = VECTOR ( 'NONE', #3839, 1000.000000000000000 ) ;
#1472 = VECTOR ( 'NONE', #66, 1000.000000000000000 ) ;
#1473 = DIRECTION ( 'NONE',  ( 1.000000000000000000, 0.000000000000000000, 0.000000000000000000 ) ) ;
#1474 = COLOUR_RGB ( '',0.7215686274509803821, 0.7215686274509803821, 0.7215686274509803821 ) ;
#1475 = ADVANCED_FACE ( 'NONE', ( #891 ), #588, .T. ) ;
#1476 = ORIENTED_EDGE ( 'NONE', *, *, #1038, .F. ) ;
#1477 = AXIS2_PLACEMENT_3D ( 'NONE', #3428, #2437, #2094 ) ;
#1478 = VECTOR ( 'NONE', #627, 1000.000000000000000 ) ;
#1479 = SURFACE_SIDE_STYLE ('',( #484 ) ) ;
#1480 = MECHANICAL_DESIGN_GEOMETRIC_PRESENTATION_REPRESENTATION (  '', ( #513 ), #1690 ) ;
#1481 = FACE_OUTER_BOUND ( 'NONE', #2058, .T. ) ;
#1482 = DIRECTION ( 'NONE',  ( -1.000000000000000000, 0.000000000000000000, 0.000000000000000000 ) ) ;
#1483 = EDGE_LOOP ( 'NONE', ( #1817, #3240, #4015, #1914 ) ) ;
#1484 = CARTESIAN_POINT ( 'NONE',  ( 1.364999999999999991, -1.000000000000000000, 0.05099999999999999672 ) ) ;
#1485 = DIRECTION ( 'NONE',  ( 0.000000000000000000, -1.000000000000000000, 0.000000000000000000 ) ) ;
#1486 = CARTESIAN_POINT ( 'NONE',  ( 1.250000000000000000, 0.3549999999999999822, 0.05099999999999999672 ) ) ;
#1487 = PLANE ( 'NONE',  #2507 ) ;
#1488 = CARTESIAN_POINT ( 'NONE',  ( 1.364999999999999991, 1.399999999999999911, 0.000000000000000000 ) ) ;
#1489 = ORIENTED_EDGE ( 'NONE', *, *, #315, .F. ) ;
#1490 = EDGE_CURVE ( 'NONE', #2544, #25, #1916, .T. ) ;
#1491 = LINE ( 'NONE', #1528, #1508 ) ;
#1492 = LINE ( 'NONE', #2168, #32 ) ;
#1493 = DIRECTION ( 'NONE',  ( 0.000000000000000000, -1.000000000000000000, 0.000000000000000000 ) ) ;
#1494 = CARTESIAN_POINT ( 'NONE',  ( -1.645000000000000018, -1.000000000000000000, 0.000000000000000000 ) ) ;
#1495 = ADVANCED_FACE ( 'NONE', ( #2565 ), #937, .T. ) ;
#1496 = ORIENTED_EDGE ( 'NONE', *, *, #3419, .F. ) ;
#1497 = STYLED_ITEM ( 'NONE', ( #3086 ), #541 ) ;
#1498 = PRESENTATION_STYLE_ASSIGNMENT (( #1180 ) ) ;
#1499 = ADVANCED_FACE ( 'NONE', ( #1897 ), #2907, .T. ) ;
#1500 =( LENGTH_UNIT ( ) NAMED_UNIT ( * ) SI_UNIT ( .MILLI., .METRE. ) );
#1501 = ORIENTED_EDGE ( 'NONE', *, *, #821, .F. ) ;
#1502 = LINE ( 'NONE', #1550, #2512 ) ;
#1503 = FACE_OUTER_BOUND ( 'NONE', #1961, .T. ) ;
#1504 = LINE ( 'NONE', #2528, #2516 ) ;
#1505 = CARTESIAN_POINT ( 'NONE',  ( 0.5050000000000000044, 1.399999999999999911, 0.05099999999999999672 ) ) ;
#1506 = CARTESIAN_POINT ( 'NONE',  ( 1.214999999999999858, 1.399999999999999911, 0.05099999999999999672 ) ) ;
#1507 = ORIENTED_EDGE ( 'NONE', *, *, #2533, .F. ) ;
#1508 = VECTOR ( 'NONE', #3454, 1000.000000000000000 ) ;
#1509 = CARTESIAN_POINT ( 'NONE',  ( 1.649999999999999911, 0.07499999999999999722, 0.000000000000000000 ) ) ;
#1510 = CARTESIAN_POINT ( 'NONE',  ( -0.07499999999999999722, -1.399999999999999911, 0.000000000000000000 ) ) ;
#1511 = DIRECTION ( 'NONE',  ( 0.000000000000000000, 0.000000000000000000, -1.000000000000000000 ) ) ;
#1512 = PRESENTATION_STYLE_ASSIGNMENT (( #1580 ) ) ;
#1513 = ORIENTED_EDGE ( 'NONE', *, *, #2448, .F. ) ;
#1514 = EDGE_CURVE ( 'NONE', #2334, #544, #2227, .T. ) ;
#1515 =( NAMED_UNIT ( * ) SI_UNIT ( $, .STERADIAN. ) SOLID_ANGLE_UNIT ( ) );
#1516 = VERTEX_POINT ( 'NONE', #4216 ) ;
#1517 = VERTEX_POINT ( 'NONE', #1273 ) ;
#1518 = EDGE_CURVE ( 'NONE', #2127, #3016, #2589, .T. ) ;
#1519 = EDGE_CURVE ( 'NONE', #2962, #3988, #2931, .T. ) ;
#1520 = DIRECTION ( 'NONE',  ( 0.000000000000000000, -1.000000000000000000, 0.000000000000000000 ) ) ;
#1521 = VERTEX_POINT ( 'NONE', #2609 ) ;
#1522 = CARTESIAN_POINT ( 'NONE',  ( 1.649999999999999911, -0.3549999999999999822, 0.000000000000000000 ) ) ;
#1523 = CARTESIAN_POINT ( 'NONE',  ( -0.7850000000000000311, 1.399999999999999911, 0.000000000000000000 ) ) ;
#1524 = FACE_OUTER_BOUND ( 'NONE', #1613, .T. ) ;
#1525 = FACE_OUTER_BOUND ( 'NONE', #2067, .T. ) ;
#1526 = DIRECTION ( 'NONE',  ( 0.000000000000000000, 0.000000000000000000, 1.000000000000000000 ) ) ;
#1527 = ORIENTED_EDGE ( 'NONE', *, *, #2345, .T. ) ;
#1528 = CARTESIAN_POINT ( 'NONE',  ( -0.5050000000000000044, 1.399999999999999911, 0.000000000000000000 ) ) ;
#1529 = VECTOR ( 'NONE', #1988, 1000.000000000000000 ) ;
#1530 = DIRECTION ( 'NONE',  ( 0.000000000000000000, 0.000000000000000000, 1.000000000000000000 ) ) ;
#1531 = CARTESIAN_POINT ( 'NONE',  ( 1.250000000000000000, 0.07499999999999999722, 0.05099999999999999672 ) ) ;
#1532 = DIRECTION ( 'NONE',  ( -1.000000000000000000, 0.000000000000000000, 0.000000000000000000 ) ) ;
#1533 = FACE_OUTER_BOUND ( 'NONE', #1146, .T. ) ;
#1534 = AXIS2_PLACEMENT_3D ( 'NONE', #304, #3252, #1578 ) ;
#1535 = ORIENTED_EDGE ( 'NONE', *, *, #1122, .T. ) ;
#1536 = VECTOR ( 'NONE', #2099, 1000.000000000000000 ) ;
#1537 = VECTOR ( 'NONE', #1166, 1000.000000000000000 ) ;
#1538 = CARTESIAN_POINT ( 'NONE',  ( -0.7850000000000000311, 1.399999999999999911, 0.05099999999999999672 ) ) ;
#1539 = PLANE ( 'NONE',  #995 ) ;
#1540 = ORIENTED_EDGE ( 'NONE', *, *, #770, .T. ) ;
#1541 = EDGE_CURVE ( 'NONE', #465, #543, #870, .T. ) ;
#1542 = AXIS2_PLACEMENT_3D ( 'NONE', #1688, #2344, #634 ) ;
#1543 = ORIENTED_EDGE ( 'NONE', *, *, #3524, .T. ) ;
#1544 =( NAMED_UNIT ( * ) PLANE_ANGLE_UNIT ( ) SI_UNIT ( $, .RADIAN. ) );
#1545 = AXIS2_PLACEMENT_3D ( 'NONE', #3190, #2532, #1530 ) ;
#1546 = VERTEX_POINT ( 'NONE', #3489 ) ;
#1547 = ADVANCED_FACE ( 'NONE', ( #3160 ), #206, .T. ) ;
#1548 = VECTOR ( 'NONE', #3412, 1000.000000000000000 ) ;
#1549 = VECTOR ( 'NONE', #756, 1000.000000000000000 ) ;
#1550 = CARTESIAN_POINT ( 'NONE',  ( 0.3549999999999999822, -1.000000000000000000, 0.05099999999999999672 ) ) ;
#1551 = DIRECTION ( 'NONE',  ( 1.000000000000000000, 0.000000000000000000, 0.000000000000000000 ) ) ;
#1552 = DIRECTION ( 'NONE',  ( -1.000000000000000000, 0.000000000000000000, 0.000000000000000000 ) ) ;
#1553 = DIRECTION ( 'NONE',  ( -0.000000000000000000, 1.000000000000000000, 0.000000000000000000 ) ) ;
#1554 = ORIENTED_EDGE ( 'NONE', *, *, #985, .F. ) ;
#1555 = EDGE_CURVE ( 'NONE', #2372, #2626, #1317, .T. ) ;
#1556 = PLANE ( 'NONE',  #3809 ) ;
#1557 = CARTESIAN_POINT ( 'NONE',  ( 0.5050000000000000044, -1.000000000000000000, 0.000000000000000000 ) ) ;
#1558 = CARTESIAN_POINT ( 'NONE',  ( -0.5050000000000000044, 1.399999999999999911, 0.05099999999999999672 ) ) ;
#1559 = CARTESIAN_POINT ( 'NONE',  ( 1.645000000000000018, 1.000000000000000000, 0.000000000000000000 ) ) ;
#1560 = DIRECTION ( 'NONE',  ( 0.000000000000000000, 1.000000000000000000, 0.000000000000000000 ) ) ;
#1561 = ORIENTED_EDGE ( 'NONE', *, *, #3867, .F. ) ;
#1562 = DIRECTION ( 'NONE',  ( 0.000000000000000000, 0.000000000000000000, 1.000000000000000000 ) ) ;
#1563 = PRESENTATION_LAYER_ASSIGNMENT (  '', '', ( #819 ) ) ;
#1564 = VERTEX_POINT ( 'NONE', #3664 ) ;
#1565 = SURFACE_SIDE_STYLE ('',( #3899 ) ) ;
#1566 = ADVANCED_FACE ( 'NONE', ( #1401 ), #3273, .T. ) ;
#1567 = SURFACE_STYLE_FILL_AREA ( #911 ) ;
#1568 = ORIENTED_EDGE ( 'NONE', *, *, #2787, .F. ) ;
#1569 = DIRECTION ( 'NONE',  ( 1.000000000000000000, 0.000000000000000000, 0.000000000000000000 ) ) ;
#1570 = EDGE_CURVE ( 'NONE', #224, #976, #3940, .T. ) ;
#1571 = DIRECTION ( 'NONE',  ( 0.000000000000000000, 0.000000000000000000, 1.000000000000000000 ) ) ;
#1572 = DIRECTION ( 'NONE',  ( 0.000000000000000000, 1.000000000000000000, 0.000000000000000000 ) ) ;
#1573 = CARTESIAN_POINT ( 'NONE',  ( 1.250000000000000000, -0.07499999999999999722, 0.000000000000000000 ) ) ;
#1574 = ORIENTED_EDGE ( 'NONE', *, *, #921, .T. ) ;
#1575 = DIRECTION ( 'NONE',  ( -1.000000000000000000, 0.000000000000000000, 0.000000000000000000 ) ) ;
#1576 = CARTESIAN_POINT ( 'NONE',  ( -1.649999999999999911, -0.07499999999999999722, 0.000000000000000000 ) ) ;
#1577 = EDGE_CURVE ( 'NONE', #3164, #426, #2950, .T. ) ;
#1578 = DIRECTION ( 'NONE',  ( 1.000000000000000000, 0.000000000000000000, 0.000000000000000000 ) ) ;
#1579 = SURFACE_STYLE_USAGE ( .BOTH. , #879 ) ;
#1580 = SURFACE_STYLE_USAGE ( .BOTH. , #267 ) ;
#1581 = VECTOR ( 'NONE', #1730, 1000.000000000000000 ) ;
#1582 = ORIENTED_EDGE ( 'NONE', *, *, #1160, .T. ) ;
#1583 =( LENGTH_UNIT ( ) NAMED_UNIT ( * ) SI_UNIT ( .MILLI., .METRE. ) );
#1584 = PRESENTATION_LAYER_ASSIGNMENT (  '', '', ( #833 ) ) ;
#1585 = CARTESIAN_POINT ( 'NONE',  ( 1.645000000000000018, -1.000000000000000000, 0.05099999999999999672 ) ) ;
#1586 = ORIENTED_EDGE ( 'NONE', *, *, #2370, .F. ) ;
#1587 = LINE ( 'NONE', #973, #4014 ) ;
#1588 = SURFACE_SIDE_STYLE ('',( #1567 ) ) ;
#1589 = VERTEX_POINT ( 'NONE', #1676 ) ;
#1590 = PLANE ( 'NONE',  #3259 ) ;
#1591 = CARTESIAN_POINT ( 'NONE',  ( -0.9349999999999999423, 1.399999999999999911, 0.05099999999999999672 ) ) ;
#1592 = CARTESIAN_POINT ( 'NONE',  ( -0.07499999999999999722, 1.000000000000000000, 0.05099999999999999672 ) ) ;
#1593 = PLANE ( 'NONE',  #1265 ) ;
#1594 = ORIENTED_EDGE ( 'NONE', *, *, #2068, .F. ) ;
#1595 = EDGE_CURVE ( 'NONE', #1383, #460, #696, .T. ) ;
#1596 = DIRECTION ( 'NONE',  ( 0.000000000000000000, 1.000000000000000000, 0.000000000000000000 ) ) ;
#1597 = CARTESIAN_POINT ( 'NONE',  ( 1.364999999999999991, -1.000000000000000000, 0.05099999999999999672 ) ) ;
#1598 =( LENGTH_UNIT ( ) NAMED_UNIT ( * ) SI_UNIT ( .MILLI., .METRE. ) );
#1599 = PLANE ( 'NONE',  #1909 ) ;
#1600 = EDGE_CURVE ( 'NONE', #1289, #1951, #2675, .T. ) ;
#1601 = ORIENTED_EDGE ( 'NONE', *, *, #1259, .T. ) ;
#1602 = LINE ( 'NONE', #2392, #1753 ) ;
#1603 = VECTOR ( 'NONE', #3935, 1000.000000000000000 ) ;
#1604 = CARTESIAN_POINT ( 'NONE',  ( 0.3549999999999999822, 1.399999999999999911, 0.05099999999999999672 ) ) ;
#1605 = EDGE_CURVE ( 'NONE', #2892, #578, #998, .T. ) ;
#1606 = EDGE_LOOP ( 'NONE', ( #3153, #2013, #3324, #1092 ) ) ;
#1607 = VECTOR ( 'NONE', #1562, 1000.000000000000000 ) ;
#1608 = ORIENTED_EDGE ( 'NONE', *, *, #2948, .T. ) ;
#1609 =( NAMED_UNIT ( * ) SI_UNIT ( $, .STERADIAN. ) SOLID_ANGLE_UNIT ( ) );
#1610 = FILL_AREA_STYLE_COLOUR ( '', #3821 ) ;
#1611 = AXIS2_PLACEMENT_3D ( 'NONE', #4108, #1846, #3159 ) ;
#1612 = VECTOR ( 'NONE', #2801, 1000.000000000000000 ) ;
#1613 = EDGE_LOOP ( 'NONE', ( #3014, #4060, #3487, #2505 ) ) ;
#1614 = CARTESIAN_POINT ( 'NONE',  ( -1.364999999999999991, 1.399999999999999911, 0.05099999999999999672 ) ) ;
#1615 = DIRECTION ( 'NONE',  ( 0.000000000000000000, 0.000000000000000000, 1.000000000000000000 ) ) ;
#1616 = AXIS2_PLACEMENT_3D ( 'NONE', #2697, #1701, #4006 ) ;
#1617 = CARTESIAN_POINT ( 'NONE',  ( 1.364999999999999991, 1.399999999999999911, 0.000000000000000000 ) ) ;
#1618 = VERTEX_POINT ( 'NONE', #1360 ) ;
#1619 = STYLED_ITEM ( 'NONE', ( #1099 ), #1955 ) ;
#1620 = FACE_OUTER_BOUND ( 'NONE', #4058, .T. ) ;
#1621 = DIRECTION ( 'NONE',  ( 0.000000000000000000, -1.000000000000000000, 0.000000000000000000 ) ) ;
#1622 = LINE ( 'NONE', #2364, #2383 ) ;
#1623 = EDGE_CURVE ( 'NONE', #679, #1164, #2967, .T. ) ;
#1624 = VERTEX_POINT ( 'NONE', #1657 ) ;
#1625 = ORIENTED_EDGE ( 'NONE', *, *, #2831, .F. ) ;
#1626 = PLANE ( 'NONE',  #1143 ) ;
#1627 = EDGE_CURVE ( 'NONE', #1018, #2962, #3314, .T. ) ;
#1628 = CARTESIAN_POINT ( 'NONE',  ( 1.364999999999999991, 1.000000000000000000, 0.000000000000000000 ) ) ;
#1629 = EDGE_LOOP ( 'NONE', ( #326, #1362, #281, #1666 ) ) ;
#1630 = EDGE_LOOP ( 'NONE', ( #1715, #1489, #1245, #709 ) ) ;
#1631 = FILL_AREA_STYLE_COLOUR ( '', #575 ) ;
#1632 = EDGE_CURVE ( 'NONE', #2427, #1306, #3034, .T. ) ;
#1633 = VERTEX_POINT ( 'NONE', #405 ) ;
#1634 = DIRECTION ( 'NONE',  ( 0.000000000000000000, 1.000000000000000000, 0.000000000000000000 ) ) ;
#1635 = DIRECTION ( 'NONE',  ( 0.000000000000000000, 1.000000000000000000, 0.000000000000000000 ) ) ;
#1636 =( GEOMETRIC_REPRESENTATION_CONTEXT ( 3 ) GLOBAL_UNCERTAINTY_ASSIGNED_CONTEXT ( ( #1339 ) ) GLOBAL_UNIT_ASSIGNED_CONTEXT ( ( #1304, #2327, #2426 ) ) REPRESENTATION_CONTEXT ( 'NONE', 'WORKASPACE' ) );
#1637 = CARTESIAN_POINT ( 'NONE',  ( -1.364999999999999991, -1.399999999999999911, 0.000000000000000000 ) ) ;
#1638 = UNCERTAINTY_MEASURE_WITH_UNIT (LENGTH_MEASURE( 1.000000000000000082E-05 ), #3706, 'distance_accuracy_value', 'NONE');
#1639 = VERTEX_POINT ( 'NONE', #1059 ) ;
#1640 = ORIENTED_EDGE ( 'NONE', *, *, #2186, .T. ) ;
#1641 = CARTESIAN_POINT ( 'NONE',  ( -1.364999999999999991, 1.000000000000000000, 0.000000000000000000 ) ) ;
#1642 = DIRECTION ( 'NONE',  ( 1.000000000000000000, 0.000000000000000000, 0.000000000000000000 ) ) ;
#1643 = CARTESIAN_POINT ( 'NONE',  ( 1.250000000000000000, -0.3549999999999999822, 0.05099999999999999672 ) ) ;
#1644 = ORIENTED_EDGE ( 'NONE', *, *, #1285, .F. ) ;
#1645 = ORIENTED_EDGE ( 'NONE', *, *, #1595, .F. ) ;
#1646 = CARTESIAN_POINT ( 'NONE',  ( 1.750000000000000000, 1.500000000000000000, 1.650999999999999801 ) ) ;
#1647 = CLOSED_SHELL ( 'NONE', ( #2811, #3257, #3969, #1370, #1566, #2135 ) ) ;
#1648 = EDGE_CURVE ( 'NONE', #1018, #4077, #3985, .T. ) ;
#1649 = ORIENTED_EDGE ( 'NONE', *, *, #1648, .T. ) ;
#1650 = ORIENTED_EDGE ( 'NONE', *, *, #1012, .F. ) ;
#1651 = VECTOR ( 'NONE', #3957, 1000.000000000000000 ) ;
#1652 = FILL_AREA_STYLE_COLOUR ( '', #89 ) ;
#1653 = PRESENTATION_STYLE_ASSIGNMENT (( #2287 ) ) ;
#1654 = EDGE_LOOP ( 'NONE', ( #2217, #2661, #3507, #672 ) ) ;
#1655 = EDGE_CURVE ( 'NONE', #2050, #3418, #2031, .T. ) ;
#1656 = LINE ( 'NONE', #3903, #3811 ) ;
#1657 = CARTESIAN_POINT ( 'NONE',  ( 1.250000000000000000, 0.5050000000000000044, 0.05099999999999999672 ) ) ;
#1658 = DIRECTION ( 'NONE',  ( 0.000000000000000000, 1.000000000000000000, 0.000000000000000000 ) ) ;
#1659 = ORIENTED_EDGE ( 'NONE', *, *, #2245, .F. ) ;
#1660 = EDGE_CURVE ( 'NONE', #3604, #36, #384, .T. ) ;
#1661 = EDGE_LOOP ( 'NONE', ( #2517, #271, #3667, #1644 ) ) ;
#1662 = CARTESIAN_POINT ( 'NONE',  ( -1.364999999999999991, 1.399999999999999911, 0.05099999999999999672 ) ) ;
#1663 = CARTESIAN_POINT ( 'NONE',  ( 1.250000000000000000, -0.3549999999999999822, 0.000000000000000000 ) ) ;
#1664 = CARTESIAN_POINT ( 'NONE',  ( -1.750000000000000000, -1.500000000000000000, 1.650999999999999801 ) ) ;
#1665 = DIRECTION ( 'NONE',  ( 1.000000000000000000, 0.000000000000000000, 0.000000000000000000 ) ) ;
#1666 = ORIENTED_EDGE ( 'NONE', *, *, #259, .F. ) ;
#1667 = VERTEX_POINT ( 'NONE', #1022 ) ;
#1668 = DIRECTION ( 'NONE',  ( -1.000000000000000000, 0.000000000000000000, 0.000000000000000000 ) ) ;
#1669 = DIRECTION ( 'NONE',  ( 0.000000000000000000, 0.000000000000000000, 1.000000000000000000 ) ) ;
#1670 = ORIENTED_EDGE ( 'NONE', *, *, #1595, .T. ) ;
#1671 = ORIENTED_EDGE ( 'NONE', *, *, #549, .F. ) ;
#1672 = EDGE_CURVE ( 'NONE', #3205, #2860, #318, .T. ) ;
#1673 = AXIS2_PLACEMENT_3D ( 'NONE', #2150, #659, #1922 ) ;
#1675 = CARTESIAN_POINT ( 'NONE',  ( 1.250000000000000000, -0.07499999999999999722, 0.05099999999999999672 ) ) ;
#1674 = CARTESIAN_POINT ( 'NONE',  ( 1.364999999999999991, -1.399999999999999911, 0.000000000000000000 ) ) ;
#1676 = CARTESIAN_POINT ( 'NONE',  ( -1.250000000000000000, 0.7850000000000000311, 0.000000000000000000 ) ) ;
#1677 = VECTOR ( 'NONE', #1712, 1000.000000000000000 ) ;
#1678 = AXIS2_PLACEMENT_3D ( 'NONE', #3181, #4154, #234 ) ;
#1679 = CARTESIAN_POINT ( 'NONE',  ( -0.3549999999999999822, -1.000000000000000000, 0.000000000000000000 ) ) ;
#1680 = ADVANCED_FACE ( 'NONE', ( #1700 ), #3690, .T. ) ;
#1681 = UNCERTAINTY_MEASURE_WITH_UNIT (LENGTH_MEASURE( 1.000000000000000082E-05 ), #1247, 'distance_accuracy_value', 'NONE');
#1682 = ORIENTED_EDGE ( 'NONE', *, *, #747, .F. ) ;
#1683 =( GEOMETRIC_REPRESENTATION_CONTEXT ( 3 ) GLOBAL_UNCERTAINTY_ASSIGNED_CONTEXT ( ( #2293 ) ) GLOBAL_UNIT_ASSIGNED_CONTEXT ( ( #643, #1331, #1376 ) ) REPRESENTATION_CONTEXT ( 'NONE', 'WORKASPACE' ) );
#1684 = EDGE_LOOP ( 'NONE', ( #4191, #2934, #1356, #4212 ) ) ;
#1685 = AXIS2_PLACEMENT_3D ( 'NONE', #3716, #474, #2464 ) ;
#1686 = LINE ( 'NONE', #2295, #1813 ) ;
#1687 = CARTESIAN_POINT ( 'NONE',  ( 1.250000000000000000, -0.7850000000000000311, 0.000000000000000000 ) ) ;
#1688 = CARTESIAN_POINT ( 'NONE',  ( -1.649999999999999911, -0.5050000000000000044, 0.000000000000000000 ) ) ;
#1689 = EDGE_CURVE ( 'NONE', #666, #426, #2696, .T. ) ;
#1690 =( GEOMETRIC_REPRESENTATION_CONTEXT ( 3 ) GLOBAL_UNCERTAINTY_ASSIGNED_CONTEXT ( ( #3275 ) ) GLOBAL_UNIT_ASSIGNED_CONTEXT ( ( #4025, #4046, #2473 ) ) REPRESENTATION_CONTEXT ( 'NONE', 'WORKASPACE' ) );
#1691 = ORIENTED_EDGE ( 'NONE', *, *, #362, .F. ) ;
#1692 = EDGE_LOOP ( 'NONE', ( #635, #3218, #2300, #3782 ) ) ;
#1693 = DIRECTION ( 'NONE',  ( 1.000000000000000000, 0.000000000000000000, 0.000000000000000000 ) ) ;
#1694 = PLANE ( 'NONE',  #3379 ) ;
#1695 = ORIENTED_EDGE ( 'NONE', *, *, #3095, .T. ) ;
#1696 = VERTEX_POINT ( 'NONE', #3921 ) ;
#1697 = DIRECTION ( 'NONE',  ( 0.000000000000000000, 0.000000000000000000, -1.000000000000000000 ) ) ;
#1699 = FACE_OUTER_BOUND ( 'NONE', #4141, .T. ) ;
#1698 = CARTESIAN_POINT ( 'NONE',  ( 0.5050000000000000044, -1.399999999999999911, 0.05099999999999999672 ) ) ;
#1700 = FACE_OUTER_BOUND ( 'NONE', #3326, .T. ) ;
#1701 = DIRECTION ( 'NONE',  ( 0.000000000000000000, 0.000000000000000000, 1.000000000000000000 ) ) ;
#1702 = ORIENTED_EDGE ( 'NONE', *, *, #2448, .T. ) ;
#1703 = ORIENTED_EDGE ( 'NONE', *, *, #2834, .T. ) ;
#1704 = ADVANCED_FACE ( 'NONE', ( #978 ), #647, .T. ) ;
#1705 = CARTESIAN_POINT ( 'NONE',  ( 0.7850000000000000311, -1.000000000000000000, 0.000000000000000000 ) ) ;
#1706 = LINE ( 'NONE', #2664, #1000 ) ;
#1707 = DIRECTION ( 'NONE',  ( 0.000000000000000000, 0.000000000000000000, 1.000000000000000000 ) ) ;
#1708 = PLANE ( 'NONE',  #1009 ) ;
#1709 = EDGE_LOOP ( 'NONE', ( #2641, #342, #3231, #812 ) ) ;
#1710 = ADVANCED_FACE ( 'NONE', ( #1822 ), #4050, .T. ) ;
#1711 = ORIENTED_EDGE ( 'NONE', *, *, #96, .T. ) ;
#1712 = DIRECTION ( 'NONE',  ( 0.000000000000000000, -1.000000000000000000, 0.000000000000000000 ) ) ;
#1713 = CARTESIAN_POINT ( 'NONE',  ( -1.214999999999999858, 1.000000000000000000, 0.05099999999999999672 ) ) ;
#1714 = EDGE_LOOP ( 'NONE', ( #3970, #2187, #532, #3267 ) ) ;
#1715 = ORIENTED_EDGE ( 'NONE', *, *, #132, .F. ) ;
#1716 = CLOSED_SHELL ( 'NONE', ( #3661, #1402, #2493, #3292, #2637, #2472 ) ) ;
#1718 = DIRECTION ( 'NONE',  ( 1.000000000000000000, 0.000000000000000000, 0.000000000000000000 ) ) ;
#1717 = DIRECTION ( 'NONE',  ( 0.000000000000000000, 0.000000000000000000, -1.000000000000000000 ) ) ;
#1719 = CARTESIAN_POINT ( 'NONE',  ( 1.250000000000000000, -0.7850000000000000311, 0.000000000000000000 ) ) ;
#1720 = ORIENTED_EDGE ( 'NONE', *, *, #925, .F. ) ;
#1721 = ORIENTED_EDGE ( 'NONE', *, *, #2141, .F. ) ;
#1722 = LINE ( 'NONE', #2779, #1741 ) ;
#1723 = DIRECTION ( 'NONE',  ( -1.000000000000000000, 0.000000000000000000, 0.000000000000000000 ) ) ;
#1724 = PLANE ( 'NONE',  #3062 ) ;
#1725 = DIRECTION ( 'NONE',  ( 1.000000000000000000, 0.000000000000000000, 0.000000000000000000 ) ) ;
#1726 = EDGE_LOOP ( 'NONE', ( #1269, #3930, #4032, #962 ) ) ;
#1727 = EDGE_CURVE ( 'NONE', #2969, #2372, #3079, .T. ) ;
#1728 = VERTEX_POINT ( 'NONE', #3055 ) ;
#1729 = LINE ( 'NONE', #2670, #1677 ) ;
#1730 = DIRECTION ( 'NONE',  ( 0.000000000000000000, 0.000000000000000000, 1.000000000000000000 ) ) ;
#1731 = EDGE_CURVE ( 'NONE', #1516, #749, #1103, .T. ) ;
#1732 = ORIENTED_EDGE ( 'NONE', *, *, #2607, .T. ) ;
#1733 = FILL_AREA_STYLE_COLOUR ( '', #2247 ) ;
#1734 = ADVANCED_FACE ( 'NONE', ( #1442 ), #1120, .T. ) ;
#1735 = PRESENTATION_LAYER_ASSIGNMENT (  '', '', ( #3673 ) ) ;
#1737 = LINE ( 'NONE', #3427, #17 ) ;
#1736 = DIRECTION ( 'NONE',  ( 0.000000000000000000, -1.000000000000000000, 0.000000000000000000 ) ) ;
#1738 = CARTESIAN_POINT ( 'NONE',  ( 0.07499999999999999722, -1.000000000000000000, 0.05099999999999999672 ) ) ;
#1739 = AXIS2_PLACEMENT_3D ( 'NONE', #899, #2936, #2554 ) ;
#1740 = ORIENTED_EDGE ( 'NONE', *, *, #1936, .T. ) ;
#1741 = VECTOR ( 'NONE', #1766, 1000.000000000000000 ) ;
#1742 = VECTOR ( 'NONE', #738, 1000.000000000000000 ) ;
#1743 = LINE ( 'NONE', #115, #1536 ) ;
#1744 = CARTESIAN_POINT ( 'NONE',  ( -0.5050000000000000044, -1.399999999999999911, 0.05099999999999999672 ) ) ;
#1745 = FACE_OUTER_BOUND ( 'NONE', #1227, .T. ) ;
#1746 = PLANE ( 'NONE',  #2315 ) ;
#1747 = EDGE_LOOP ( 'NONE', ( #3022, #4245, #2983, #1369 ) ) ;
#1748 = VECTOR ( 'NONE', #587, 1000.000000000000000 ) ;
#1749 = STYLED_ITEM ( 'NONE', ( #4194 ), #1845 ) ;
#1750 = VERTEX_POINT ( 'NONE', #1781 ) ;
#1751 = EDGE_CURVE ( 'NONE', #154, #1179, #113, .T. ) ;
#1752 = DIRECTION ( 'NONE',  ( -1.000000000000000000, 0.000000000000000000, 0.000000000000000000 ) ) ;
#1753 = VECTOR ( 'NONE', #1952, 1000.000000000000000 ) ;
#1754 = CARTESIAN_POINT ( 'NONE',  ( 1.364999999999999991, 1.000000000000000000, 0.05099999999999999672 ) ) ;
#1755 = VECTOR ( 'NONE', #90, 1000.000000000000000 ) ;
#1756 = LINE ( 'NONE', #2812, #2210 ) ;
#1757 = AXIS2_PLACEMENT_3D ( 'NONE', #2492, #2858, #3912 ) ;
#1758 = VECTOR ( 'NONE', #1424, 1000.000000000000000 ) ;
#1759 = ORIENTED_EDGE ( 'NONE', *, *, #3976, .F. ) ;
#1760 = ADVANCED_FACE ( 'NONE', ( #1145 ), #3749, .T. ) ;
#1761 = DIRECTION ( 'NONE',  ( 0.000000000000000000, -1.000000000000000000, 0.000000000000000000 ) ) ;
#1762 = EDGE_CURVE ( 'NONE', #860, #1546, #823, .T. ) ;
#1763 = PLANE ( 'NONE',  #4214 ) ;
#1764 = DIRECTION ( 'NONE',  ( 0.000000000000000000, 0.000000000000000000, -1.000000000000000000 ) ) ;
#1765 = ORIENTED_EDGE ( 'NONE', *, *, #2085, .F. ) ;
#1766 = DIRECTION ( 'NONE',  ( 1.000000000000000000, 0.000000000000000000, 0.000000000000000000 ) ) ;
#1767 = CARTESIAN_POINT ( 'NONE',  ( 0.07499999999999999722, -1.399999999999999911, 0.000000000000000000 ) ) ;
#1768 = CARTESIAN_POINT ( 'NONE',  ( 1.250000000000000000, 0.7850000000000000311, 0.000000000000000000 ) ) ;
#1769 = CARTESIAN_POINT ( 'NONE',  ( 0.5050000000000000044, -1.000000000000000000, 0.000000000000000000 ) ) ;
#1770 = SURFACE_SIDE_STYLE ('',( #458 ) ) ;
#1771 = ORIENTED_EDGE ( 'NONE', *, *, #3588, .F. ) ;
#1772 =( GEOMETRIC_REPRESENTATION_CONTEXT ( 3 ) GLOBAL_UNCERTAINTY_ASSIGNED_CONTEXT ( ( #1940 ) ) GLOBAL_UNIT_ASSIGNED_CONTEXT ( ( #3041, #4039, #894 ) ) REPRESENTATION_CONTEXT ( 'NONE', 'WORKASPACE' ) );
#1773 = ORIENTED_EDGE ( 'NONE', *, *, #2209, .F. ) ;
#1774 = CARTESIAN_POINT ( 'NONE',  ( -0.07499999999999999722, 1.399999999999999911, 0.05099999999999999672 ) ) ;
#1775 = SURFACE_SIDE_STYLE ('',( #2413 ) ) ;
#1776 = PRESENTATION_STYLE_ASSIGNMENT (( #1835 ) ) ;
#1777 = ORIENTED_EDGE ( 'NONE', *, *, #1315, .T. ) ;
#1778 = DIRECTION ( 'NONE',  ( 0.000000000000000000, 0.000000000000000000, 1.000000000000000000 ) ) ;
#1779 = EDGE_CURVE ( 'NONE', #3736, #907, #3098, .T. ) ;
#1780 = CARTESIAN_POINT ( 'NONE',  ( 1.364999999999999991, -1.399999999999999911, 0.05099999999999999672 ) ) ;
#1781 = CARTESIAN_POINT ( 'NONE',  ( 0.3549999999999999822, 1.399999999999999911, 0.000000000000000000 ) ) ;
#1782 = ORIENTED_EDGE ( 'NONE', *, *, #877, .T. ) ;
#1783 = EDGE_CURVE ( 'NONE', #3765, #1667, #146, .T. ) ;
#1784 = CLOSED_SHELL ( 'NONE', ( #3781, #2027, #996, #2322, #3580, #4235 ) ) ;
#1785 = PLANE ( 'NONE',  #583 ) ;
#1786 = FACE_OUTER_BOUND ( 'NONE', #247, .T. ) ;
#1787 = PRESENTATION_LAYER_ASSIGNMENT (  '', '', ( #3030 ) ) ;
#1788 = CARTESIAN_POINT ( 'NONE',  ( 1.250000000000000000, -0.7850000000000000311, 0.05099999999999999672 ) ) ;
#1789 = DIRECTION ( 'NONE',  ( 1.000000000000000000, 0.000000000000000000, 0.000000000000000000 ) ) ;
#1790 = LINE ( 'NONE', #1488, #3707 ) ;
#1791 = ORIENTED_EDGE ( 'NONE', *, *, #693, .F. ) ;
#1792 = EDGE_CURVE ( 'NONE', #923, #2692, #4105, .T. ) ;
#1793 = ORIENTED_EDGE ( 'NONE', *, *, #2370, .T. ) ;
#1794 = PLANE ( 'NONE',  #4018 ) ;
#1795 = CARTESIAN_POINT ( 'NONE',  ( -1.645000000000000018, 1.399999999999999911, 0.05099999999999999672 ) ) ;
#1796 = ORIENTED_EDGE ( 'NONE', *, *, #4120, .F. ) ;
#1797 = DIRECTION ( 'NONE',  ( 0.000000000000000000, 0.000000000000000000, -1.000000000000000000 ) ) ;
#1798 = CARTESIAN_POINT ( 'NONE',  ( 1.364999999999999991, 1.399999999999999911, 0.000000000000000000 ) ) ;
#1799 = ADVANCED_FACE ( 'NONE', ( #4087 ), #2156, .T. ) ;
#1800 = PLANE ( 'NONE',  #2853 ) ;
#1801 = ORIENTED_EDGE ( 'NONE', *, *, #740, .F. ) ;
#1802 = LINE ( 'NONE', #186, #857 ) ;
#1803 = ADVANCED_FACE ( 'NONE', ( #3445 ), #1800, .T. ) ;
#1804 = LINE ( 'NONE', #455, #1612 ) ;
#1805 = PRESENTATION_LAYER_ASSIGNMENT (  '', '', ( #2570 ) ) ;
#1806 = FACE_OUTER_BOUND ( 'NONE', #3202, .T. ) ;
#1807 = FACE_OUTER_BOUND ( 'NONE', #2909, .T. ) ;
#1808 = ORIENTED_EDGE ( 'NONE', *, *, #4124, .F. ) ;
#1809 = AXIS2_PLACEMENT_3D ( 'NONE', #4132, #1526, #2845 ) ;
#1810 = DIRECTION ( 'NONE',  ( 0.000000000000000000, 1.000000000000000000, 0.000000000000000000 ) ) ;
#1811 = EDGE_CURVE ( 'NONE', #1841, #3125, #1162, .T. ) ;
#1812 = LINE ( 'NONE', #3498, #2501 ) ;
#1813 = VECTOR ( 'NONE', #1596, 1000.000000000000000 ) ;
#1814 = VECTOR ( 'NONE', #712, 1000.000000000000000 ) ;
#1815 = CARTESIAN_POINT ( 'NONE',  ( -0.5050000000000000044, 1.399999999999999911, 0.000000000000000000 ) ) ;
#1816 = VECTOR ( 'NONE', #946, 1000.000000000000000 ) ;
#1817 = ORIENTED_EDGE ( 'NONE', *, *, #452, .F. ) ;
#1818 = MECHANICAL_DESIGN_GEOMETRIC_PRESENTATION_REPRESENTATION (  '', ( #1271 ), #4088 ) ;
#1819 = VECTOR ( 'NONE', #939, 1000.000000000000000 ) ;
#1820 =( NAMED_UNIT ( * ) PLANE_ANGLE_UNIT ( ) SI_UNIT ( $, .RADIAN. ) );
#1821 = MECHANICAL_DESIGN_GEOMETRIC_PRESENTATION_REPRESENTATION (  '', ( #2453 ), #867 ) ;
#1822 = FACE_OUTER_BOUND ( 'NONE', #1152, .T. ) ;
#1823 = ORIENTED_EDGE ( 'NONE', *, *, #3553, .T. ) ;
#1824 = CARTESIAN_POINT ( 'NONE',  ( -1.649999999999999911, 0.07499999999999999722, 0.000000000000000000 ) ) ;
#1825 = CARTESIAN_POINT ( 'NONE',  ( 1.250000000000000000, -0.07499999999999999722, 0.000000000000000000 ) ) ;
#1826 = LINE ( 'NONE', #4156, #1819 ) ;
#1827 = DIRECTION ( 'NONE',  ( 0.000000000000000000, 0.000000000000000000, -1.000000000000000000 ) ) ;
#1828 = PLANE ( 'NONE',  #2095 ) ;
#1829 = ORIENTED_EDGE ( 'NONE', *, *, #2818, .T. ) ;
#1830 = ADVANCED_FACE ( 'NONE', ( #838 ), #3461, .T. ) ;
#1831 = CARTESIAN_POINT ( 'NONE',  ( 1.649999999999999911, 0.7850000000000000311, 0.05099999999999999672 ) ) ;
#1832 = DIRECTION ( 'NONE',  ( 0.000000000000000000, 0.000000000000000000, 1.000000000000000000 ) ) ;
#1833 = DIRECTION ( 'NONE',  ( 0.000000000000000000, 1.000000000000000000, 0.000000000000000000 ) ) ;
#1834 = CARTESIAN_POINT ( 'NONE',  ( -0.3549999999999999822, -1.399999999999999911, 0.000000000000000000 ) ) ;
#1835 = SURFACE_STYLE_USAGE ( .BOTH. , #527 ) ;
#1836 = EDGE_CURVE ( 'NONE', #363, #2940, #1083, .T. ) ;
#1837 = EDGE_CURVE ( 'NONE', #4000, #2658, #425, .T. ) ;
#1838 = ORIENTED_EDGE ( 'NONE', *, *, #708, .T. ) ;
#1839 =( GEOMETRIC_REPRESENTATION_CONTEXT ( 3 ) GLOBAL_UNCERTAINTY_ASSIGNED_CONTEXT ( ( #4219 ) ) GLOBAL_UNIT_ASSIGNED_CONTEXT ( ( #1283, #1906, #1948 ) ) REPRESENTATION_CONTEXT ( 'NONE', 'WORKASPACE' ) );
#1840 = ORIENTED_EDGE ( 'NONE', *, *, #1213, .F. ) ;
#1841 = VERTEX_POINT ( 'NONE', #2268 ) ;
#1842 = DIRECTION ( 'NONE',  ( 1.000000000000000000, 0.000000000000000000, 0.000000000000000000 ) ) ;
#1843 =( NAMED_UNIT ( * ) PLANE_ANGLE_UNIT ( ) SI_UNIT ( $, .RADIAN. ) );
#1844 = VERTEX_POINT ( 'NONE', #3529 ) ;
#1845 = MANIFOLD_SOLID_BREP ( 'Imported2', #4059 ) ;
#1846 = DIRECTION ( 'NONE',  ( 0.000000000000000000, 0.000000000000000000, 1.000000000000000000 ) ) ;
#1847 = DIRECTION ( 'NONE',  ( 1.000000000000000000, 0.000000000000000000, 0.000000000000000000 ) ) ;
#1848 = LINE ( 'NONE', #2204, #1889 ) ;
#1849 = FACE_OUTER_BOUND ( 'NONE', #909, .T. ) ;
#1850 = DIRECTION ( 'NONE',  ( 0.000000000000000000, 0.000000000000000000, 1.000000000000000000 ) ) ;
#1851 = VERTEX_POINT ( 'NONE', #582 ) ;
#1852 = VECTOR ( 'NONE', #3999, 1000.000000000000000 ) ;
#1853 = DIRECTION ( 'NONE',  ( 0.000000000000000000, 1.000000000000000000, 0.000000000000000000 ) ) ;
#1854 = CARTESIAN_POINT ( 'NONE',  ( -0.9349999999999999423, 1.000000000000000000, 0.05099999999999999672 ) ) ;
#1855 = CARTESIAN_POINT ( 'NONE',  ( 1.649999999999999911, 0.7850000000000000311, 0.05099999999999999672 ) ) ;
#1856 = ADVANCED_FACE ( 'NONE', ( #2224 ), #2562, .T. ) ;
#1857 = UNCERTAINTY_MEASURE_WITH_UNIT (LENGTH_MEASURE( 1.000000000000000082E-05 ), #2596, 'distance_accuracy_value', 'NONE');
#1858 = DIRECTION ( 'NONE',  ( 1.000000000000000000, 0.000000000000000000, 0.000000000000000000 ) ) ;
#1859 = ORIENTED_EDGE ( 'NONE', *, *, #312, .F. ) ;
#1860 = PLANE ( 'NONE',  #1757 ) ;
#1861 = ADVANCED_FACE ( 'NONE', ( #3177 ), #3204, .T. ) ;
#1862 = CARTESIAN_POINT ( 'NONE',  ( 0.9349999999999999423, 1.000000000000000000, 0.000000000000000000 ) ) ;
#1863 = ORIENTED_EDGE ( 'NONE', *, *, #3375, .F. ) ;
#1864 = MANIFOLD_SOLID_BREP ( 'Imported24', #905 ) ;
#1865 = ORIENTED_EDGE ( 'NONE', *, *, #1181, .F. ) ;
#1866 = EDGE_CURVE ( 'NONE', #4040, #3364, #621, .T. ) ;
#1867 = EDGE_LOOP ( 'NONE', ( #2266, #2672, #2598, #230 ) ) ;
#1868 = CARTESIAN_POINT ( 'NONE',  ( 1.214999999999999858, -1.399999999999999911, 0.000000000000000000 ) ) ;
#1869 = PLANE ( 'NONE',  #1678 ) ;
#1870 = FACE_OUTER_BOUND ( 'NONE', #1692, .T. ) ;
#1871 = CARTESIAN_POINT ( 'NONE',  ( -0.9349999999999999423, 1.399999999999999911, 0.05099999999999999672 ) ) ;
#1872 = CARTESIAN_POINT ( 'NONE',  ( -1.364999999999999991, 1.399999999999999911, 0.000000000000000000 ) ) ;
#1873 = VERTEX_POINT ( 'NONE', #2817 ) ;
#1874 = ORIENTED_EDGE ( 'NONE', *, *, #1866, .T. ) ;
#1875 = LINE ( 'NONE', #3149, #4026 ) ;
#1876 = DIRECTION ( 'NONE',  ( 0.000000000000000000, 0.000000000000000000, 1.000000000000000000 ) ) ;
#1877 = CARTESIAN_POINT ( 'NONE',  ( 1.214999999999999858, -1.000000000000000000, 0.000000000000000000 ) ) ;
#1878 = AXIS2_PLACEMENT_3D ( 'NONE', #1872, #1553, #2592 ) ;
#1879 = EDGE_CURVE ( 'NONE', #934, #699, #2543, .T. ) ;
#1880 = ORIENTED_EDGE ( 'NONE', *, *, #1012, .T. ) ;
#1881 = AXIS2_PLACEMENT_3D ( 'NONE', #2396, #3908, #3630 ) ;
#1882 = AXIS2_PLACEMENT_3D ( 'NONE', #2780, #562, #1571 ) ;
#1883 = VECTOR ( 'NONE', #3019, 1000.000000000000000 ) ;
#1884 = PLANE ( 'NONE',  #3116 ) ;
#1885 = ORIENTED_EDGE ( 'NONE', *, *, #869, .T. ) ;
#1886 = MANIFOLD_SOLID_BREP ( 'Imported17', #2820 ) ;
#1887 = MECHANICAL_DESIGN_GEOMETRIC_PRESENTATION_REPRESENTATION (  '', ( #2723 ), #1683 ) ;
#1888 = EDGE_CURVE ( 'NONE', #3765, #2471, #4257, .T. ) ;
#1889 = VECTOR ( 'NONE', #2482, 1000.000000000000000 ) ;
#1890 = EDGE_LOOP ( 'NONE', ( #2148, #3752, #2958, #1404 ) ) ;
#1891 = CARTESIAN_POINT ( 'NONE',  ( -1.649999999999999911, 0.7850000000000000311, 0.000000000000000000 ) ) ;
#1892 = DIRECTION ( 'NONE',  ( 1.000000000000000000, 0.000000000000000000, 0.000000000000000000 ) ) ;
#1893 = VECTOR ( 'NONE', #746, 1000.000000000000000 ) ;
#1894 = EDGE_LOOP ( 'NONE', ( #2881, #967, #1711, #3004 ) ) ;
#1895 = ADVANCED_FACE ( 'NONE', ( #863 ), #1313, .T. ) ;
#1896 = DIRECTION ( 'NONE',  ( 0.000000000000000000, -1.000000000000000000, 0.000000000000000000 ) ) ;
#1897 = FACE_OUTER_BOUND ( 'NONE', #19, .T. ) ;
#1898 = DIRECTION ( 'NONE',  ( 1.000000000000000000, 0.000000000000000000, 0.000000000000000000 ) ) ;
#1899 = LINE ( 'NONE', #260, #2916 ) ;
#1900 = ORIENTED_EDGE ( 'NONE', *, *, #2457, .T. ) ;
#1901 = CARTESIAN_POINT ( 'NONE',  ( -1.645000000000000018, 1.399999999999999911, 0.05099999999999999672 ) ) ;
#1902 = PLANE ( 'NONE',  #3337 ) ;
#1903 = PLANE ( 'NONE',  #3049 ) ;
#1904 = MANIFOLD_SOLID_BREP ( 'Imported9', #1240 ) ;
#1905 = CARTESIAN_POINT ( 'NONE',  ( 0.3549999999999999822, -1.000000000000000000, 0.000000000000000000 ) ) ;
#1906 =( NAMED_UNIT ( * ) PLANE_ANGLE_UNIT ( ) SI_UNIT ( $, .RADIAN. ) );
#1907 = VERTEX_POINT ( 'NONE', #2310 ) ;
#1908 = LINE ( 'NONE', #906, #2715 ) ;
#1909 = AXIS2_PLACEMENT_3D ( 'NONE', #3828, #4206, #1258 ) ;
#1910 = ORIENTED_EDGE ( 'NONE', *, *, #818, .F. ) ;
#1911 = SURFACE_STYLE_FILL_AREA ( #930 ) ;
#1912 = SURFACE_STYLE_USAGE ( .BOTH. , #2200 ) ;
#1913 = EDGE_CURVE ( 'NONE', #775, #750, #4002, .T. ) ;
#1914 = ORIENTED_EDGE ( 'NONE', *, *, #333, .F. ) ;
#1915 = CARTESIAN_POINT ( 'NONE',  ( -0.7850000000000000311, 1.000000000000000000, 0.05099999999999999672 ) ) ;
#1916 = LINE ( 'NONE', #278, #27 ) ;
#1917 = DIRECTION ( 'NONE',  ( 0.000000000000000000, 0.000000000000000000, 1.000000000000000000 ) ) ;
#1918 = EDGE_CURVE ( 'NONE', #2997, #3297, #2928, .T. ) ;
#1919 = CARTESIAN_POINT ( 'NONE',  ( 0.5050000000000000044, -1.000000000000000000, 0.05099999999999999672 ) ) ;
#1920 = ORIENTED_EDGE ( 'NONE', *, *, #760, .T. ) ;
#1921 = LINE ( 'NONE', #1217, #1417 ) ;
#1922 = DIRECTION ( 'NONE',  ( 1.000000000000000000, 0.000000000000000000, 0.000000000000000000 ) ) ;
#1923 = ADVANCED_FACE ( 'NONE', ( #3009 ), #3622, .T. ) ;
#1924 = DIRECTION ( 'NONE',  ( 0.000000000000000000, 0.000000000000000000, 1.000000000000000000 ) ) ;
#1925 = ORIENTED_EDGE ( 'NONE', *, *, #2560, .F. ) ;
#1926 = DIRECTION ( 'NONE',  ( 1.000000000000000000, 0.000000000000000000, 0.000000000000000000 ) ) ;
#1927 = VECTOR ( 'NONE', #4118, 1000.000000000000000 ) ;
#1928 = DIRECTION ( 'NONE',  ( 0.000000000000000000, -1.000000000000000000, 0.000000000000000000 ) ) ;
#1929 = MANIFOLD_SOLID_BREP ( 'Imported7', #2002 ) ;
#1930 = ORIENTED_EDGE ( 'NONE', *, *, #2186, .F. ) ;
#1931 = EDGE_LOOP ( 'NONE', ( #2766, #3759, #3523, #1885 ) ) ;
#1932 =( NAMED_UNIT ( * ) PLANE_ANGLE_UNIT ( ) SI_UNIT ( $, .RADIAN. ) );
#1933 = DIRECTION ( 'NONE',  ( 0.000000000000000000, 0.000000000000000000, 1.000000000000000000 ) ) ;
#1934 = ORIENTED_EDGE ( 'NONE', *, *, #2818, .F. ) ;
#1935 = MANIFOLD_SOLID_BREP ( 'Imported3', #2548 ) ;
#1936 = EDGE_CURVE ( 'NONE', #544, #2740, #3269, .T. ) ;
#1937 = CARTESIAN_POINT ( 'NONE',  ( -0.5050000000000000044, 1.399999999999999911, 0.000000000000000000 ) ) ;
#1938 = DIRECTION ( 'NONE',  ( -1.000000000000000000, 0.000000000000000000, 0.000000000000000000 ) ) ;
#1939 = CARTESIAN_POINT ( 'NONE',  ( -1.364999999999999991, 1.000000000000000000, 0.05099999999999999672 ) ) ;
#1940 = UNCERTAINTY_MEASURE_WITH_UNIT (LENGTH_MEASURE( 1.000000000000000082E-05 ), #3041, 'distance_accuracy_value', 'NONE');
#1941 = DIRECTION ( 'NONE',  ( 1.000000000000000000, 0.000000000000000000, 0.000000000000000000 ) ) ;
#1942 = VERTEX_POINT ( 'NONE', #2433 ) ;
#1943 = EDGE_CURVE ( 'NONE', #2874, #2962, #107, .T. ) ;
#1944 = CARTESIAN_POINT ( 'NONE',  ( -0.07499999999999999722, 1.000000000000000000, 0.000000000000000000 ) ) ;
#1945 = DIRECTION ( 'NONE',  ( 0.000000000000000000, -1.000000000000000000, 0.000000000000000000 ) ) ;
#1946 = MANIFOLD_SOLID_BREP ( 'Imported14', #199 ) ;
#1947 = CARTESIAN_POINT ( 'NONE',  ( -0.3549999999999999822, 1.399999999999999911, 0.05099999999999999672 ) ) ;
#1948 =( NAMED_UNIT ( * ) SI_UNIT ( $, .STERADIAN. ) SOLID_ANGLE_UNIT ( ) );
#1949 = MECHANICAL_DESIGN_GEOMETRIC_PRESENTATION_REPRESENTATION (  '', ( #3673 ), #2373 ) ;
#1950 = ADVANCED_FACE ( 'NONE', ( #835 ), #3357, .T. ) ;
#1951 = VERTEX_POINT ( 'NONE', #402 ) ;
#1952 = DIRECTION ( 'NONE',  ( 0.000000000000000000, 1.000000000000000000, 0.000000000000000000 ) ) ;
#1953 = VECTOR ( 'NONE', #3137, 1000.000000000000000 ) ;
#1954 = CARTESIAN_POINT ( 'NONE',  ( -1.214999999999999858, -1.000000000000000000, 0.000000000000000000 ) ) ;
#1955 = MANIFOLD_SOLID_BREP ( 'Imported16', #1377 ) ;
#1956 = AXIS2_PLACEMENT_3D ( 'NONE', #3793, #1827, #3143 ) ;
#1957 = ORIENTED_EDGE ( 'NONE', *, *, #954, .F. ) ;
#1958 = VECTOR ( 'NONE', #480, 1000.000000000000000 ) ;
#1959 = VECTOR ( 'NONE', #956, 1000.000000000000000 ) ;
#1960 = VECTOR ( 'NONE', #4109, 1000.000000000000000 ) ;
#1961 = EDGE_LOOP ( 'NONE', ( #1671, #1375, #1645, #1782 ) ) ;
#1962 = MANIFOLD_SOLID_BREP ( 'Imported6', #4263 ) ;
#1963 = STYLED_ITEM ( 'NONE', ( #2605 ), #1929 ) ;
#1964 = LINE ( 'NONE', #1675, #1462 ) ;
#1965 = CARTESIAN_POINT ( 'NONE',  ( 1.250000000000000000, -0.3549999999999999822, 0.000000000000000000 ) ) ;
#1966 = VECTOR ( 'NONE', #1188, 1000.000000000000000 ) ;
#1967 = FACE_OUTER_BOUND ( 'NONE', #1483, .T. ) ;
#1968 = ADVANCED_BREP_SHAPE_REPRESENTATION ( 'LSM9DS1TR', ( #3373, #1845, #1935, #3358, #3363, #1962, #1929, #541, #1904, #486, #3393, #528, #3344, #1946, #3386, #1955, #1886, #519, #3335, #507, #533, #1974, #414, #1864, #550, #3277, #4091 ), #1350 ) ;
#1969 = ORIENTED_EDGE ( 'NONE', *, *, #3350, .F. ) ;
#1970 = VECTOR ( 'NONE', #1832, 1000.000000000000000 ) ;
#1971 = ORIENTED_EDGE ( 'NONE', *, *, #3981, .T. ) ;
#1972 = CARTESIAN_POINT ( 'NONE',  ( -0.5050000000000000044, 1.000000000000000000, 0.000000000000000000 ) ) ;
#1973 = PLANE ( 'NONE',  #3182 ) ;
#1974 = MANIFOLD_SOLID_BREP ( 'Imported22', #143 ) ;
#1975 = LINE ( 'NONE', #2016, #2444 ) ;
#1976 = DIRECTION ( 'NONE',  ( 0.000000000000000000, 0.000000000000000000, 1.000000000000000000 ) ) ;
#1977 = VERTEX_POINT ( 'NONE', #552 ) ;
#1978 = EDGE_CURVE ( 'NONE', #36, #2285, #1396, .T. ) ;
#1979 = ORIENTED_EDGE ( 'NONE', *, *, #389, .T. ) ;
#1980 = CARTESIAN_POINT ( 'NONE',  ( 0.3549999999999999822, -1.399999999999999911, 0.000000000000000000 ) ) ;
#1981 = DIRECTION ( 'NONE',  ( 0.000000000000000000, 1.000000000000000000, 0.000000000000000000 ) ) ;
#1982 = ADVANCED_FACE ( 'NONE', ( #4121 ), #4189, .T. ) ;
#1983 = ORIENTED_EDGE ( 'NONE', *, *, #2192, .F. ) ;
#1984 = EDGE_LOOP ( 'NONE', ( #2410, #3100, #2905, #2978 ) ) ;
#1985 = LINE ( 'NONE', #3290, #3802 ) ;
#1986 =( LENGTH_UNIT ( ) NAMED_UNIT ( * ) SI_UNIT ( .MILLI., .METRE. ) );
#1987 = ORIENTED_EDGE ( 'NONE', *, *, #4142, .T. ) ;
#1988 = DIRECTION ( 'NONE',  ( 1.000000000000000000, 0.000000000000000000, 0.000000000000000000 ) ) ;
#1989 = CARTESIAN_POINT ( 'NONE',  ( 1.645000000000000018, 1.399999999999999911, 0.05099999999999999672 ) ) ;
#1990 = CARTESIAN_POINT ( 'NONE',  ( 1.649999999999999911, -0.3549999999999999822, 0.000000000000000000 ) ) ;
#1991 = VERTEX_POINT ( 'NONE', #2538 ) ;
#1992 = EDGE_LOOP ( 'NONE', ( #2961, #3048, #3594, #3284 ) ) ;
#1993 = LINE ( 'NONE', #1662, #2577 ) ;
#1994 = CARTESIAN_POINT ( 'NONE',  ( 1.214999999999999858, 1.399999999999999911, 0.05099999999999999672 ) ) ;
#1995 = LINE ( 'NONE', #1664, #3956 ) ;
#1996 = SURFACE_SIDE_STYLE ('',( #1048 ) ) ;
#1997 = ORIENTED_EDGE ( 'NONE', *, *, #2250, .T. ) ;
#1998 = VERTEX_POINT ( 'NONE', #1538 ) ;
#1999 = EDGE_CURVE ( 'NONE', #866, #2485, #600, .T. ) ;
#2000 = DIRECTION ( 'NONE',  ( -0.000000000000000000, 1.000000000000000000, 0.000000000000000000 ) ) ;
#2001 = DIRECTION ( 'NONE',  ( 1.000000000000000000, 0.000000000000000000, 0.000000000000000000 ) ) ;
#2002 = CLOSED_SHELL ( 'NONE', ( #266, #307, #2290, #3234, #716, #3076 ) ) ;
#2003 = VERTEX_POINT ( 'NONE', #2579 ) ;
#2004 = ORIENTED_EDGE ( 'NONE', *, *, #3784, .T. ) ;
#2005 = EDGE_CURVE ( 'NONE', #4258, #1093, #2901, .T. ) ;
#2006 = AXIS2_PLACEMENT_3D ( 'NONE', #3933, #3677, #2332 ) ;
#2007 = ADVANCED_FACE ( 'NONE', ( #182 ), #1860, .T. ) ;
#2009 = CARTESIAN_POINT ( 'NONE',  ( -0.3549999999999999822, 1.000000000000000000, 0.05099999999999999672 ) ) ;
#2008 =( NAMED_UNIT ( * ) SI_UNIT ( $, .STERADIAN. ) SOLID_ANGLE_UNIT ( ) );
#2010 = CARTESIAN_POINT ( 'NONE',  ( 1.214999999999999858, 1.399999999999999911, 0.05099999999999999672 ) ) ;
#2011 = LINE ( 'NONE', #1023, #3265 ) ;
#2012 = ORIENTED_EDGE ( 'NONE', *, *, #175, .T. ) ;
#2013 = ORIENTED_EDGE ( 'NONE', *, *, #217, .T. ) ;
#2014 = CARTESIAN_POINT ( 'NONE',  ( 1.649999999999999911, -0.07499999999999999722, 0.000000000000000000 ) ) ;
#2015 = CARTESIAN_POINT ( 'NONE',  ( 1.250000000000000000, 0.7850000000000000311, 0.05099999999999999672 ) ) ;
#2016 = CARTESIAN_POINT ( 'NONE',  ( 0.3549999999999999822, -1.000000000000000000, 0.05099999999999999672 ) ) ;
#2017 = FILL_AREA_STYLE_COLOUR ( '', #4251 ) ;
#2018 = ORIENTED_EDGE ( 'NONE', *, *, #2899, .F. ) ;
#2019 = ORIENTED_EDGE ( 'NONE', *, *, #2005, .F. ) ;
#2020 = DIRECTION ( 'NONE',  ( 0.000000000000000000, -1.000000000000000000, 0.000000000000000000 ) ) ;
#2021 = CARTESIAN_POINT ( 'NONE',  ( -0.7850000000000000311, 1.399999999999999911, 0.000000000000000000 ) ) ;
#2022 = PRODUCT_DEFINITION ( 'UNKNOWN', '', #35, #2466 ) ;
#2023 = EDGE_LOOP ( 'NONE', ( #3080, #3907, #1084, #4090 ) ) ;
#2024 = ORIENTED_EDGE ( 'NONE', *, *, #2068, .T. ) ;
#2025 = AXIS2_PLACEMENT_3D ( 'NONE', #2627, #624, #605 ) ;
#2026 = CARTESIAN_POINT ( 'NONE',  ( 0.07499999999999999722, 1.399999999999999911, 0.05099999999999999672 ) ) ;
#2027 = ADVANCED_FACE ( 'NONE', ( #3717 ), #2064, .T. ) ;
#2028 = VECTOR ( 'NONE', #3850, 1000.000000000000000 ) ;
#2030 = DIRECTION ( 'NONE',  ( -1.000000000000000000, 0.000000000000000000, 0.000000000000000000 ) ) ;
#2029 = CARTESIAN_POINT ( 'NONE',  ( 1.645000000000000018, 1.000000000000000000, 0.000000000000000000 ) ) ;
#2031 = LINE ( 'NONE', #2291, #2647 ) ;
#2032 = VECTOR ( 'NONE', #706, 1000.000000000000000 ) ;
#2033 = VECTOR ( 'NONE', #3647, 1000.000000000000000 ) ;
#2034 = DIRECTION ( 'NONE',  ( 1.000000000000000000, 0.000000000000000000, 0.000000000000000000 ) ) ;
#2035 = VECTOR ( 'NONE', #391, 1000.000000000000000 ) ;
#2036 = ORIENTED_EDGE ( 'NONE', *, *, #3175, .T. ) ;
#2037 = EDGE_CURVE ( 'NONE', #3125, #1728, #3369, .T. ) ;
#2038 = VECTOR ( 'NONE', #804, 1000.000000000000000 ) ;
#2039 = ORIENTED_EDGE ( 'NONE', *, *, #3249, .F. ) ;
#2040 = VECTOR ( 'NONE', #3643, 1000.000000000000000 ) ;
#2041 = LINE ( 'NONE', #323, #3808 ) ;
#2042 = CARTESIAN_POINT ( 'NONE',  ( 1.649999999999999911, -0.7850000000000000311, 0.000000000000000000 ) ) ;
#2043 = DIRECTION ( 'NONE',  ( 0.000000000000000000, 1.000000000000000000, 0.000000000000000000 ) ) ;
#2044 = VECTOR ( 'NONE', #2814, 1000.000000000000000 ) ;
#2045 =( LENGTH_UNIT ( ) NAMED_UNIT ( * ) SI_UNIT ( .MILLI., .METRE. ) );
#2046 = EDGE_LOOP ( 'NONE', ( #1208, #1838, #1371, #2461 ) ) ;
#2047 = EDGE_LOOP ( 'NONE', ( #3738, #197, #406, #74 ) ) ;
#2048 = CARTESIAN_POINT ( 'NONE',  ( -0.5050000000000000044, -1.000000000000000000, 0.05099999999999999672 ) ) ;
#2049 = CARTESIAN_POINT ( 'NONE',  ( 1.364999999999999991, 1.000000000000000000, 0.05099999999999999672 ) ) ;
#2050 = VERTEX_POINT ( 'NONE', #1410 ) ;
#2051 = ORIENTED_EDGE ( 'NONE', *, *, #1514, .F. ) ;
#2052 = DIRECTION ( 'NONE',  ( 1.000000000000000000, 0.000000000000000000, 0.000000000000000000 ) ) ;
#2053 = CARTESIAN_POINT ( 'NONE',  ( -0.3549999999999999822, -1.000000000000000000, 0.05099999999999999672 ) ) ;
#2054 = ADVANCED_FACE ( 'NONE', ( #3617 ), #3932, .T. ) ;
#2055 = DIRECTION ( 'NONE',  ( 0.000000000000000000, 1.000000000000000000, 0.000000000000000000 ) ) ;
#2056 = DIRECTION ( 'NONE',  ( 0.000000000000000000, 0.000000000000000000, 1.000000000000000000 ) ) ;
#2057 = ORIENTED_EDGE ( 'NONE', *, *, #902, .F. ) ;
#2058 = EDGE_LOOP ( 'NONE', ( #3576, #3271, #2639, #9 ) ) ;
#2059 = MECHANICAL_DESIGN_GEOMETRIC_PRESENTATION_REPRESENTATION (  '', ( #833 ), #1839 ) ;
#2060 = CARTESIAN_POINT ( 'NONE',  ( 0.07499999999999999722, -1.000000000000000000, 0.000000000000000000 ) ) ;
#2061 = EDGE_CURVE ( 'NONE', #470, #2892, #69, .T. ) ;
#2062 = CARTESIAN_POINT ( 'NONE',  ( -0.3549999999999999822, 1.399999999999999911, 0.000000000000000000 ) ) ;
#2063 = CARTESIAN_POINT ( 'NONE',  ( 1.645000000000000018, -1.399999999999999911, 0.000000000000000000 ) ) ;
#2064 = PLANE ( 'NONE',  #3197 ) ;
#2065 = SURFACE_SIDE_STYLE ('',( #393 ) ) ;
#2066 = ORIENTED_EDGE ( 'NONE', *, *, #3914, .F. ) ;
#2067 = EDGE_LOOP ( 'NONE', ( #727, #3473, #2467, #1197 ) ) ;
#2068 = EDGE_CURVE ( 'NONE', #1750, #2127, #2729, .T. ) ;
#2069 = CARTESIAN_POINT ( 'NONE',  ( 1.750000000000000000, 1.500000000000000000, 0.05099999999999999672 ) ) ;
#2070 = LINE ( 'NONE', #731, #478 ) ;
#2071 = ORIENTED_EDGE ( 'NONE', *, *, #1660, .F. ) ;
#2072 = FILL_AREA_STYLE ('',( #3031 ) ) ;
#2073 = CLOSED_SHELL ( 'NONE', ( #799, #3307, #1830, #464, #2111, #4228 ) ) ;
#2074 = VECTOR ( 'NONE', #1454, 1000.000000000000000 ) ;
#2076 = CARTESIAN_POINT ( 'NONE',  ( -1.649999999999999911, -0.07499999999999999722, 0.000000000000000000 ) ) ;
#2075 = FILL_AREA_STYLE ('',( #423 ) ) ;
#2077 = CARTESIAN_POINT ( 'NONE',  ( -0.5050000000000000044, 1.000000000000000000, 0.05099999999999999672 ) ) ;
#2078 = VERTEX_POINT ( 'NONE', #2920 ) ;
#2079 = EDGE_CURVE ( 'NONE', #57, #58, #1068, .T. ) ;
#2080 = DIRECTION ( 'NONE',  ( 0.000000000000000000, -1.000000000000000000, 0.000000000000000000 ) ) ;
#2081 = DIRECTION ( 'NONE',  ( 0.000000000000000000, 0.000000000000000000, -1.000000000000000000 ) ) ;
#2082 = CARTESIAN_POINT ( 'NONE',  ( 1.250000000000000000, 0.07499999999999999722, 0.000000000000000000 ) ) ;
#2083 = PLANE ( 'NONE',  #3753 ) ;
#2084 = ORIENTED_EDGE ( 'NONE', *, *, #1623, .T. ) ;
#2085 = EDGE_CURVE ( 'NONE', #2222, #2330, #4038, .T. ) ;
#2086 = ORIENTED_EDGE ( 'NONE', *, *, #2736, .T. ) ;
#2087 = LINE ( 'NONE', #2687, #2032 ) ;
#2088 =( NAMED_UNIT ( * ) PLANE_ANGLE_UNIT ( ) SI_UNIT ( $, .RADIAN. ) );
#2089 = EDGE_CURVE ( 'NONE', #2050, #1383, #1602, .T. ) ;
#2090 = ORIENTED_EDGE ( 'NONE', *, *, #3789, .T. ) ;
#2091 = SURFACE_STYLE_USAGE ( .BOTH. , #1479 ) ;
#2092 = STYLED_ITEM ( 'NONE', ( #4193 ), #3344 ) ;
#2093 = LINE ( 'NONE', #2076, #1061 ) ;
#2094 = DIRECTION ( 'NONE',  ( 1.000000000000000000, 0.000000000000000000, 0.000000000000000000 ) ) ;
#2095 = AXIS2_PLACEMENT_3D ( 'NONE', #3144, #190, #3163 ) ;
#2096 = ORIENTED_EDGE ( 'NONE', *, *, #78, .T. ) ;
#2097 = VECTOR ( 'NONE', #3433, 1000.000000000000000 ) ;
#2098 = AXIS2_PLACEMENT_3D ( 'NONE', #2869, #1615, #2252 ) ;
#2099 = DIRECTION ( 'NONE',  ( 0.000000000000000000, 0.000000000000000000, 1.000000000000000000 ) ) ;
#2100 = CARTESIAN_POINT ( 'NONE',  ( 1.250000000000000000, 0.7850000000000000311, 0.000000000000000000 ) ) ;
#2101 = LINE ( 'NONE', #827, #1755 ) ;
#2102 = DIRECTION ( 'NONE',  ( 0.000000000000000000, 0.000000000000000000, 1.000000000000000000 ) ) ;
#2103 = SURFACE_SIDE_STYLE ('',( #92 ) ) ;
#2104 = EDGE_LOOP ( 'NONE', ( #3243, #687, #4113, #1987 ) ) ;
#2105 = AXIS2_PLACEMENT_3D ( 'NONE', #1019, #2374, #3291 ) ;
#2106 = MECHANICAL_DESIGN_GEOMETRIC_PRESENTATION_REPRESENTATION (  '', ( #2498 ), #506 ) ;
#2107 = ORIENTED_EDGE ( 'NONE', *, *, #3171, .F. ) ;
#2108 = DIRECTION ( 'NONE',  ( 0.000000000000000000, 0.000000000000000000, -1.000000000000000000 ) ) ;
#2109 = AXIS2_PLACEMENT_3D ( 'NONE', #3698, #2599, #1926 ) ;
#2110 =( NAMED_UNIT ( * ) SI_UNIT ( $, .STERADIAN. ) SOLID_ANGLE_UNIT ( ) );
#2111 = ADVANCED_FACE ( 'NONE', ( #765 ), #2083, .T. ) ;
#2112 = AXIS2_PLACEMENT_3D ( 'NONE', #1448, #2762, #117 ) ;
#2113 = CARTESIAN_POINT ( 'NONE',  ( -0.07499999999999999722, -1.399999999999999911, 0.05099999999999999672 ) ) ;
#2114 = VECTOR ( 'NONE', #2612, 1000.000000000000000 ) ;
#2115 = ORIENTED_EDGE ( 'NONE', *, *, #2428, .T. ) ;
#2116 = SURFACE_STYLE_FILL_AREA ( #2072 ) ;
#2117 = ADVANCED_FACE ( 'NONE', ( #3390 ), #1746, .T. ) ;
#2119 = CARTESIAN_POINT ( 'NONE',  ( 1.250000000000000000, -0.7850000000000000311, 0.000000000000000000 ) ) ;
#2118 = DIRECTION ( 'NONE',  ( 0.000000000000000000, 0.000000000000000000, 1.000000000000000000 ) ) ;
#2120 = CARTESIAN_POINT ( 'NONE',  ( -1.364999999999999991, 1.399999999999999911, 0.05099999999999999672 ) ) ;
#2121 = ADVANCED_FACE ( 'NONE', ( #3066 ), #392, .T. ) ;
#2122 = EDGE_LOOP ( 'NONE', ( #3371, #1321, #2604, #2706 ) ) ;
#2123 = DIRECTION ( 'NONE',  ( -1.000000000000000000, 0.000000000000000000, 0.000000000000000000 ) ) ;
#2124 = LINE ( 'NONE', #3468, #1960 ) ;
#2125 = CARTESIAN_POINT ( 'NONE',  ( 1.649999999999999911, 0.3549999999999999822, 0.05099999999999999672 ) ) ;
#2126 = DIRECTION ( 'NONE',  ( 0.000000000000000000, 1.000000000000000000, 0.000000000000000000 ) ) ;
#2127 = VERTEX_POINT ( 'NONE', #118 ) ;
#2128 = AXIS2_PLACEMENT_3D ( 'NONE', #2704, #2365, #1665 ) ;
#2129 = ORIENTED_EDGE ( 'NONE', *, *, #2992, .T. ) ;
#2130 = CARTESIAN_POINT ( 'NONE',  ( 0.5050000000000000044, -1.000000000000000000, 0.05099999999999999672 ) ) ;
#2131 =( NAMED_UNIT ( * ) SI_UNIT ( $, .STERADIAN. ) SOLID_ANGLE_UNIT ( ) );
#2132 = LINE ( 'NONE', #2113, #73 ) ;
#2133 = ORIENTED_EDGE ( 'NONE', *, *, #3714, .T. ) ;
#2134 = SURFACE_SIDE_STYLE ('',( #4066 ) ) ;
#2135 = ADVANCED_FACE ( 'NONE', ( #1432 ), #1708, .T. ) ;
#2136 = CLOSED_SHELL ( 'NONE', ( #1704, #223, #4127, #980, #1475, #951 ) ) ;
#2137 = DIRECTION ( 'NONE',  ( 0.000000000000000000, -1.000000000000000000, 0.000000000000000000 ) ) ;
#2138 = DIRECTION ( 'NONE',  ( 0.000000000000000000, -1.000000000000000000, 0.000000000000000000 ) ) ;
#2139 = ORIENTED_EDGE ( 'NONE', *, *, #2421, .T. ) ;
#2140 = CLOSED_SHELL ( 'NONE', ( #4047, #1102, #3264, #631, #1680, #2522 ) ) ;
#2141 = EDGE_CURVE ( 'NONE', #2648, #1633, #2703, .T. ) ;
#2142 = DIRECTION ( 'NONE',  ( 0.000000000000000000, 0.000000000000000000, -1.000000000000000000 ) ) ;
#2143 = CARTESIAN_POINT ( 'NONE',  ( 1.649999999999999911, -0.07499999999999999722, 0.000000000000000000 ) ) ;
#2144 = VECTOR ( 'NONE', #285, 1000.000000000000000 ) ;
#2145 = LINE ( 'NONE', #4073, #2388 ) ;
#2146 = LINE ( 'NONE', #2446, #724 ) ;
#2147 = DIRECTION ( 'NONE',  ( 1.000000000000000000, 0.000000000000000000, 0.000000000000000000 ) ) ;
#2148 = ORIENTED_EDGE ( 'NONE', *, *, #760, .F. ) ;
#2149 = DIRECTION ( 'NONE',  ( -1.000000000000000000, 0.000000000000000000, 0.000000000000000000 ) ) ;
#2150 = CARTESIAN_POINT ( 'NONE',  ( 0.7850000000000000311, -1.000000000000000000, 0.000000000000000000 ) ) ;
#2151 = FILL_AREA_STYLE ('',( #1436 ) ) ;
#2152 = FACE_OUTER_BOUND ( 'NONE', #928, .T. ) ;
#2153 = VERTEX_POINT ( 'NONE', #3571 ) ;
#2154 = SURFACE_SIDE_STYLE ('',( #574 ) ) ;
#2155 = CARTESIAN_POINT ( 'NONE',  ( -1.645000000000000018, -1.399999999999999911, 0.05099999999999999672 ) ) ;
#2156 = PLANE ( 'NONE',  #864 ) ;
#2157 = ADVANCED_FACE ( 'NONE', ( #968 ), #2282, .T. ) ;
#2158 = ORIENTED_EDGE ( 'NONE', *, *, #3249, .T. ) ;
#2159 = CARTESIAN_POINT ( 'NONE',  ( 1.649999999999999911, -0.07499999999999999722, 0.05099999999999999672 ) ) ;
#2160 = LINE ( 'NONE', #2423, #1537 ) ;
#2161 = CARTESIAN_POINT ( 'NONE',  ( -1.250000000000000000, -0.3549999999999999822, 0.05099999999999999672 ) ) ;
#2162 = DIRECTION ( 'NONE',  ( 0.000000000000000000, -1.000000000000000000, 0.000000000000000000 ) ) ;
#2163 = ADVANCED_FACE ( 'NONE', ( #310 ), #1626, .T. ) ;
#2164 = LINE ( 'NONE', #2504, #1196 ) ;
#2165 = ORIENTED_EDGE ( 'NONE', *, *, #24, .F. ) ;
#2166 = VECTOR ( 'NONE', #1470, 1000.000000000000000 ) ;
#2167 = DIRECTION ( 'NONE',  ( -1.000000000000000000, 0.000000000000000000, 0.000000000000000000 ) ) ;
#2168 = CARTESIAN_POINT ( 'NONE',  ( -0.5050000000000000044, 1.399999999999999911, 0.05099999999999999672 ) ) ;
#2169 = CARTESIAN_POINT ( 'NONE',  ( -1.250000000000000000, 0.3549999999999999822, 0.05099999999999999672 ) ) ;
#2170 = FILL_AREA_STYLE_COLOUR ( '', #4224 ) ;
#2171 = VECTOR ( 'NONE', #2289, 1000.000000000000000 ) ;
#2172 = AXIS2_PLACEMENT_3D ( 'NONE', #41, #2338, #2628 ) ;
#2173 = DIRECTION ( 'NONE',  ( 0.000000000000000000, 0.000000000000000000, -1.000000000000000000 ) ) ;
#2174 = ORIENTED_EDGE ( 'NONE', *, *, #954, .T. ) ;
#2175 = VECTOR ( 'NONE', #2676, 1000.000000000000000 ) ;
#2176 = EDGE_LOOP ( 'NONE', ( #1013, #3484, #2051, #2004 ) ) ;
#2177 = FILL_AREA_STYLE_COLOUR ( '', #729 ) ;
#2178 = VERTEX_POINT ( 'NONE', #136 ) ;
#2179 = ADVANCED_FACE ( 'NONE', ( #1525 ), #518, .T. ) ;
#2180 = LINE ( 'NONE', #1868, #102 ) ;
#2181 = CARTESIAN_POINT ( 'NONE',  ( -1.645000000000000018, 1.000000000000000000, 0.05099999999999999672 ) ) ;
#2182 = FACE_OUTER_BOUND ( 'NONE', #2957, .T. ) ;
#2183 = LINE ( 'NONE', #189, #3962 ) ;
#2184 = CARTESIAN_POINT ( 'NONE',  ( -0.3549999999999999822, -1.399999999999999911, 0.000000000000000000 ) ) ;
#2185 = ORIENTED_EDGE ( 'NONE', *, *, #2037, .F. ) ;
#2186 = EDGE_CURVE ( 'NONE', #3856, #3968, #1464, .T. ) ;
#2187 = ORIENTED_EDGE ( 'NONE', *, *, #2192, .T. ) ;
#2188 = CARTESIAN_POINT ( 'NONE',  ( 1.649999999999999911, -0.7850000000000000311, 0.05099999999999999672 ) ) ;
#2189 = PLANE ( 'NONE',  #2508 ) ;
#2190 = DIRECTION ( 'NONE',  ( 1.000000000000000000, 0.000000000000000000, 0.000000000000000000 ) ) ;
#2191 = FACE_OUTER_BOUND ( 'NONE', #3644, .T. ) ;
#2192 = EDGE_CURVE ( 'NONE', #2404, #1873, #3451, .T. ) ;
#2193 = ORIENTED_EDGE ( 'NONE', *, *, #556, .F. ) ;
#2194 = STYLED_ITEM ( 'NONE', ( #3370 ), #550 ) ;
#2195 = SURFACE_STYLE_FILL_AREA ( #503 ) ;
#2196 = CARTESIAN_POINT ( 'NONE',  ( -1.325000022999999860, 0.6449999999999999067, 1.650999999999999801 ) ) ;
#2197 = EDGE_LOOP ( 'NONE', ( #3398, #4069, #321, #4134 ) ) ;
#2198 = ORIENTED_EDGE ( 'NONE', *, *, #3575, .T. ) ;
#2199 = PLANE ( 'NONE',  #2434 ) ;
#2200 = SURFACE_SIDE_STYLE ('',( #1266 ) ) ;
#2201 = EDGE_LOOP ( 'NONE', ( #1140, #2813, #3276, #1351 ) ) ;
#2202 = LINE ( 'NONE', #1165, #3616 ) ;
#2203 = CARTESIAN_POINT ( 'NONE',  ( -0.3549999999999999822, -1.000000000000000000, 0.05099999999999999672 ) ) ;
#2204 = CARTESIAN_POINT ( 'NONE',  ( 1.649999999999999911, 0.5050000000000000044, 0.05099999999999999672 ) ) ;
#2205 = DIRECTION ( 'NONE',  ( 1.000000000000000000, 0.000000000000000000, 0.000000000000000000 ) ) ;
#2206 = CLOSED_SHELL ( 'NONE', ( #2946, #1163, #955, #625, #2668, #1799 ) ) ;
#2207 = CARTESIAN_POINT ( 'NONE',  ( 0.07499999999999999722, -1.399999999999999911, 0.000000000000000000 ) ) ;
#2208 = ORIENTED_EDGE ( 'NONE', *, *, #2409, .T. ) ;
#2209 = EDGE_CURVE ( 'NONE', #1942, #3573, #2763, .T. ) ;
#2210 = VECTOR ( 'NONE', #3740, 1000.000000000000000 ) ;
#2211 = ORIENTED_EDGE ( 'NONE', *, *, #2551, .F. ) ;
#2212 = CARTESIAN_POINT ( 'NONE',  ( -0.5050000000000000044, -1.000000000000000000, 0.05099999999999999672 ) ) ;
#2213 = FACE_OUTER_BOUND ( 'NONE', #4170, .T. ) ;
#2214 = PLANE ( 'NONE',  #2649 ) ;
#2215 = FACE_OUTER_BOUND ( 'NONE', #1630, .T. ) ;
#2216 = ADVANCED_FACE ( 'NONE', ( #1807 ), #3817, .T. ) ;
#2217 = ORIENTED_EDGE ( 'NONE', *, *, #81, .F. ) ;
#2218 = FILL_AREA_STYLE ('',( #3895 ) ) ;
#2219 = FACE_OUTER_BOUND ( 'NONE', #1931, .T. ) ;
#2220 = ORIENTED_EDGE ( 'NONE', *, *, #3045, .F. ) ;
#2221 = EDGE_CURVE ( 'NONE', #1455, #3681, #4111, .T. ) ;
#2222 = VERTEX_POINT ( 'NONE', #4131 ) ;
#2223 =( NAMED_UNIT ( * ) SI_UNIT ( $, .STERADIAN. ) SOLID_ANGLE_UNIT ( ) );
#2224 = FACE_OUTER_BOUND ( 'NONE', #1684, .T. ) ;
#2225 = ORIENTED_EDGE ( 'NONE', *, *, #3424, .T. ) ;
#2226 = DIRECTION ( 'NONE',  ( 1.000000000000000000, 0.000000000000000000, 0.000000000000000000 ) ) ;
#2227 = LINE ( 'NONE', #1591, #1268 ) ;
#2228 = CARTESIAN_POINT ( 'NONE',  ( -0.3549999999999999822, -1.399999999999999911, 0.05099999999999999672 ) ) ;
#2229 = CARTESIAN_POINT ( 'NONE',  ( 1.250000000000000000, -0.07499999999999999722, 0.05099999999999999672 ) ) ;
#2230 = EDGE_LOOP ( 'NONE', ( #767, #3549, #3237, #3446 ) ) ;
#2231 = CARTESIAN_POINT ( 'NONE',  ( -1.645000000000000018, -1.399999999999999911, 0.000000000000000000 ) ) ;
#2232 = VECTOR ( 'NONE', #3727, 1000.000000000000000 ) ;
#2233 = DIRECTION ( 'NONE',  ( 0.000000000000000000, 1.000000000000000000, 0.000000000000000000 ) ) ;
#2234 = CARTESIAN_POINT ( 'NONE',  ( -0.3549999999999999822, -1.000000000000000000, 0.000000000000000000 ) ) ;
#2235 = CARTESIAN_POINT ( 'NONE',  ( -0.7850000000000000311, 1.000000000000000000, 0.000000000000000000 ) ) ;
#2236 = AXIS2_PLACEMENT_3D ( 'NONE', #3845, #284, #632 ) ;
#2237 = ORIENTED_EDGE ( 'NONE', *, *, #2403, .T. ) ;
#2238 = EDGE_CURVE ( 'NONE', #3087, #3694, #2465, .T. ) ;
#2239 = VECTOR ( 'NONE', #303, 1000.000000000000000 ) ;
#2240 = AXIS2_PLACEMENT_3D ( 'NONE', #2272, #1551, #538 ) ;
#2241 = CARTESIAN_POINT ( 'NONE',  ( -1.325000022999999860, 0.6449999999999999067, 1.654000000000000137 ) ) ;
#2242 = VECTOR ( 'NONE', #3683, 1000.000000000000000 ) ;
#2243 = AXIS2_PLACEMENT_3D ( 'NONE', #3966, #4244, #2359 ) ;
#2244 = ORIENTED_EDGE ( 'NONE', *, *, #1309, .T. ) ;
#2245 = EDGE_CURVE ( 'NONE', #3423, #2874, #4095, .T. ) ;
#2246 =( NAMED_UNIT ( * ) PLANE_ANGLE_UNIT ( ) SI_UNIT ( $, .RADIAN. ) );
#2247 = COLOUR_RGB ( '',0.7215686274509803821, 0.7215686274509803821, 0.7215686274509803821 ) ;
#2248 = AXIS2_PLACEMENT_3D ( 'NONE', #2717, #2400, #694 ) ;
#2249 = ORIENTED_EDGE ( 'NONE', *, *, #286, .F. ) ;
#2250 = EDGE_CURVE ( 'NONE', #602, #2330, #2146, .T. ) ;
#2251 = PLANE ( 'NONE',  #2025 ) ;
#2252 = DIRECTION ( 'NONE',  ( 1.000000000000000000, 0.000000000000000000, 0.000000000000000000 ) ) ;
#2253 = CARTESIAN_POINT ( 'NONE',  ( -1.645000000000000018, 1.000000000000000000, 0.000000000000000000 ) ) ;
#2254 = PLANE ( 'NONE',  #2336 ) ;
#2255 = ORIENTED_EDGE ( 'NONE', *, *, #3919, .F. ) ;
#2256 = DIRECTION ( 'NONE',  ( 0.000000000000000000, 1.000000000000000000, 0.000000000000000000 ) ) ;
#2257 = DIRECTION ( 'NONE',  ( 0.000000000000000000, 0.000000000000000000, 1.000000000000000000 ) ) ;
#2258 = CARTESIAN_POINT ( 'NONE',  ( -1.250000000000000000, -0.5050000000000000044, 0.000000000000000000 ) ) ;
#2259 = FACE_OUTER_BOUND ( 'NONE', #1890, .T. ) ;
#2260 = CARTESIAN_POINT ( 'NONE',  ( -1.214999999999999858, -1.399999999999999911, 0.05099999999999999672 ) ) ;
#2261 = VERTEX_POINT ( 'NONE', #3757 ) ;
#2262 = CARTESIAN_POINT ( 'NONE',  ( 0.3549999999999999822, 1.000000000000000000, 0.05099999999999999672 ) ) ;
#2263 = CARTESIAN_POINT ( 'NONE',  ( -1.364999999999999991, -1.000000000000000000, 0.000000000000000000 ) ) ;
#2264 = PRODUCT_RELATED_PRODUCT_CATEGORY ( 'part', '', ( #427 ) ) ;
#2265 = COLOUR_RGB ( '',0.7215686274509803821, 0.7215686274509803821, 0.7215686274509803821 ) ;
#2266 = ORIENTED_EDGE ( 'NONE', *, *, #2923, .F. ) ;
#2267 = DIRECTION ( 'NONE',  ( 0.000000000000000000, 0.000000000000000000, -1.000000000000000000 ) ) ;
#2268 = CARTESIAN_POINT ( 'NONE',  ( -1.250000000000000000, 0.5050000000000000044, 0.000000000000000000 ) ) ;
#2269 = ORIENTED_EDGE ( 'NONE', *, *, #3005, .T. ) ;
#2270 = EDGE_CURVE ( 'NONE', #2485, #2692, #475, .T. ) ;
#2271 = DIRECTION ( 'NONE',  ( 1.000000000000000000, 0.000000000000000000, 0.000000000000000000 ) ) ;
#2272 = CARTESIAN_POINT ( 'NONE',  ( 0.7850000000000000311, -1.399999999999999911, 0.000000000000000000 ) ) ;
#2273 = CARTESIAN_POINT ( 'NONE',  ( 1.645000000000000018, -1.000000000000000000, 0.05099999999999999672 ) ) ;
#2274 = DIRECTION ( 'NONE',  ( 0.000000000000000000, -1.000000000000000000, 0.000000000000000000 ) ) ;
#2275 = ORIENTED_EDGE ( 'NONE', *, *, #2061, .T. ) ;
#2276 = EDGE_CURVE ( 'NONE', #749, #3996, #2183, .T. ) ;
#2277 = CARTESIAN_POINT ( 'NONE',  ( -1.645000000000000018, 1.000000000000000000, 0.000000000000000000 ) ) ;
#2278 = LINE ( 'NONE', #3586, #20 ) ;
#2279 = DIRECTION ( 'NONE',  ( 0.000000000000000000, 0.000000000000000000, -1.000000000000000000 ) ) ;
#2280 = AXIS2_PLACEMENT_3D ( 'NONE', #707, #2305, #670 ) ;
#2281 = EDGE_LOOP ( 'NONE', ( #1513, #2730, #4264, #3111 ) ) ;
#2282 = PLANE ( 'NONE',  #2989 ) ;
#2283 = DIRECTION ( 'NONE',  ( 1.000000000000000000, 0.000000000000000000, 0.000000000000000000 ) ) ;
#2284 = ORIENTED_EDGE ( 'NONE', *, *, #2923, .T. ) ;
#2285 = VERTEX_POINT ( 'NONE', #1505 ) ;
#2286 = SURFACE_STYLE_USAGE ( .BOTH. , #3873 ) ;
#2287 = SURFACE_STYLE_USAGE ( .BOTH. , #2624 ) ;
#2288 = ORIENTED_EDGE ( 'NONE', *, *, #110, .F. ) ;
#2289 = DIRECTION ( 'NONE',  ( 0.000000000000000000, -1.000000000000000000, 0.000000000000000000 ) ) ;
#2290 = ADVANCED_FACE ( 'NONE', ( #3104 ), #1189, .T. ) ;
#2291 = CARTESIAN_POINT ( 'NONE',  ( 1.645000000000000018, 1.000000000000000000, 0.05099999999999999672 ) ) ;
#2292 = LINE ( 'NONE', #2273, #2175 ) ;
#2293 = UNCERTAINTY_MEASURE_WITH_UNIT (LENGTH_MEASURE( 1.000000000000000082E-05 ), #643, 'distance_accuracy_value', 'NONE');
#2294 = ORIENTED_EDGE ( 'NONE', *, *, #4172, .F. ) ;
#2295 = CARTESIAN_POINT ( 'NONE',  ( -1.214999999999999858, 1.000000000000000000, 0.000000000000000000 ) ) ;
#2296 = ADVANCED_FACE ( 'NONE', ( #1849 ), #3491, .T. ) ;
#2297 = CARTESIAN_POINT ( 'NONE',  ( -1.645000000000000018, 1.399999999999999911, 0.000000000000000000 ) ) ;
#2298 = FACE_OUTER_BOUND ( 'NONE', #3982, .T. ) ;
#2299 = PRESENTATION_STYLE_ASSIGNMENT (( #3993 ) ) ;
#2300 = ORIENTED_EDGE ( 'NONE', *, *, #2741, .F. ) ;
#2301 = VECTOR ( 'NONE', #1058, 1000.000000000000000 ) ;
#2302 = ORIENTED_EDGE ( 'NONE', *, *, #2685, .F. ) ;
#2303 = DIRECTION ( 'NONE',  ( 1.000000000000000000, 0.000000000000000000, 0.000000000000000000 ) ) ;
#2304 = VECTOR ( 'NONE', #983, 1000.000000000000000 ) ;
#2305 = DIRECTION ( 'NONE',  ( 0.000000000000000000, 0.000000000000000000, 1.000000000000000000 ) ) ;
#2306 = AXIS2_PLACEMENT_3D ( 'NONE', #540, #3162, #494 ) ;
#2307 = ORIENTED_EDGE ( 'NONE', *, *, #2270, .F. ) ;
#2308 = VECTOR ( 'NONE', #61, 1000.000000000000000 ) ;
#2309 = ORIENTED_EDGE ( 'NONE', *, *, #1605, .T. ) ;
#2310 = CARTESIAN_POINT ( 'NONE',  ( 1.214999999999999858, 1.000000000000000000, 0.000000000000000000 ) ) ;
#2311 = AXIS2_PLACEMENT_3D ( 'NONE', #2009, #3559, #2271 ) ;
#2312 =( GEOMETRIC_REPRESENTATION_CONTEXT ( 3 ) GLOBAL_UNCERTAINTY_ASSIGNED_CONTEXT ( ( #3967 ) ) GLOBAL_UNIT_ASSIGNED_CONTEXT ( ( #1986, #3640, #3093 ) ) REPRESENTATION_CONTEXT ( 'NONE', 'WORKASPACE' ) );
#2313 = ORIENTED_EDGE ( 'NONE', *, *, #2250, .F. ) ;
#2314 = PRESENTATION_LAYER_ASSIGNMENT (  '', '', ( #302 ) ) ;
#2315 = AXIS2_PLACEMENT_3D ( 'NONE', #288, #4253, #669 ) ;
#2316 = PLANE ( 'NONE',  #3875 ) ;
#2317 = CARTESIAN_POINT ( 'NONE',  ( -1.364999999999999991, 1.399999999999999911, 0.000000000000000000 ) ) ;
#2318 = AXIS2_PLACEMENT_3D ( 'NONE', #319, #3626, #678 ) ;
#2319 = CARTESIAN_POINT ( 'NONE',  ( -0.3549999999999999822, 1.399999999999999911, 0.05099999999999999672 ) ) ;
#2320 = ORIENTED_EDGE ( 'NONE', *, *, #1397, .F. ) ;
#2321 = AXIS2_PLACEMENT_3D ( 'NONE', #1429, #3366, #148 ) ;
#2322 = ADVANCED_FACE ( 'NONE', ( #2783 ), #1487, .T. ) ;
#2323 = ORIENTED_EDGE ( 'NONE', *, *, #3146, .T. ) ;
#2324 = DIRECTION ( 'NONE',  ( 1.000000000000000000, 0.000000000000000000, 0.000000000000000000 ) ) ;
#2325 = DIRECTION ( 'NONE',  ( 0.000000000000000000, 0.000000000000000000, -1.000000000000000000 ) ) ;
#2326 = DIRECTION ( 'NONE',  ( 0.000000000000000000, -1.000000000000000000, 0.000000000000000000 ) ) ;
#2327 =( NAMED_UNIT ( * ) PLANE_ANGLE_UNIT ( ) SI_UNIT ( $, .RADIAN. ) );
#2328 = ORIENTED_EDGE ( 'NONE', *, *, #2831, .T. ) ;
#2329 = EDGE_CURVE ( 'NONE', #578, #479, #4056, .T. ) ;
#2330 = VERTEX_POINT ( 'NONE', #2425 ) ;
#2331 = DIRECTION ( 'NONE',  ( 0.000000000000000000, 0.000000000000000000, -1.000000000000000000 ) ) ;
#2332 = DIRECTION ( 'NONE',  ( 0.000000000000000000, 0.000000000000000000, 1.000000000000000000 ) ) ;
#2333 = EDGE_CURVE ( 'NONE', #3297, #3700, #784, .T. ) ;
#2334 = VERTEX_POINT ( 'NONE', #1871 ) ;
#2335 = ORIENTED_EDGE ( 'NONE', *, *, #2893, .F. ) ;
#2336 = AXIS2_PLACEMENT_3D ( 'NONE', #1190, #2567, #2549 ) ;
#2337 = CARTESIAN_POINT ( 'NONE',  ( 1.364999999999999991, -1.399999999999999911, 0.05099999999999999672 ) ) ;
#2338 = DIRECTION ( 'NONE',  ( 1.000000000000000000, 0.000000000000000000, 0.000000000000000000 ) ) ;
#2339 = LINE ( 'NONE', #42, #730 ) ;
#2340 = VERTEX_POINT ( 'NONE', #1212 ) ;
#2341 = ORIENTED_EDGE ( 'NONE', *, *, #1352, .F. ) ;
#2342 = CARTESIAN_POINT ( 'NONE',  ( -1.649999999999999911, -0.5050000000000000044, 0.05099999999999999672 ) ) ;
#2343 = DIRECTION ( 'NONE',  ( 0.000000000000000000, -1.000000000000000000, 0.000000000000000000 ) ) ;
#2344 = DIRECTION ( 'NONE',  ( -1.000000000000000000, 0.000000000000000000, 0.000000000000000000 ) ) ;
#2345 = EDGE_CURVE ( 'NONE', #3285, #3024, #893, .T. ) ;
#2346 = ORIENTED_EDGE ( 'NONE', *, *, #925, .T. ) ;
#2347 = EDGE_LOOP ( 'NONE', ( #1395, #2018, #629, #287 ) ) ;
#2348 = FACE_OUTER_BOUND ( 'NONE', #2679, .T. ) ;
#2349 = ADVANCED_FACE ( 'NONE', ( #4157 ), #237, .F. ) ;
#2350 = CARTESIAN_POINT ( 'NONE',  ( 0.5050000000000000044, -1.000000000000000000, 0.000000000000000000 ) ) ;
#2351 = AXIS2_PLACEMENT_3D ( 'NONE', #3422, #2456, #816 ) ;
#2352 = ORIENTED_EDGE ( 'NONE', *, *, #3226, .F. ) ;
#2353 = ORIENTED_EDGE ( 'NONE', *, *, #3925, .F. ) ;
#2354 = VECTOR ( 'NONE', #598, 1000.000000000000000 ) ;
#2355 = ADVANCED_FACE ( 'NONE', ( #2844 ), #4016, .T. ) ;
#2357 = CARTESIAN_POINT ( 'NONE',  ( 0.9349999999999999423, -1.399999999999999911, 0.05099999999999999672 ) ) ;
#2356 = FACE_OUTER_BOUND ( 'NONE', #1233, .T. ) ;
#2358 = DIRECTION ( 'NONE',  ( 0.000000000000000000, -1.000000000000000000, 0.000000000000000000 ) ) ;
#2359 = DIRECTION ( 'NONE',  ( 1.000000000000000000, 0.000000000000000000, 0.000000000000000000 ) ) ;
#2360 = VERTEX_POINT ( 'NONE', #2412 ) ;
#2361 = VERTEX_POINT ( 'NONE', #3353 ) ;
#2362 = CARTESIAN_POINT ( 'NONE',  ( -1.649999999999999911, 0.07499999999999999722, 0.05099999999999999672 ) ) ;
#2363 = CARTESIAN_POINT ( 'NONE',  ( 1.250000000000000000, 0.07499999999999999722, 0.000000000000000000 ) ) ;
#2364 = CARTESIAN_POINT ( 'NONE',  ( 1.250000000000000000, -0.5050000000000000044, 0.05099999999999999672 ) ) ;
#2365 = DIRECTION ( 'NONE',  ( -0.000000000000000000, 1.000000000000000000, 0.000000000000000000 ) ) ;
#2366 = ORIENTED_EDGE ( 'NONE', *, *, #1943, .F. ) ;
#2367 = ORIENTED_EDGE ( 'NONE', *, *, #2551, .T. ) ;
#2368 = LINE ( 'NONE', #751, #2440 ) ;
#2369 = CARTESIAN_POINT ( 'NONE',  ( -1.645000000000000018, -1.000000000000000000, 0.000000000000000000 ) ) ;
#2370 = EDGE_CURVE ( 'NONE', #3681, #3996, #2732, .T. ) ;
#2371 = ORIENTED_EDGE ( 'NONE', *, *, #1130, .T. ) ;
#2372 = VERTEX_POINT ( 'NONE', #397 ) ;
#2373 =( GEOMETRIC_REPRESENTATION_CONTEXT ( 3 ) GLOBAL_UNCERTAINTY_ASSIGNED_CONTEXT ( ( #3316 ) ) GLOBAL_UNIT_ASSIGNED_CONTEXT ( ( #1500, #1544, #2223 ) ) REPRESENTATION_CONTEXT ( 'NONE', 'WORKASPACE' ) );
#2374 = DIRECTION ( 'NONE',  ( -1.000000000000000000, 0.000000000000000000, 0.000000000000000000 ) ) ;
#2375 = AXIS2_PLACEMENT_3D ( 'NONE', #4158, #1214, #1941 ) ;
#2376 = EDGE_CURVE ( 'NONE', #1564, #3385, #3655, .T. ) ;
#2378 = CARTESIAN_POINT ( 'NONE',  ( -1.645000000000000018, -1.399999999999999911, 0.000000000000000000 ) ) ;
#2377 = PLANE ( 'NONE',  #2248 ) ;
#2379 = CARTESIAN_POINT ( 'NONE',  ( -0.9349999999999999423, 1.399999999999999911, 0.000000000000000000 ) ) ;
#2380 = AXIS2_PLACEMENT_3D ( 'NONE', #3775, #173, #2102 ) ;
#2381 = VECTOR ( 'NONE', #1335, 1000.000000000000000 ) ;
#2382 = DIRECTION ( 'NONE',  ( 0.000000000000000000, 1.000000000000000000, 0.000000000000000000 ) ) ;
#2383 = VECTOR ( 'NONE', #3301, 1000.000000000000000 ) ;
#2384 = EDGE_LOOP ( 'NONE', ( #3506, #1601, #2084, #3623 ) ) ;
#2385 = EDGE_CURVE ( 'NONE', #1179, #3308, #97, .T. ) ;
#2386 = VECTOR ( 'NONE', #2773, 1000.000000000000000 ) ;
#2387 = ORIENTED_EDGE ( 'NONE', *, *, #4124, .T. ) ;
#2388 = VECTOR ( 'NONE', #3414, 1000.000000000000000 ) ;
#2389 = CARTESIAN_POINT ( 'NONE',  ( -0.5050000000000000044, -1.000000000000000000, 0.000000000000000000 ) ) ;
#2390 = CARTESIAN_POINT ( 'NONE',  ( 1.750000000000000000, 1.500000000000000000, 0.05099999999999999672 ) ) ;
#2391 = FACE_OUTER_BOUND ( 'NONE', #1661, .T. ) ;
#2392 = CARTESIAN_POINT ( 'NONE',  ( 1.645000000000000018, 1.000000000000000000, 0.05099999999999999672 ) ) ;
#2393 = PLANE ( 'NONE',  #2602 ) ;
#2394 = ORIENTED_EDGE ( 'NONE', *, *, #3045, .T. ) ;
#2395 = ORIENTED_EDGE ( 'NONE', *, *, #1672, .F. ) ;
#2396 = CARTESIAN_POINT ( 'NONE',  ( 1.364999999999999991, -1.000000000000000000, 0.000000000000000000 ) ) ;
#2397 = LINE ( 'NONE', #3306, #698 ) ;
#2398 = ORIENTED_EDGE ( 'NONE', *, *, #421, .F. ) ;
#2399 = EDGE_CURVE ( 'NONE', #3729, #4013, #3025, .T. ) ;
#2401 = DIRECTION ( 'NONE',  ( 0.000000000000000000, 0.000000000000000000, 1.000000000000000000 ) ) ;
#2400 = DIRECTION ( 'NONE',  ( 0.000000000000000000, -1.000000000000000000, 0.000000000000000000 ) ) ;
#2402 = CARTESIAN_POINT ( 'NONE',  ( -0.07499999999999999722, 1.000000000000000000, 0.05099999999999999672 ) ) ;
#2403 = EDGE_CURVE ( 'NONE', #1696, #3934, #1372, .T. ) ;
#2404 = VERTEX_POINT ( 'NONE', #3376 ) ;
#2405 = PLANE ( 'NONE',  #2982 ) ;
#2406 = LINE ( 'NONE', #3280, #718 ) ;
#2407 = DIRECTION ( 'NONE',  ( 0.000000000000000000, 0.000000000000000000, -1.000000000000000000 ) ) ;
#2408 = DIRECTION ( 'NONE',  ( 0.000000000000000000, 0.000000000000000000, -1.000000000000000000 ) ) ;
#2409 = EDGE_CURVE ( 'NONE', #1696, #2875, #2087, .T. ) ;
#2410 = ORIENTED_EDGE ( 'NONE', *, *, #217, .F. ) ;
#2411 = ORIENTED_EDGE ( 'NONE', *, *, #736, .F. ) ;
#2412 = CARTESIAN_POINT ( 'NONE',  ( 1.649999999999999911, -0.5050000000000000044, 0.000000000000000000 ) ) ;
#2413 = SURFACE_STYLE_FILL_AREA ( #2751 ) ;
#2414 = PLANE ( 'NONE',  #2351 ) ;
#2415 = ORIENTED_EDGE ( 'NONE', *, *, #2630, .F. ) ;
#2416 = SURFACE_STYLE_USAGE ( .BOTH. , #2134 ) ;
#2417 = VECTOR ( 'NONE', #3885, 1000.000000000000000 ) ;
#2418 = DIRECTION ( 'NONE',  ( 0.000000000000000000, 0.000000000000000000, -1.000000000000000000 ) ) ;
#2419 = CARTESIAN_POINT ( 'NONE',  ( 1.750000000000000000, 1.500000000000000000, 1.650999999999999801 ) ) ;
#2420 = ORIENTED_EDGE ( 'NONE', *, *, #3206, .T. ) ;
#2421 = EDGE_CURVE ( 'NONE', #2458, #1018, #2368, .T. ) ;
#2422 = LINE ( 'NONE', #3101, #1548 ) ;
#2423 = CARTESIAN_POINT ( 'NONE',  ( -1.649999999999999911, -0.3549999999999999822, 0.05099999999999999672 ) ) ;
#2424 = CARTESIAN_POINT ( 'NONE',  ( -0.5050000000000000044, 1.000000000000000000, 0.05099999999999999672 ) ) ;
#2425 = CARTESIAN_POINT ( 'NONE',  ( 0.3549999999999999822, -1.399999999999999911, 0.000000000000000000 ) ) ;
#2426 =( NAMED_UNIT ( * ) SI_UNIT ( $, .STERADIAN. ) SOLID_ANGLE_UNIT ( ) );
#2427 = VERTEX_POINT ( 'NONE', #728 ) ;
#2428 = EDGE_CURVE ( 'NONE', #2153, #3509, #1729, .T. ) ;
#2429 = ORIENTED_EDGE ( 'NONE', *, *, #81, .T. ) ;
#2430 = DIRECTION ( 'NONE',  ( 0.000000000000000000, 0.000000000000000000, 1.000000000000000000 ) ) ;
#2431 = EDGE_CURVE ( 'NONE', #1907, #1942, #2979, .T. ) ;
#2432 = ORIENTED_EDGE ( 'NONE', *, *, #1655, .T. ) ;
#2433 = CARTESIAN_POINT ( 'NONE',  ( 0.9349999999999999423, 1.000000000000000000, 0.000000000000000000 ) ) ;
#2434 = AXIS2_PLACEMENT_3D ( 'NONE', #3805, #3460, #2137 ) ;
#2436 = CARTESIAN_POINT ( 'NONE',  ( -0.07499999999999999722, -1.000000000000000000, 0.05099999999999999672 ) ) ;
#2435 = DIRECTION ( 'NONE',  ( 1.000000000000000000, 0.000000000000000000, 0.000000000000000000 ) ) ;
#2437 = DIRECTION ( 'NONE',  ( -0.000000000000000000, 1.000000000000000000, 0.000000000000000000 ) ) ;
#2438 = VECTOR ( 'NONE', #2452, 1000.000000000000000 ) ;
#2439 = ORIENTED_EDGE ( 'NONE', *, *, #1122, .F. ) ;
#2440 = VECTOR ( 'NONE', #1668, 1000.000000000000000 ) ;
#2441 = AXIS2_PLACEMENT_3D ( 'NONE', #1380, #3600, #2055 ) ;
#2442 = FACE_OUTER_BOUND ( 'NONE', #1117, .T. ) ;
#2443 = LINE ( 'NONE', #516, #2721 ) ;
#2444 = VECTOR ( 'NONE', #2279, 1000.000000000000000 ) ;
#2445 = DIRECTION ( 'NONE',  ( 0.000000000000000000, 0.000000000000000000, -1.000000000000000000 ) ) ;
#2446 = CARTESIAN_POINT ( 'NONE',  ( 0.3549999999999999822, -1.000000000000000000, 0.000000000000000000 ) ) ;
#2447 = ORIENTED_EDGE ( 'NONE', *, *, #3447, .T. ) ;
#2448 = EDGE_CURVE ( 'NONE', #1222, #3205, #3327, .T. ) ;
#2449 = AXIS2_PLACEMENT_3D ( 'NONE', #10, #59, #2052 ) ;
#2450 = VECTOR ( 'NONE', #1409, 1000.000000000000000 ) ;
#2451 = ORIENTED_EDGE ( 'NONE', *, *, #1751, .T. ) ;
#2452 = DIRECTION ( 'NONE',  ( 0.000000000000000000, 0.000000000000000000, -1.000000000000000000 ) ) ;
#2453 = STYLED_ITEM ( 'NONE', ( #1498 ), #1962 ) ;
#2454 = DIRECTION ( 'NONE',  ( 0.000000000000000000, 1.000000000000000000, 0.000000000000000000 ) ) ;
#2455 = MECHANICAL_DESIGN_GEOMETRIC_PRESENTATION_REPRESENTATION (  '', ( #2660 ), #4233 ) ;
#2456 = DIRECTION ( 'NONE',  ( -0.000000000000000000, 1.000000000000000000, 0.000000000000000000 ) ) ;
#2457 = EDGE_CURVE ( 'NONE', #2874, #4077, #1094, .T. ) ;
#2458 = VERTEX_POINT ( 'NONE', #2048 ) ;
#2459 = EDGE_CURVE ( 'NONE', #3645, #58, #350, .T. ) ;
#2460 = DIRECTION ( 'NONE',  ( 0.000000000000000000, 0.000000000000000000, -1.000000000000000000 ) ) ;
#2461 = ORIENTED_EDGE ( 'NONE', *, *, #72, .T. ) ;
#2462 = CARTESIAN_POINT ( 'NONE',  ( 0.9349999999999999423, 1.399999999999999911, 0.000000000000000000 ) ) ;
#2463 = CARTESIAN_POINT ( 'NONE',  ( 0.07499999999999999722, -1.399999999999999911, 0.000000000000000000 ) ) ;
#2464 = DIRECTION ( 'NONE',  ( 1.000000000000000000, 0.000000000000000000, 0.000000000000000000 ) ) ;
#2465 = LINE ( 'NONE', #828, #2847 ) ;
#2466 = PRODUCT_DEFINITION_CONTEXT ( 'detailed design', #1024, 'design' ) ;
#2467 = ORIENTED_EDGE ( 'NONE', *, *, #740, .T. ) ;
#2468 = EDGE_LOOP ( 'NONE', ( #686, #2129, #1829, #656 ) ) ;
#2469 = LINE ( 'NONE', #1855, #161 ) ;
#2470 = LINE ( 'NONE', #1097, #2690 ) ;
#2471 = VERTEX_POINT ( 'NONE', #122 ) ;
#2472 = ADVANCED_FACE ( 'NONE', ( #30 ), #75, .T. ) ;
#2473 =( NAMED_UNIT ( * ) SI_UNIT ( $, .STERADIAN. ) SOLID_ANGLE_UNIT ( ) );
#2474 = EDGE_CURVE ( 'NONE', #426, #786, #1015, .T. ) ;
#2475 = LINE ( 'NONE', #2155, #1603 ) ;
#2476 = DIRECTION ( 'NONE',  ( 0.000000000000000000, 0.000000000000000000, -1.000000000000000000 ) ) ;
#2477 = ORIENTED_EDGE ( 'NONE', *, *, #3919, .T. ) ;
#2478 = VECTOR ( 'NONE', #3110, 1000.000000000000000 ) ;
#2479 = CARTESIAN_POINT ( 'NONE',  ( -1.250000000000000000, -0.5050000000000000044, 0.05099999999999999672 ) ) ;
#2480 = DIRECTION ( 'NONE',  ( -0.000000000000000000, 1.000000000000000000, 0.000000000000000000 ) ) ;
#2481 = VECTOR ( 'NONE', #773, 1000.000000000000000 ) ;
#2482 = DIRECTION ( 'NONE',  ( 0.000000000000000000, 0.000000000000000000, -1.000000000000000000 ) ) ;
#2483 = CARTESIAN_POINT ( 'NONE',  ( -0.07499999999999999722, -1.000000000000000000, 0.000000000000000000 ) ) ;
#2484 = SURFACE_STYLE_FILL_AREA ( #1091 ) ;
#2485 = VERTEX_POINT ( 'NONE', #3978 ) ;
#2486 = DIRECTION ( 'NONE',  ( 0.000000000000000000, 0.000000000000000000, 1.000000000000000000 ) ) ;
#2487 = DIRECTION ( 'NONE',  ( 0.000000000000000000, 0.000000000000000000, 1.000000000000000000 ) ) ;
#2488 = DIRECTION ( 'NONE',  ( 1.000000000000000000, 0.000000000000000000, 0.000000000000000000 ) ) ;
#2489 = DIRECTION ( 'NONE',  ( 1.000000000000000000, 0.000000000000000000, 0.000000000000000000 ) ) ;
#2490 = CARTESIAN_POINT ( 'NONE',  ( -0.07499999999999999722, 1.000000000000000000, 0.05099999999999999672 ) ) ;
#2491 = EDGE_LOOP ( 'NONE', ( #2618, #2024, #3788, #3069 ) ) ;
#2492 = CARTESIAN_POINT ( 'NONE',  ( 0.5050000000000000044, 1.000000000000000000, 0.000000000000000000 ) ) ;
#2493 = ADVANCED_FACE ( 'NONE', ( #1052 ), #1353, .T. ) ;
#2494 = ORIENTED_EDGE ( 'NONE', *, *, #2662, .T. ) ;
#2495 = DIRECTION ( 'NONE',  ( 0.000000000000000000, 0.000000000000000000, -1.000000000000000000 ) ) ;
#2496 = EDGE_LOOP ( 'NONE', ( #1791, #64, #577, #2432 ) ) ;
#2497 = ADVANCED_FACE ( 'NONE', ( #2348 ), #2708, .T. ) ;
#2498 = STYLED_ITEM ( 'NONE', ( #2904 ), #3358 ) ;
#2499 = CARTESIAN_POINT ( 'NONE',  ( 0.7850000000000000311, -1.399999999999999911, 0.000000000000000000 ) ) ;
#2500 = PLANE ( 'NONE',  #104 ) ;
#2501 = VECTOR ( 'NONE', #1435, 1000.000000000000000 ) ;
#2502 = CARTESIAN_POINT ( 'NONE',  ( 1.645000000000000018, -1.399999999999999911, 0.05099999999999999672 ) ) ;
#2503 = CARTESIAN_POINT ( 'NONE',  ( -0.9349999999999999423, -1.399999999999999911, 0.05099999999999999672 ) ) ;
#2504 = CARTESIAN_POINT ( 'NONE',  ( 0.9349999999999999423, 1.399999999999999911, 0.05099999999999999672 ) ) ;
#2505 = ORIENTED_EDGE ( 'NONE', *, *, #2625, .T. ) ;
#2506 = ADVANCED_FACE ( 'NONE', ( #3989 ), #3251, .T. ) ;
#2507 = AXIS2_PLACEMENT_3D ( 'NONE', #2483, #3415, #208 ) ;
#2508 = AXIS2_PLACEMENT_3D ( 'NONE', #3167, #2511, #814 ) ;
#2509 = CARTESIAN_POINT ( 'NONE',  ( -1.645000000000000018, -1.399999999999999911, 0.000000000000000000 ) ) ;
#2510 = LINE ( 'NONE', #3824, #3070 ) ;
#2511 = DIRECTION ( 'NONE',  ( 0.000000000000000000, -1.000000000000000000, 0.000000000000000000 ) ) ;
#2512 = VECTOR ( 'NONE', #3813, 1000.000000000000000 ) ;
#2513 = AXIS2_PLACEMENT_3D ( 'NONE', #1523, #14, #2358 ) ;
#2514 = VERTEX_POINT ( 'NONE', #4225 ) ;
#2515 = VECTOR ( 'NONE', #1697, 1000.000000000000000 ) ;
#2516 = VECTOR ( 'NONE', #539, 1000.000000000000000 ) ;
#2517 = ORIENTED_EDGE ( 'NONE', *, *, #1160, .F. ) ;
#2518 = VECTOR ( 'NONE', #2619, 1000.000000000000000 ) ;
#2519 = AXIS2_PLACEMENT_3D ( 'NONE', #3338, #1736, #1717 ) ;
#2520 = EDGE_LOOP ( 'NONE', ( #1063, #1044, #4241, #3937 ) ) ;
#2521 = CARTESIAN_POINT ( 'NONE',  ( -1.214999999999999858, 1.399999999999999911, 0.05099999999999999672 ) ) ;
#2522 = ADVANCED_FACE ( 'NONE', ( #21 ), #963, .T. ) ;
#2523 = CARTESIAN_POINT ( 'NONE',  ( 1.364999999999999991, 1.000000000000000000, 0.000000000000000000 ) ) ;
#2524 = EDGE_LOOP ( 'NONE', ( #2395, #3088, #1720, #44 ) ) ;
#2525 = CARTESIAN_POINT ( 'NONE',  ( 1.649999999999999911, -0.07499999999999999722, 0.05099999999999999672 ) ) ;
#2526 = EDGE_CURVE ( 'NONE', #2860, #2360, #3279, .T. ) ;
#2527 = CARTESIAN_POINT ( 'NONE',  ( 0.5050000000000000044, -1.399999999999999911, 0.000000000000000000 ) ) ;
#2528 = CARTESIAN_POINT ( 'NONE',  ( -1.250000000000000000, 0.3549999999999999822, 0.000000000000000000 ) ) ;
#2529 = CARTESIAN_POINT ( 'NONE',  ( -0.7850000000000000311, 1.399999999999999911, 0.000000000000000000 ) ) ;
#2530 = ORIENTED_EDGE ( 'NONE', *, *, #383, .T. ) ;
#2531 = CARTESIAN_POINT ( 'NONE',  ( 1.364999999999999991, -1.399999999999999911, 0.000000000000000000 ) ) ;
#2532 = DIRECTION ( 'NONE',  ( -1.000000000000000000, 0.000000000000000000, 0.000000000000000000 ) ) ;
#2533 = EDGE_CURVE ( 'NONE', #3516, #3674, #682, .T. ) ;
#2534 = LINE ( 'NONE', #1597, #364 ) ;
#2535 =( NAMED_UNIT ( * ) PLANE_ANGLE_UNIT ( ) SI_UNIT ( $, .RADIAN. ) );
#2536 = FACE_OUTER_BOUND ( 'NONE', #4119, .T. ) ;
#2537 = VERTEX_POINT ( 'NONE', #1028 ) ;
#2538 = CARTESIAN_POINT ( 'NONE',  ( 1.214999999999999858, -1.399999999999999911, 0.000000000000000000 ) ) ;
#2539 = DIRECTION ( 'NONE',  ( 0.000000000000000000, -1.000000000000000000, 0.000000000000000000 ) ) ;
#2540 = EDGE_LOOP ( 'NONE', ( #181, #4201, #1702, #555 ) ) ;
#2541 = ORIENTED_EDGE ( 'NONE', *, *, #2871, .T. ) ;
#2542 = PLANE ( 'NONE',  #1261 ) ;
#2543 = LINE ( 'NONE', #1183, #3193 ) ;
#2544 = VERTEX_POINT ( 'NONE', #2954 ) ;
#2545 = CARTESIAN_POINT ( 'NONE',  ( 1.250000000000000000, -0.5050000000000000044, 0.000000000000000000 ) ) ;
#2546 = DIRECTION ( 'NONE',  ( -1.000000000000000000, 0.000000000000000000, 0.000000000000000000 ) ) ;
#2547 = DIRECTION ( 'NONE',  ( 0.000000000000000000, 0.000000000000000000, 1.000000000000000000 ) ) ;
#2548 = CLOSED_SHELL ( 'NONE', ( #3818, #3282, #1443, #847, #438, #3105 ) ) ;
#2549 = DIRECTION ( 'NONE',  ( 0.000000000000000000, 0.000000000000000000, -1.000000000000000000 ) ) ;
#2550 = VERTEX_POINT ( 'NONE', #3607 ) ;
#2551 = EDGE_CURVE ( 'NONE', #2969, #368, #1993, .T. ) ;
#2552 = CARTESIAN_POINT ( 'NONE',  ( -1.399999999999999911, 0.6449999999999999067, 1.654000000000000137 ) ) ;
#2553 = PLANE ( 'NONE',  #2857 ) ;
#2554 = DIRECTION ( 'NONE',  ( 0.000000000000000000, 0.000000000000000000, -1.000000000000000000 ) ) ;
#2555 = FILL_AREA_STYLE_COLOUR ( '', #859 ) ;
#2556 = LINE ( 'NONE', #3589, #1042 ) ;
#2557 = EDGE_CURVE ( 'NONE', #881, #3934, #1301, .T. ) ;
#2558 = VERTEX_POINT ( 'NONE', #2594 ) ;
#2559 = DIRECTION ( 'NONE',  ( 0.000000000000000000, 1.000000000000000000, 0.000000000000000000 ) ) ;
#2560 = EDGE_CURVE ( 'NONE', #3645, #986, #2972, .T. ) ;
#2561 = ORIENTED_EDGE ( 'NONE', *, *, #3467, .F. ) ;
#2562 = PLANE ( 'NONE',  #2987 ) ;
#2563 = VERTEX_POINT ( 'NONE', #1045 ) ;
#2564 = DIRECTION ( 'NONE',  ( 1.000000000000000000, 0.000000000000000000, 0.000000000000000000 ) ) ;
#2565 = FACE_OUTER_BOUND ( 'NONE', #3950, .T. ) ;
#2566 = CARTESIAN_POINT ( 'NONE',  ( -0.3549999999999999822, -1.000000000000000000, 0.000000000000000000 ) ) ;
#2567 = DIRECTION ( 'NONE',  ( 0.000000000000000000, -1.000000000000000000, 0.000000000000000000 ) ) ;
#2568 = VERTEX_POINT ( 'NONE', #2342 ) ;
#2569 = DIRECTION ( 'NONE',  ( 1.000000000000000000, 0.000000000000000000, 0.000000000000000000 ) ) ;
#2570 = STYLED_ITEM ( 'NONE', ( #3377 ), #3335 ) ;
#2571 = DIRECTION ( 'NONE',  ( -1.000000000000000000, 0.000000000000000000, 0.000000000000000000 ) ) ;
#2572 = PLANE ( 'NONE',  #225 ) ;
#2573 = DIRECTION ( 'NONE',  ( 0.000000000000000000, 1.000000000000000000, 0.000000000000000000 ) ) ;
#2574 = EDGE_CURVE ( 'NONE', #2626, #3829, #982, .T. ) ;
#2575 = AXIS2_PLACEMENT_3D ( 'NONE', #2258, #3566, #3544 ) ;
#2576 = ORIENTED_EDGE ( 'NONE', *, *, #421, .T. ) ;
#2577 = VECTOR ( 'NONE', #3926, 1000.000000000000000 ) ;
#2578 = VECTOR ( 'NONE', #2701, 1000.000000000000000 ) ;
#2579 = CARTESIAN_POINT ( 'NONE',  ( -1.250000000000000000, 0.3549999999999999822, 0.000000000000000000 ) ) ;
#2580 = ADVANCED_FACE ( 'NONE', ( #1620 ), #3646, .T. ) ;
#2581 = LINE ( 'NONE', #2902, #4217 ) ;
#2582 = VECTOR ( 'NONE', #2476, 1000.000000000000000 ) ;
#2583 = AXIS2_PLACEMENT_3D ( 'NONE', #4110, #1552, #3792 ) ;
#2584 = ORIENTED_EDGE ( 'NONE', *, *, #636, .F. ) ;
#2585 = EDGE_CURVE ( 'NONE', #2740, #666, #365, .T. ) ;
#2586 = STYLED_ITEM ( 'NONE', ( #531 ), #1974 ) ;
#2587 = ORIENTED_EDGE ( 'NONE', *, *, #3424, .F. ) ;
#2588 = DIRECTION ( 'NONE',  ( 0.000000000000000000, 0.000000000000000000, 1.000000000000000000 ) ) ;
#2589 = LINE ( 'NONE', #626, #3680 ) ;
#2590 = CARTESIAN_POINT ( 'NONE',  ( 1.364999999999999991, -1.399999999999999911, 0.000000000000000000 ) ) ;
#2591 = UNCERTAINTY_MEASURE_WITH_UNIT (LENGTH_MEASURE( 1.000000000000000082E-05 ), #4044, 'distance_accuracy_value', 'NONE');
#2592 = DIRECTION ( 'NONE',  ( 1.000000000000000000, 0.000000000000000000, 0.000000000000000000 ) ) ;
#2593 = ORIENTED_EDGE ( 'NONE', *, *, #869, .F. ) ;
#2594 = CARTESIAN_POINT ( 'NONE',  ( -0.9349999999999999423, -1.399999999999999911, 0.000000000000000000 ) ) ;
#2595 = CARTESIAN_POINT ( 'NONE',  ( 1.645000000000000018, -1.399999999999999911, 0.000000000000000000 ) ) ;
#2596 =( LENGTH_UNIT ( ) NAMED_UNIT ( * ) SI_UNIT ( .MILLI., .METRE. ) );
#2597 = DIRECTION ( 'NONE',  ( 1.000000000000000000, 0.000000000000000000, 0.000000000000000000 ) ) ;
#2598 = ORIENTED_EDGE ( 'NONE', *, *, #1450, .F. ) ;
#2599 = DIRECTION ( 'NONE',  ( 0.000000000000000000, 0.000000000000000000, 1.000000000000000000 ) ) ;
#2600 = LINE ( 'NONE', #1628, #94 ) ;
#2601 = EDGE_CURVE ( 'NONE', #3996, #2558, #658, .T. ) ;
#2602 = AXIS2_PLACEMENT_3D ( 'NONE', #3735, #153, #766 ) ;
#2603 = ORIENTED_EDGE ( 'NONE', *, *, #4202, .T. ) ;
#2604 = ORIENTED_EDGE ( 'NONE', *, *, #203, .F. ) ;
#2605 = PRESENTATION_STYLE_ASSIGNMENT (( #1292 ) ) ;
#2606 = ORIENTED_EDGE ( 'NONE', *, *, #3770, .F. ) ;
#2607 = EDGE_CURVE ( 'NONE', #1033, #3897, #2041, .T. ) ;
#2608 = CARTESIAN_POINT ( 'NONE',  ( 0.07499999999999999722, 1.000000000000000000, 0.000000000000000000 ) ) ;
#2609 = CARTESIAN_POINT ( 'NONE',  ( 0.5050000000000000044, 1.000000000000000000, 0.000000000000000000 ) ) ;
#2610 = DIRECTION ( 'NONE',  ( 0.000000000000000000, 0.000000000000000000, 1.000000000000000000 ) ) ;
#2611 = ORIENTED_EDGE ( 'NONE', *, *, #1866, .F. ) ;
#2612 = DIRECTION ( 'NONE',  ( 0.000000000000000000, -1.000000000000000000, 0.000000000000000000 ) ) ;
#2613 = DIRECTION ( 'NONE',  ( 0.000000000000000000, 0.000000000000000000, -1.000000000000000000 ) ) ;
#2614 = CARTESIAN_POINT ( 'NONE',  ( 1.250000000000000000, -0.07499999999999999722, 0.05099999999999999672 ) ) ;
#2615 = PLANE ( 'NONE',  #3010 ) ;
#2616 = ORIENTED_EDGE ( 'NONE', *, *, #1943, .T. ) ;
#2617 = CLOSED_SHELL ( 'NONE', ( #416, #2296, #1803, #3401, #2054, #1294 ) ) ;
#2618 = ORIENTED_EDGE ( 'NONE', *, *, #2893, .T. ) ;
#2619 = DIRECTION ( 'NONE',  ( 0.000000000000000000, -1.000000000000000000, 0.000000000000000000 ) ) ;
#2620 = FACE_OUTER_BOUND ( 'NONE', #2678, .T. ) ;
#2621 = EDGE_LOOP ( 'NONE', ( #4143, #1355, #3224, #1050 ) ) ;
#2622 = EDGE_LOOP ( 'NONE', ( #2313, #1771, #2775, #2867 ) ) ;
#2623 =( NAMED_UNIT ( * ) PLANE_ANGLE_UNIT ( ) SI_UNIT ( $, .RADIAN. ) );
#2624 = SURFACE_SIDE_STYLE ('',( #3917 ) ) ;
#2625 = EDGE_CURVE ( 'NONE', #786, #2740, #1686, .T. ) ;
#2626 = VERTEX_POINT ( 'NONE', #1641 ) ;
#2627 = CARTESIAN_POINT ( 'NONE',  ( -1.250000000000000000, -0.3549999999999999822, 0.000000000000000000 ) ) ;
#2628 = DIRECTION ( 'NONE',  ( 0.000000000000000000, 1.000000000000000000, 0.000000000000000000 ) ) ;
#2629 = PLANE ( 'NONE',  #1343 ) ;
#2630 = EDGE_CURVE ( 'NONE', #907, #2863, #2998, .T. ) ;
#2631 = UNCERTAINTY_MEASURE_WITH_UNIT (LENGTH_MEASURE( 1.000000000000000082E-05 ), #1583, 'distance_accuracy_value', 'NONE');
#2632 = ORIENTED_EDGE ( 'NONE', *, *, #768, .F. ) ;
#2633 = EDGE_LOOP ( 'NONE', ( #1496, #2929, #2165, #3345 ) ) ;
#2634 = CARTESIAN_POINT ( 'NONE',  ( 1.649999999999999911, -0.7850000000000000311, 0.000000000000000000 ) ) ;
#2635 = DIRECTION ( 'NONE',  ( -1.000000000000000000, 0.000000000000000000, 0.000000000000000000 ) ) ;
#2636 = LINE ( 'NONE', #3587, #4155 ) ;
#2637 = ADVANCED_FACE ( 'NONE', ( #1322 ), #2911, .T. ) ;
#2638 =( NAMED_UNIT ( * ) SI_UNIT ( $, .STERADIAN. ) SOLID_ANGLE_UNIT ( ) );
#2639 = ORIENTED_EDGE ( 'NONE', *, *, #4255, .T. ) ;
#2640 = COLOUR_RGB ( '',0.7215686274509803821, 0.7215686274509803821, 0.7215686274509803821 ) ;
#2641 = ORIENTED_EDGE ( 'NONE', *, *, #286, .T. ) ;
#2642 = CARTESIAN_POINT ( 'NONE',  ( 1.250000000000000000, -0.7850000000000000311, 0.000000000000000000 ) ) ;
#2643 = VECTOR ( 'NONE', #940, 1000.000000000000000 ) ;
#2644 = LINE ( 'NONE', #77, #619 ) ;
#2645 = VECTOR ( 'NONE', #1416, 1000.000000000000000 ) ;
#2646 = ORIENTED_EDGE ( 'NONE', *, *, #452, .T. ) ;
#2647 = VECTOR ( 'NONE', #3340, 1000.000000000000000 ) ;
#2648 = VERTEX_POINT ( 'NONE', #1006 ) ;
#2649 = AXIS2_PLACEMENT_3D ( 'NONE', #1905, #2913, #3910 ) ;
#2650 = COLOUR_RGB ( '',0.7215686274509803821, 0.7215686274509803821, 0.7215686274509803821 ) ;
#2651 = COLOUR_RGB ( '',0.5843137254901961120, 0.5843137254901961120, 0.5843137254901961120 ) ;
#2652 = EDGE_CURVE ( 'NONE', #3897, #2964, #1743, .T. ) ;
#2653 = PRESENTATION_LAYER_ASSIGNMENT (  '', '', ( #1619 ) ) ;
#2654 = LINE ( 'NONE', #337, #2852 ) ;
#2655 = DIRECTION ( 'NONE',  ( -1.000000000000000000, 0.000000000000000000, 0.000000000000000000 ) ) ;
#2656 = AXIS2_PLACEMENT_3D ( 'NONE', #1557, #898, #2487 ) ;
#2657 = CARTESIAN_POINT ( 'NONE',  ( -1.250000000000000000, -0.5050000000000000044, 0.05099999999999999672 ) ) ;
#2658 = VERTEX_POINT ( 'NONE', #2060 ) ;
#2659 = VECTOR ( 'NONE', #373, 1000.000000000000000 ) ;
#2660 = STYLED_ITEM ( 'NONE', ( #3053 ), #1968 ) ;
#2661 = ORIENTED_EDGE ( 'NONE', *, *, #4160, .F. ) ;
#2662 = EDGE_CURVE ( 'NONE', #3694, #4138, #3713, .T. ) ;
#2663 = DIRECTION ( 'NONE',  ( -1.000000000000000000, 0.000000000000000000, 0.000000000000000000 ) ) ;
#2664 = CARTESIAN_POINT ( 'NONE',  ( -0.7850000000000000311, 1.000000000000000000, 0.000000000000000000 ) ) ;
#2665 = CARTESIAN_POINT ( 'NONE',  ( 1.364999999999999991, 1.399999999999999911, 0.05099999999999999672 ) ) ;
#2666 =( NAMED_UNIT ( * ) PLANE_ANGLE_UNIT ( ) SI_UNIT ( $, .RADIAN. ) );
#2667 = ORIENTED_EDGE ( 'NONE', *, *, #1727, .T. ) ;
#2668 = ADVANCED_FACE ( 'NONE', ( #3063 ), #2759, .T. ) ;
#2669 = VERTEX_POINT ( 'NONE', #2700 ) ;
#2670 = CARTESIAN_POINT ( 'NONE',  ( 0.7850000000000000311, 1.399999999999999911, 0.000000000000000000 ) ) ;
#2671 = CARTESIAN_POINT ( 'NONE',  ( -1.250000000000000000, 0.5050000000000000044, 0.05099999999999999672 ) ) ;
#2672 = ORIENTED_EDGE ( 'NONE', *, *, #4151, .T. ) ;
#2673 = ORIENTED_EDGE ( 'NONE', *, *, #636, .T. ) ;
#2674 = LINE ( 'NONE', #3938, #2918 ) ;
#2675 = LINE ( 'NONE', #4005, #505 ) ;
#2676 = DIRECTION ( 'NONE',  ( 0.000000000000000000, 0.000000000000000000, -1.000000000000000000 ) ) ;
#2677 = UNCERTAINTY_MEASURE_WITH_UNIT (LENGTH_MEASURE( 1.000000000000000082E-05 ), #3595, 'distance_accuracy_value', 'NONE');
#2678 = EDGE_LOOP ( 'NONE', ( #4213, #2494, #1224, #3435 ) ) ;
#2679 = EDGE_LOOP ( 'NONE', ( #952, #2158, #1732, #599 ) ) ;
#2680 = DIRECTION ( 'NONE',  ( 1.000000000000000000, 0.000000000000000000, 0.000000000000000000 ) ) ;
#2681 = DIRECTION ( 'NONE',  ( 0.000000000000000000, 1.000000000000000000, 0.000000000000000000 ) ) ;
#2682 = CARTESIAN_POINT ( 'NONE',  ( -1.649999999999999911, 0.7850000000000000311, 0.05099999999999999672 ) ) ;
#2683 = FILL_AREA_STYLE_COLOUR ( '', #2806 ) ;
#2684 = ORIENTED_EDGE ( 'NONE', *, *, #198, .F. ) ;
#2685 = EDGE_CURVE ( 'NONE', #1093, #3611, #4009, .T. ) ;
#2686 = ORIENTED_EDGE ( 'NONE', *, *, #467, .T. ) ;
#2687 = CARTESIAN_POINT ( 'NONE',  ( 1.649999999999999911, -0.3549999999999999822, 0.05099999999999999672 ) ) ;
#2688 = DIRECTION ( 'NONE',  ( 0.000000000000000000, -1.000000000000000000, 0.000000000000000000 ) ) ;
#2689 = ADVANCED_FACE ( 'NONE', ( #743 ), #3731, .T. ) ;
#2690 = VECTOR ( 'NONE', #3780, 1000.000000000000000 ) ;
#2691 = ORIENTED_EDGE ( 'NONE', *, *, #896, .T. ) ;
#2692 = VERTEX_POINT ( 'NONE', #1705 ) ;
#2693 = EDGE_CURVE ( 'NONE', #3679, #603, #1384, .T. ) ;
#2695 = LINE ( 'NONE', #2053, #2232 ) ;
#2694 = SURFACE_STYLE_FILL_AREA ( #2075 ) ;
#2696 = LINE ( 'NONE', #2379, #1742 ) ;
#2697 = CARTESIAN_POINT ( 'NONE',  ( -1.645000000000000018, 1.000000000000000000, 0.05099999999999999672 ) ) ;
#2698 = ORIENTED_EDGE ( 'NONE', *, *, #1623, .F. ) ;
#2699 = VERTEX_POINT ( 'NONE', #1123 ) ;
#2700 = CARTESIAN_POINT ( 'NONE',  ( -1.364999999999999991, -1.399999999999999911, 0.05099999999999999672 ) ) ;
#2701 = DIRECTION ( 'NONE',  ( 0.000000000000000000, 1.000000000000000000, 0.000000000000000000 ) ) ;
#2702 = CARTESIAN_POINT ( 'NONE',  ( 1.250000000000000000, 0.5050000000000000044, 0.05099999999999999672 ) ) ;
#2703 = LINE ( 'NONE', #2262, #1893 ) ;
#2704 = CARTESIAN_POINT ( 'NONE',  ( 1.649999999999999911, 0.3549999999999999822, 0.000000000000000000 ) ) ;
#2705 = ORIENTED_EDGE ( 'NONE', *, *, #3426, .T. ) ;
#2706 = ORIENTED_EDGE ( 'NONE', *, *, #2685, .T. ) ;
#2707 = ADVANCED_FACE ( 'NONE', ( #2442 ), #3017, .T. ) ;
#2708 = PLANE ( 'NONE',  #1881 ) ;
#2709 = SURFACE_STYLE_USAGE ( .BOTH. , #1565 ) ;
#2710 = DIRECTION ( 'NONE',  ( 0.000000000000000000, -1.000000000000000000, 0.000000000000000000 ) ) ;
#2711 = EDGE_LOOP ( 'NONE', ( #1910, #1874, #536, #2749 ) ) ;
#2712 = ADVANCED_FACE ( 'NONE', ( #1105 ), #1785, .T. ) ;
#2713 =( GEOMETRIC_REPRESENTATION_CONTEXT ( 3 ) GLOBAL_UNCERTAINTY_ASSIGNED_CONTEXT ( ( #43 ) ) GLOBAL_UNIT_ASSIGNED_CONTEXT ( ( #76, #1932, #1609 ) ) REPRESENTATION_CONTEXT ( 'NONE', 'WORKASPACE' ) );
#2714 = CARTESIAN_POINT ( 'NONE',  ( -0.7850000000000000311, 1.000000000000000000, 0.000000000000000000 ) ) ;
#2715 = VECTOR ( 'NONE', #2922, 1000.000000000000000 ) ;
#2716 = EDGE_CURVE ( 'NONE', #3355, #144, #133, .T. ) ;
#2718 = DIRECTION ( 'NONE',  ( 0.000000000000000000, 0.000000000000000000, -1.000000000000000000 ) ) ;
#2717 = CARTESIAN_POINT ( 'NONE',  ( -0.3549999999999999822, -1.399999999999999911, 0.000000000000000000 ) ) ;
#2719 = CARTESIAN_POINT ( 'NONE',  ( -1.250000000000000000, 0.5050000000000000044, 0.000000000000000000 ) ) ;
#2720 = VECTOR ( 'NONE', #2142, 1000.000000000000000 ) ;
#2721 = VECTOR ( 'NONE', #1485, 1000.000000000000000 ) ;
#2722 = ORIENTED_EDGE ( 'NONE', *, *, #1879, .T. ) ;
#2723 = STYLED_ITEM ( 'NONE', ( #1653 ), #1904 ) ;
#2724 = EDGE_LOOP ( 'NONE', ( #1540, #3117, #1389, #361 ) ) ;
#2725 = VECTOR ( 'NONE', #4262, 1000.000000000000000 ) ;
#2726 = DIRECTION ( 'NONE',  ( 1.000000000000000000, 0.000000000000000000, 0.000000000000000000 ) ) ;
#2727 = LINE ( 'NONE', #2015, #1332 ) ;
#2728 = LINE ( 'NONE', #2082, #798 ) ;
#2729 = LINE ( 'NONE', #3040, #2518 ) ;
#2730 = ORIENTED_EDGE ( 'NONE', *, *, #975, .F. ) ;
#2731 = ORIENTED_EDGE ( 'NONE', *, *, #2037, .T. ) ;
#2732 = LINE ( 'NONE', #3675, #3330 ) ;
#2733 = CARTESIAN_POINT ( 'NONE',  ( -0.07499999999999999722, -1.399999999999999911, 0.05099999999999999672 ) ) ;
#2734 = DIRECTION ( 'NONE',  ( 0.000000000000000000, 1.000000000000000000, 0.000000000000000000 ) ) ;
#2735 = VERTEX_POINT ( 'NONE', #2389 ) ;
#2736 = EDGE_CURVE ( 'NONE', #3760, #1033, #2422, .T. ) ;
#2738 = CARTESIAN_POINT ( 'NONE',  ( -0.7850000000000000311, 1.399999999999999911, 0.05099999999999999672 ) ) ;
#2737 =( NAMED_UNIT ( * ) PLANE_ANGLE_UNIT ( ) SI_UNIT ( $, .RADIAN. ) );
#2739 = CARTESIAN_POINT ( 'NONE',  ( -1.250000000000000000, -0.07499999999999999722, 0.05099999999999999672 ) ) ;
#2740 = VERTEX_POINT ( 'NONE', #1147 ) ;
#2741 = EDGE_CURVE ( 'NONE', #3988, #2458, #409, .T. ) ;
#2742 = MECHANICAL_DESIGN_GEOMETRIC_PRESENTATION_REPRESENTATION (  '', ( #2194 ), #1772 ) ;
#2743 = DIRECTION ( 'NONE',  ( -1.000000000000000000, 0.000000000000000000, 0.000000000000000000 ) ) ;
#2744 = DIRECTION ( 'NONE',  ( -0.000000000000000000, 1.000000000000000000, 0.000000000000000000 ) ) ;
#2745 = CARTESIAN_POINT ( 'NONE',  ( 1.214999999999999858, -1.399999999999999911, 0.05099999999999999672 ) ) ;
#2746 = CARTESIAN_POINT ( 'NONE',  ( 1.364999999999999991, 1.000000000000000000, 0.000000000000000000 ) ) ;
#2747 = FILL_AREA_STYLE_COLOUR ( '', #4048 ) ;
#2748 = ORIENTED_EDGE ( 'NONE', *, *, #2409, .F. ) ;
#2749 = ORIENTED_EDGE ( 'NONE', *, *, #4070, .T. ) ;
#2750 = CARTESIAN_POINT ( 'NONE',  ( -1.250000000000000000, -0.07499999999999999722, 0.05099999999999999672 ) ) ;
#2751 = FILL_AREA_STYLE ('',( #4043 ) ) ;
#2752 = ORIENTED_EDGE ( 'NONE', *, *, #2601, .F. ) ;
#2753 = FILL_AREA_STYLE ('',( #776 ) ) ;
#2754 = CLOSED_SHELL ( 'NONE', ( #2506, #489, #3871, #787, #3336, #3056 ) ) ;
#2755 = LINE ( 'NONE', #3011, #3942 ) ;
#2756 = EDGE_CURVE ( 'NONE', #699, #1179, #1722, .T. ) ;
#2757 = DIRECTION ( 'NONE',  ( 1.000000000000000000, 0.000000000000000000, 0.000000000000000000 ) ) ;
#2758 = ORIENTED_EDGE ( 'NONE', *, *, #3742, .F. ) ;
#2759 = PLANE ( 'NONE',  #3612 ) ;
#2760 = EDGE_CURVE ( 'NONE', #3573, #1618, #1087, .T. ) ;
#2761 = LINE ( 'NONE', #1744, #3260 ) ;
#2762 = DIRECTION ( 'NONE',  ( 0.000000000000000000, 0.000000000000000000, -1.000000000000000000 ) ) ;
#2763 = LINE ( 'NONE', #1127, #3539 ) ;
#2764 =( NAMED_UNIT ( * ) PLANE_ANGLE_UNIT ( ) SI_UNIT ( $, .RADIAN. ) );
#2765 = ORIENTED_EDGE ( 'NONE', *, *, #4033, .F. ) ;
#2766 = ORIENTED_EDGE ( 'NONE', *, *, #3524, .F. ) ;
#2767 = ADVANCED_FACE ( 'NONE', ( #87 ), #825, .T. ) ;
#2768 = PLANE ( 'NONE',  #4144 ) ;
#2769 = LINE ( 'NONE', #3764, #4192 ) ;
#2770 = VERTEX_POINT ( 'NONE', #4035 ) ;
#2771 =( NAMED_UNIT ( * ) SI_UNIT ( $, .STERADIAN. ) SOLID_ANGLE_UNIT ( ) );
#2772 = CARTESIAN_POINT ( 'NONE',  ( 1.750000000000000000, -1.500000000000000000, 0.05099999999999999672 ) ) ;
#2773 = DIRECTION ( 'NONE',  ( 0.000000000000000000, -1.000000000000000000, 0.000000000000000000 ) ) ;
#2774 = AXIS2_PLACEMENT_3D ( 'NONE', #2297, #3608, #919 ) ;
#2775 = ORIENTED_EDGE ( 'NONE', *, *, #46, .F. ) ;
#2776 = ADVANCED_FACE ( 'NONE', ( #65 ), #2405, .T. ) ;
#2777 = VECTOR ( 'NONE', #630, 1000.000000000000000 ) ;
#2778 = VECTOR ( 'NONE', #3012, 1000.000000000000000 ) ;
#2779 = CARTESIAN_POINT ( 'NONE',  ( -1.750000000000000000, 1.500000000000000000, 0.05099999999999999672 ) ) ;
#2780 = CARTESIAN_POINT ( 'NONE',  ( 0.5050000000000000044, 1.399999999999999911, 0.000000000000000000 ) ) ;
#2781 = AXIS2_PLACEMENT_3D ( 'NONE', #3151, #195, #2190 ) ;
#2782 = CARTESIAN_POINT ( 'NONE',  ( 1.649999999999999911, 0.7850000000000000311, 0.000000000000000000 ) ) ;
#2783 = FACE_OUTER_BOUND ( 'NONE', #817, .T. ) ;
#2784 = FILL_AREA_STYLE ('',( #3718 ) ) ;
#2785 = EDGE_LOOP ( 'NONE', ( #2398, #3394, #121, #349 ) ) ;
#2786 =( GEOMETRIC_REPRESENTATION_CONTEXT ( 3 ) GLOBAL_UNCERTAINTY_ASSIGNED_CONTEXT ( ( #1681 ) ) GLOBAL_UNIT_ASSIGNED_CONTEXT ( ( #1247, #1843, #253 ) ) REPRESENTATION_CONTEXT ( 'NONE', 'WORKASPACE' ) );
#2787 = EDGE_CURVE ( 'NONE', #3611, #1844, #3180, .T. ) ;
#2788 = AXIS2_PLACEMENT_3D ( 'NONE', #3084, #151, #2407 ) ;
#2789 = ORIENTED_EDGE ( 'NONE', *, *, #1178, .F. ) ;
#2790 = DIRECTION ( 'NONE',  ( 1.000000000000000000, 0.000000000000000000, 0.000000000000000000 ) ) ;
#2791 = PRESENTATION_LAYER_ASSIGNMENT (  '', '', ( #2586 ) ) ;
#2792 = SURFACE_SIDE_STYLE ('',( #98 ) ) ;
#2793 = CARTESIAN_POINT ( 'NONE',  ( -1.649999999999999911, -0.5050000000000000044, 0.05099999999999999672 ) ) ;
#2794 = EDGE_CURVE ( 'NONE', #2563, #2372, #2202, .T. ) ;
#2795 = ORIENTED_EDGE ( 'NONE', *, *, #985, .T. ) ;
#2797 = FACE_OUTER_BOUND ( 'NONE', #1184, .T. ) ;
#2796 = PRODUCT_CONTEXT ( 'NONE', #1157, 'mechanical' ) ;
#2798 = CARTESIAN_POINT ( 'NONE',  ( 0.3549999999999999822, 1.399999999999999911, 0.000000000000000000 ) ) ;
#2799 = EDGE_LOOP ( 'NONE', ( #3173, #1535, #4188, #2722 ) ) ;
#2800 = DIRECTION ( 'NONE',  ( 0.000000000000000000, -1.000000000000000000, 0.000000000000000000 ) ) ;
#2801 = DIRECTION ( 'NONE',  ( 1.000000000000000000, 0.000000000000000000, 0.000000000000000000 ) ) ;
#2802 = CARTESIAN_POINT ( 'NONE',  ( -0.3549999999999999822, 1.000000000000000000, 0.000000000000000000 ) ) ;
#2803 = CARTESIAN_POINT ( 'NONE',  ( -0.3549999999999999822, 1.399999999999999911, 0.000000000000000000 ) ) ;
#2804 =( LENGTH_UNIT ( ) NAMED_UNIT ( * ) SI_UNIT ( .MILLI., .METRE. ) );
#2805 = ORIENTED_EDGE ( 'NONE', *, *, #1178, .T. ) ;
#2806 = COLOUR_RGB ( '',0.7215686274509803821, 0.7215686274509803821, 0.7215686274509803821 ) ;
#2807 = DIRECTION ( 'NONE',  ( 0.000000000000000000, 0.000000000000000000, 1.000000000000000000 ) ) ;
#2808 = LINE ( 'NONE', #568, #4089 ) ;
#2809 = CARTESIAN_POINT ( 'NONE',  ( 1.649999999999999911, 0.3549999999999999822, 0.000000000000000000 ) ) ;
#2810 = FACE_OUTER_BOUND ( 'NONE', #29, .T. ) ;
#2811 = ADVANCED_FACE ( 'NONE', ( #537 ), #4175, .T. ) ;
#2812 = CARTESIAN_POINT ( 'NONE',  ( -0.5050000000000000044, 1.000000000000000000, 0.05099999999999999672 ) ) ;
#2813 = ORIENTED_EDGE ( 'NONE', *, *, #3152, .F. ) ;
#2814 = DIRECTION ( 'NONE',  ( -1.000000000000000000, 0.000000000000000000, 0.000000000000000000 ) ) ;
#2815 = ADVANCED_FACE ( 'NONE', ( #3488 ), #205, .T. ) ;
#2816 = CARTESIAN_POINT ( 'NONE',  ( -1.645000000000000018, 1.399999999999999911, 0.000000000000000000 ) ) ;
#2817 = CARTESIAN_POINT ( 'NONE',  ( -0.07499999999999999722, -1.399999999999999911, 0.000000000000000000 ) ) ;
#2818 = EDGE_CURVE ( 'NONE', #1991, #521, #2180, .T. ) ;
#2819 = VERTEX_POINT ( 'NONE', #4128 ) ;
#2820 = CLOSED_SHELL ( 'NONE', ( #522, #1710, #4123, #495, #139, #1185 ) ) ;
#2821 = DIRECTION ( 'NONE',  ( 0.000000000000000000, 0.000000000000000000, 1.000000000000000000 ) ) ;
#2822 = CARTESIAN_POINT ( 'NONE',  ( 1.649999999999999911, -0.5050000000000000044, 0.05099999999999999672 ) ) ;
#2823 = DIRECTION ( 'NONE',  ( 0.000000000000000000, 0.000000000000000000, -1.000000000000000000 ) ) ;
#2824 = CARTESIAN_POINT ( 'NONE',  ( -0.07499999999999999722, -1.000000000000000000, 0.000000000000000000 ) ) ;
#2825 = PLANE ( 'NONE',  #1809 ) ;
#2826 = ORIENTED_EDGE ( 'NONE', *, *, #4027, .F. ) ;
#2827 = DIRECTION ( 'NONE',  ( 1.000000000000000000, 0.000000000000000000, 0.000000000000000000 ) ) ;
#2828 = LINE ( 'NONE', #4135, #594 ) ;
#2829 = CARTESIAN_POINT ( 'NONE',  ( -1.250000000000000000, 0.7850000000000000311, 0.000000000000000000 ) ) ;
#2830 = FILL_AREA_STYLE ('',( #2555 ) ) ;
#2831 = EDGE_CURVE ( 'NONE', #3629, #4000, #1502, .T. ) ;
#2832 = EDGE_LOOP ( 'NONE', ( #1427, #3570, #2684, #320 ) ) ;
#2833 = ORIENTED_EDGE ( 'NONE', *, *, #3495, .F. ) ;
#2834 = EDGE_CURVE ( 'NONE', #3554, #1382, #233, .T. ) ;
#2835 = VERTEX_POINT ( 'NONE', #1249 ) ;
#2836 = SURFACE_STYLE_FILL_AREA ( #4146 ) ;
#2837 = VERTEX_POINT ( 'NONE', #1209 ) ;
#2838 = VECTOR ( 'NONE', #3359, 1000.000000000000000 ) ;
#2839 = EDGE_CURVE ( 'NONE', #3911, #2078, #1229, .T. ) ;
#2840 = LINE ( 'NONE', #1484, #3057 ) ;
#2841 = FACE_OUTER_BOUND ( 'NONE', #1894, .T. ) ;
#2842 = CIRCLE ( 'NONE', #2375, 0.07499997700000007872 ) ;
#2843 = CARTESIAN_POINT ( 'NONE',  ( -1.649999999999999911, 0.5050000000000000044, 0.05099999999999999672 ) ) ;
#2844 = FACE_OUTER_BOUND ( 'NONE', #2104, .T. ) ;
#2845 = DIRECTION ( 'NONE',  ( 1.000000000000000000, 0.000000000000000000, 0.000000000000000000 ) ) ;
#2846 = VERTEX_POINT ( 'NONE', #170 ) ;
#2847 = VECTOR ( 'NONE', #1168, 1000.000000000000000 ) ;
#2848 = AXIS2_PLACEMENT_3D ( 'NONE', #3696, #744, #2973 ) ;
#2849 = CARTESIAN_POINT ( 'NONE',  ( -0.07499999999999999722, 1.399999999999999911, 0.05099999999999999672 ) ) ;
#2850 = FACE_OUTER_BOUND ( 'NONE', #185, .T. ) ;
#2851 = LINE ( 'NONE', #1281, #4083 ) ;
#2852 = VECTOR ( 'NONE', #2991, 1000.000000000000000 ) ;
#2853 = AXIS2_PLACEMENT_3D ( 'NONE', #3115, #3787, #165 ) ;
#2854 = DIRECTION ( 'NONE',  ( -0.000000000000000000, 1.000000000000000000, 0.000000000000000000 ) ) ;
#2855 = VECTOR ( 'NONE', #1303, 1000.000000000000000 ) ;
#2856 = ORIENTED_EDGE ( 'NONE', *, *, #2089, .T. ) ;
#2857 = AXIS2_PLACEMENT_3D ( 'NONE', #1576, #2571, #4115 ) ;
#2858 = DIRECTION ( 'NONE',  ( 0.000000000000000000, -1.000000000000000000, 0.000000000000000000 ) ) ;
#2859 = CARTESIAN_POINT ( 'NONE',  ( -1.399999999999999911, 0.6449999999999999067, 1.650999999999999801 ) ) ;
#2860 = VERTEX_POINT ( 'NONE', #2545 ) ;
#2861 = VECTOR ( 'NONE', #1752, 1000.000000000000000 ) ;
#2862 = COLOUR_RGB ( '',0.7215686274509803821, 0.7215686274509803821, 0.7215686274509803821 ) ;
#2863 = VERTEX_POINT ( 'NONE', #3140 ) ;
#2864 = DIRECTION ( 'NONE',  ( 1.000000000000000000, 0.000000000000000000, 0.000000000000000000 ) ) ;
#2865 = FILL_AREA_STYLE_COLOUR ( '', #1141 ) ;
#2866 = ADVANCED_FACE ( 'NONE', ( #3511 ), #1186, .T. ) ;
#2867 = ORIENTED_EDGE ( 'NONE', *, *, #2085, .T. ) ;
#2868 = CARTESIAN_POINT ( 'NONE',  ( -1.649999999999999911, 0.7850000000000000311, 0.05099999999999999672 ) ) ;
#2869 = CARTESIAN_POINT ( 'NONE',  ( -1.649999999999999911, -0.3549999999999999822, 0.05099999999999999672 ) ) ;
#2870 = CARTESIAN_POINT ( 'NONE',  ( -1.649999999999999911, -0.07499999999999999722, 0.000000000000000000 ) ) ;
#2871 = EDGE_CURVE ( 'NONE', #2537, #3355, #2840, .T. ) ;
#2872 = EDGE_CURVE ( 'NONE', #2261, #348, #3533, .T. ) ;
#2873 = DIRECTION ( 'NONE',  ( 0.000000000000000000, 0.000000000000000000, 1.000000000000000000 ) ) ;
#2874 = VERTEX_POINT ( 'NONE', #890 ) ;
#2875 = VERTEX_POINT ( 'NONE', #2525 ) ;
#2876 = FACE_OUTER_BOUND ( 'NONE', #2023, .T. ) ;
#2877 = CARTESIAN_POINT ( 'NONE',  ( 1.649999999999999911, 0.7850000000000000311, 0.000000000000000000 ) ) ;
#2878 = LINE ( 'NONE', #4186, #1816 ) ;
#2879 = CARTESIAN_POINT ( 'NONE',  ( 1.364999999999999991, 1.399999999999999911, 0.05099999999999999672 ) ) ;
#2880 = VECTOR ( 'NONE', #280, 1000.000000000000000 ) ;
#2881 = ORIENTED_EDGE ( 'NONE', *, *, #1398, .T. ) ;
#2882 = DIRECTION ( 'NONE',  ( 0.000000000000000000, 0.000000000000000000, -1.000000000000000000 ) ) ;
#2883 = ORIENTED_EDGE ( 'NONE', *, *, #1206, .F. ) ;
#2884 = FACE_OUTER_BOUND ( 'NONE', #45, .T. ) ;
#2885 =( LENGTH_UNIT ( ) NAMED_UNIT ( * ) SI_UNIT ( .MILLI., .METRE. ) );
#2886 = ORIENTED_EDGE ( 'NONE', *, *, #3372, .F. ) ;
#2887 = DIRECTION ( 'NONE',  ( 0.000000000000000000, 0.000000000000000000, -1.000000000000000000 ) ) ;
#2888 = DIRECTION ( 'NONE',  ( 0.000000000000000000, 1.000000000000000000, 0.000000000000000000 ) ) ;
#2889 = DIRECTION ( 'NONE',  ( 0.000000000000000000, -1.000000000000000000, 0.000000000000000000 ) ) ;
#2890 = CLOSED_SHELL ( 'NONE', ( #1495, #3015, #4076, #1856, #3028, #4003 ) ) ;
#2891 = DIRECTION ( 'NONE',  ( 0.000000000000000000, 1.000000000000000000, 0.000000000000000000 ) ) ;
#2892 = VERTEX_POINT ( 'NONE', #561 ) ;
#2893 = EDGE_CURVE ( 'NONE', #2471, #1750, #3858, .T. ) ;
#2894 = VECTOR ( 'NONE', #4167, 1000.000000000000000 ) ;
#2895 = CARTESIAN_POINT ( 'NONE',  ( 0.3549999999999999822, -1.399999999999999911, 0.05099999999999999672 ) ) ;
#2896 = DIRECTION ( 'NONE',  ( 0.000000000000000000, 1.000000000000000000, 0.000000000000000000 ) ) ;
#2897 = CARTESIAN_POINT ( 'NONE',  ( -0.7850000000000000311, -1.000000000000000000, 0.05099999999999999672 ) ) ;
#2898 =( NAMED_UNIT ( * ) SI_UNIT ( $, .STERADIAN. ) SOLID_ANGLE_UNIT ( ) );
#2899 = EDGE_CURVE ( 'NONE', #395, #1841, #3466, .T. ) ;
#2900 = ORIENTED_EDGE ( 'NONE', *, *, #665, .T. ) ;
#2901 = LINE ( 'NONE', #4209, #111 ) ;
#2902 = CARTESIAN_POINT ( 'NONE',  ( 0.3549999999999999822, 1.000000000000000000, 0.05099999999999999672 ) ) ;
#2903 = ORIENTED_EDGE ( 'NONE', *, *, #774, .F. ) ;
#2904 = PRESENTATION_STYLE_ASSIGNMENT (( #2709 ) ) ;
#2905 = ORIENTED_EDGE ( 'NONE', *, *, #3710, .F. ) ;
#2906 = DIRECTION ( 'NONE',  ( -1.000000000000000000, 0.000000000000000000, 0.000000000000000000 ) ) ;
#2907 = PLANE ( 'NONE',  #3884 ) ;
#2908 = LINE ( 'NONE', #1939, #1478 ) ;
#2909 = EDGE_LOOP ( 'NONE', ( #1777, #2115, #18, #1971 ) ) ;
#2910 = AXIS2_PLACEMENT_3D ( 'NONE', #3268, #3916, #273 ) ;
#2911 = PLANE ( 'NONE',  #4148 ) ;
#2912 = FACE_OUTER_BOUND ( 'NONE', #3362, .T. ) ;
#2913 = DIRECTION ( 'NONE',  ( -0.000000000000000000, 1.000000000000000000, 0.000000000000000000 ) ) ;
#2914 = DIRECTION ( 'NONE',  ( -1.000000000000000000, 0.000000000000000000, 0.000000000000000000 ) ) ;
#2915 = EDGE_CURVE ( 'NONE', #2875, #3563, #256, .T. ) ;
#2916 = VECTOR ( 'NONE', #1850, 1000.000000000000000 ) ;
#2917 = ORIENTED_EDGE ( 'NONE', *, *, #3789, .F. ) ;
#2918 = VECTOR ( 'NONE', #4215, 1000.000000000000000 ) ;
#2919 = VECTOR ( 'NONE', #1210, 1000.000000000000000 ) ;
#2920 = CARTESIAN_POINT ( 'NONE',  ( -1.250000000000000000, -0.5050000000000000044, 0.000000000000000000 ) ) ;
#2921 = VECTOR ( 'NONE', #3322, 1000.000000000000000 ) ;
#2922 = DIRECTION ( 'NONE',  ( 1.000000000000000000, 0.000000000000000000, 0.000000000000000000 ) ) ;
#2923 = EDGE_CURVE ( 'NONE', #479, #4013, #515, .T. ) ;
#2924 = VECTOR ( 'NONE', #1426, 1000.000000000000000 ) ;
#2925 = VECTOR ( 'NONE', #3183, 1000.000000000000000 ) ;
#2926 = ORIENTED_EDGE ( 'NONE', *, *, #1139, .F. ) ;
#2927 = ORIENTED_EDGE ( 'NONE', *, *, #485, .F. ) ;
#2928 = LINE ( 'NONE', #735, #2515 ) ;
#2929 = ORIENTED_EDGE ( 'NONE', *, *, #633, .T. ) ;
#2930 = DIRECTION ( 'NONE',  ( 0.000000000000000000, 1.000000000000000000, 0.000000000000000000 ) ) ;
#2931 = LINE ( 'NONE', #4243, #370 ) ;
#2932 = DIRECTION ( 'NONE',  ( 0.000000000000000000, 0.000000000000000000, 1.000000000000000000 ) ) ;
#2933 = UNCERTAINTY_MEASURE_WITH_UNIT (LENGTH_MEASURE( 1.000000000000000082E-05 ), #2885, 'distance_accuracy_value', 'NONE');
#2934 = ORIENTED_EDGE ( 'NONE', *, *, #149, .F. ) ;
#2935 = CARTESIAN_POINT ( 'NONE',  ( -1.214999999999999858, 1.399999999999999911, 0.000000000000000000 ) ) ;
#2936 = DIRECTION ( 'NONE',  ( 0.000000000000000000, -1.000000000000000000, 0.000000000000000000 ) ) ;
#2937 = CARTESIAN_POINT ( 'NONE',  ( 1.364999999999999991, -1.399999999999999911, 0.05099999999999999672 ) ) ;
#2938 = CARTESIAN_POINT ( 'NONE',  ( 1.250000000000000000, 0.07499999999999999722, 0.05099999999999999672 ) ) ;
#2939 = ORIENTED_EDGE ( 'NONE', *, *, #813, .F. ) ;
#2940 = VERTEX_POINT ( 'NONE', #491 ) ;
#2941 = EDGE_CURVE ( 'NONE', #1516, #2819, #1802, .T. ) ;
#2942 = CARTESIAN_POINT ( 'NONE',  ( -1.649999999999999911, -0.7850000000000000311, 0.000000000000000000 ) ) ;
#2943 = DIRECTION ( 'NONE',  ( 0.000000000000000000, 0.000000000000000000, 1.000000000000000000 ) ) ;
#2944 = ORIENTED_EDGE ( 'NONE', *, *, #3372, .T. ) ;
#2945 = EDGE_LOOP ( 'NONE', ( #742, #1341, #2985, #2541 ) ) ;
#2946 = ADVANCED_FACE ( 'NONE', ( #695 ), #1021, .T. ) ;
#2947 = ORIENTED_EDGE ( 'NONE', *, *, #2270, .T. ) ;
#2948 = EDGE_CURVE ( 'NONE', #3892, #860, #2674, .T. ) ;
#2949 = PLANE ( 'NONE',  #3397 ) ;
#2950 = LINE ( 'NONE', #3642, #2381 ) ;
#2951 = LINE ( 'NONE', #3941, #167 ) ;
#2952 = EDGE_LOOP ( 'NONE', ( #3531, #3776, #4168, #4045 ) ) ;
#2953 = ORIENTED_EDGE ( 'NONE', *, *, #3721, .T. ) ;
#2954 = CARTESIAN_POINT ( 'NONE',  ( -0.3549999999999999822, -1.399999999999999911, 0.05099999999999999672 ) ) ;
#2955 = PLANE ( 'NONE',  #2848 ) ;
#2956 = LINE ( 'NONE', #3001, #2855 ) ;
#2957 = EDGE_LOOP ( 'NONE', ( #741, #4022, #2090, #1703 ) ) ;
#2958 = ORIENTED_EDGE ( 'NONE', *, *, #689, .F. ) ;
#2959 = PLANE ( 'NONE',  #3096 ) ;
#2960 = EDGE_CURVE ( 'NONE', #4000, #2514, #2654, .T. ) ;
#2961 = ORIENTED_EDGE ( 'NONE', *, *, #3365, .F. ) ;
#2962 = VERTEX_POINT ( 'NONE', #936 ) ;
#2963 = FILL_AREA_STYLE ('',( #1652 ) ) ;
#2964 = VERTEX_POINT ( 'NONE', #2337 ) ;
#2965 = EDGE_CURVE ( 'NONE', #3509, #1521, #3313, .T. ) ;
#2966 = CARTESIAN_POINT ( 'NONE',  ( -1.250000000000000000, -0.07499999999999999722, 0.000000000000000000 ) ) ;
#2967 = LINE ( 'NONE', #2010, #2308 ) ;
#2968 = DIRECTION ( 'NONE',  ( 0.000000000000000000, 1.000000000000000000, 0.000000000000000000 ) ) ;
#2969 = VERTEX_POINT ( 'NONE', #1614 ) ;
#2970 = ADVANCED_FACE ( 'NONE', ( #646 ), #1590, .T. ) ;
#2971 = ORIENTED_EDGE ( 'NONE', *, *, #3286, .F. ) ;
#2972 = LINE ( 'NONE', #283, #2114 ) ;
#2973 = DIRECTION ( 'NONE',  ( 0.000000000000000000, 1.000000000000000000, 0.000000000000000000 ) ) ;
#2974 = FACE_OUTER_BOUND ( 'NONE', #971, .T. ) ;
#2975 =( LENGTH_UNIT ( ) NAMED_UNIT ( * ) SI_UNIT ( .MILLI., .METRE. ) );
#2976 = ORIENTED_EDGE ( 'NONE', *, *, #1727, .F. ) ;
#2977 = AXIS2_PLACEMENT_3D ( 'NONE', #382, #112, #3078 ) ;
#2978 = ORIENTED_EDGE ( 'NONE', *, *, #1918, .T. ) ;
#2979 = LINE ( 'NONE', #3305, #245 ) ;
#2980 = VECTOR ( 'NONE', #2943, 1000.000000000000000 ) ;
#2981 = LINE ( 'NONE', #351, #411 ) ;
#2982 = AXIS2_PLACEMENT_3D ( 'NONE', #388, #2080, #428 ) ;
#2983 = ORIENTED_EDGE ( 'NONE', *, *, #3914, .T. ) ;
#2984 = AXIS2_PLACEMENT_3D ( 'NONE', #3141, #826, #1461 ) ;
#2985 = ORIENTED_EDGE ( 'NONE', *, *, #1085, .F. ) ;
#2986 = AXIS2_PLACEMENT_3D ( 'NONE', #4248, #23, #1347 ) ;
#2987 = AXIS2_PLACEMENT_3D ( 'NONE', #3900, #3556, #1892 ) ;
#2988 = VECTOR ( 'NONE', #279, 1000.000000000000000 ) ;
#2989 = AXIS2_PLACEMENT_3D ( 'NONE', #3591, #637, #3261 ) ;
#2991 = DIRECTION ( 'NONE',  ( 0.000000000000000000, -1.000000000000000000, 0.000000000000000000 ) ) ;
#2990 = CARTESIAN_POINT ( 'NONE',  ( -0.7850000000000000311, -1.000000000000000000, 0.000000000000000000 ) ) ;
#2992 = EDGE_CURVE ( 'NONE', #603, #1991, #977, .T. ) ;
#2993 = DIRECTION ( 'NONE',  ( 0.000000000000000000, -1.000000000000000000, 0.000000000000000000 ) ) ;
#2994 = AXIS2_PLACEMENT_3D ( 'NONE', #2990, #3708, #82 ) ;
#2995 = CARTESIAN_POINT ( 'NONE',  ( 0.07499999999999999722, -1.000000000000000000, 0.05099999999999999672 ) ) ;
#2996 = EDGE_LOOP ( 'NONE', ( #3145, #1969, #3852, #2133 ) ) ;
#2997 = VERTEX_POINT ( 'NONE', #3294 ) ;
#2998 = LINE ( 'NONE', #1972, #4222 ) ;
#2999 = EDGE_CURVE ( 'NONE', #3674, #3856, #1656, .T. ) ;
#3000 = FACE_OUTER_BOUND ( 'NONE', #3302, .T. ) ;
#3001 = CARTESIAN_POINT ( 'NONE',  ( -1.649999999999999911, 0.3549999999999999822, 0.000000000000000000 ) ) ;
#3002 = CARTESIAN_POINT ( 'NONE',  ( 0.9349999999999999423, -1.399999999999999911, 0.000000000000000000 ) ) ;
#3003 = ORIENTED_EDGE ( 'NONE', *, *, #1309, .F. ) ;
#3004 = ORIENTED_EDGE ( 'NONE', *, *, #931, .T. ) ;
#3005 = EDGE_CURVE ( 'NONE', #941, #3458, #1295, .T. ) ;
#3006 = CARTESIAN_POINT ( 'NONE',  ( -1.649999999999999911, 0.3549999999999999822, 0.05099999999999999672 ) ) ;
#3007 = CARTESIAN_POINT ( 'NONE',  ( 0.5050000000000000044, -1.399999999999999911, 0.000000000000000000 ) ) ;
#3008 = ORIENTED_EDGE ( 'NONE', *, *, #2276, .T. ) ;
#3009 = FACE_OUTER_BOUND ( 'NONE', #2384, .T. ) ;
#3010 = AXIS2_PLACEMENT_3D ( 'NONE', #2938, #1976, #1069 ) ;
#3011 = CARTESIAN_POINT ( 'NONE',  ( -1.645000000000000018, -1.000000000000000000, 0.05099999999999999672 ) ) ;
#3012 = DIRECTION ( 'NONE',  ( 0.000000000000000000, 0.000000000000000000, -1.000000000000000000 ) ) ;
#3013 = CARTESIAN_POINT ( 'NONE',  ( -1.649999999999999911, -0.3549999999999999822, 0.000000000000000000 ) ) ;
#3014 = ORIENTED_EDGE ( 'NONE', *, *, #2585, .T. ) ;
#3015 = ADVANCED_FACE ( 'NONE', ( #3641 ), #2949, .T. ) ;
#3016 = VERTEX_POINT ( 'NONE', #2608 ) ;
#3017 = PLANE ( 'NONE',  #448 ) ;
#3018 = LINE ( 'NONE', #1994, #579 ) ;
#3019 = DIRECTION ( 'NONE',  ( 1.000000000000000000, 0.000000000000000000, 0.000000000000000000 ) ) ;
#3020 = DIRECTION ( 'NONE',  ( 0.000000000000000000, 0.000000000000000000, -1.000000000000000000 ) ) ;
#3021 = FACE_OUTER_BOUND ( 'NONE', #1153, .T. ) ;
#3022 = ORIENTED_EDGE ( 'NONE', *, *, #1290, .T. ) ;
#3023 = EDGE_CURVE ( 'NONE', #3563, #1306, #1964, .T. ) ;
#3024 = VERTEX_POINT ( 'NONE', #1937 ) ;
#3025 = LINE ( 'NONE', #3006, #2645 ) ;
#3026 = CARTESIAN_POINT ( 'NONE',  ( -1.250000000000000000, 0.3549999999999999822, 0.05099999999999999672 ) ) ;
#3027 = CLOSED_SHELL ( 'NONE', ( #3453, #3763, #1499, #2157, #1057, #1982 ) ) ;
#3028 = ADVANCED_FACE ( 'NONE', ( #1359 ), #2251, .T. ) ;
#3029 = EDGE_LOOP ( 'NONE', ( #3830, #2269, #2646, #3803 ) ) ;
#3030 = STYLED_ITEM ( 'NONE', ( #1776 ), #414 ) ;
#3031 = FILL_AREA_STYLE_COLOUR ( '', #1078 ) ;
#3033 = FACE_OUTER_BOUND ( 'NONE', #3156, .T. ) ;
#3032 = LINE ( 'NONE', #1100, #1549 ) ;
#3034 = LINE ( 'NONE', #1965, #3058 ) ;
#3035 = EDGE_LOOP ( 'NONE', ( #1823, #1695, #824, #2691 ) ) ;
#3036 = ORIENTED_EDGE ( 'NONE', *, *, #3902, .T. ) ;
#3037 = DIRECTION ( 'NONE',  ( 1.000000000000000000, 0.000000000000000000, 0.000000000000000000 ) ) ;
#3038 = DIRECTION ( 'NONE',  ( 0.000000000000000000, 1.000000000000000000, 0.000000000000000000 ) ) ;
#3039 = CARTESIAN_POINT ( 'NONE',  ( -1.649999999999999911, -0.7850000000000000311, 0.000000000000000000 ) ) ;
#3040 = CARTESIAN_POINT ( 'NONE',  ( 0.3549999999999999822, 1.399999999999999911, 0.000000000000000000 ) ) ;
#3041 =( LENGTH_UNIT ( ) NAMED_UNIT ( * ) SI_UNIT ( .MILLI., .METRE. ) );
#3042 = ORIENTED_EDGE ( 'NONE', *, *, #1032, .F. ) ;
#3043 = VERTEX_POINT ( 'NONE', #3599 ) ;
#3044 = CARTESIAN_POINT ( 'NONE',  ( 1.649999999999999911, -0.7850000000000000311, 0.000000000000000000 ) ) ;
#3045 = EDGE_CURVE ( 'NONE', #1277, #3736, #676, .T. ) ;
#3046 = DIRECTION ( 'NONE',  ( 0.000000000000000000, 0.000000000000000000, -1.000000000000000000 ) ) ;
#3047 = AXIS2_PLACEMENT_3D ( 'NONE', #1780, #1379, #1718 ) ;
#3048 = ORIENTED_EDGE ( 'NONE', *, *, #389, .F. ) ;
#3049 = AXIS2_PLACEMENT_3D ( 'NONE', #2234, #264, #4247 ) ;
#3050 = ADVANCED_FACE ( 'NONE', ( #3225 ), #2316, .T. ) ;
#3051 = AXIS2_PLACEMENT_3D ( 'NONE', #2277, #3971, #3299 ) ;
#3052 = AXIS2_PLACEMENT_3D ( 'NONE', #1250, #257, #3904 ) ;
#3054 = DIRECTION ( 'NONE',  ( 0.000000000000000000, 1.000000000000000000, 0.000000000000000000 ) ) ;
#3053 = PRESENTATION_STYLE_ASSIGNMENT (( #1081 ) ) ;
#3055 = CARTESIAN_POINT ( 'NONE',  ( -1.649999999999999911, 0.7850000000000000311, 0.000000000000000000 ) ) ;
#3056 = ADVANCED_FACE ( 'NONE', ( #4242 ), #3920, .T. ) ;
#3057 = VECTOR ( 'NONE', #2887, 1000.000000000000000 ) ;
#3058 = VECTOR ( 'NONE', #358, 1000.000000000000000 ) ;
#3059 = PRESENTATION_LAYER_ASSIGNMENT (  '', '', ( #106 ) ) ;
#3060 = ORIENTED_EDGE ( 'NONE', *, *, #3074, .F. ) ;
#3061 = PRESENTATION_LAYER_ASSIGNMENT (  '', '', ( #1749 ) ) ;
#3062 = AXIS2_PLACEMENT_3D ( 'NONE', #2782, #1149, #3733 ) ;
#3063 = FACE_OUTER_BOUND ( 'NONE', #3374, .T. ) ;
#3064 = PLANE ( 'NONE',  #2984 ) ;
#3065 = CARTESIAN_POINT ( 'NONE',  ( 0.3549999999999999822, -1.000000000000000000, 0.05099999999999999672 ) ) ;
#3066 = FACE_OUTER_BOUND ( 'NONE', #1726, .T. ) ;
#3067 = COLOUR_RGB ( '',0.7215686274509803821, 0.7215686274509803821, 0.7215686274509803821 ) ;
#3068 =( LENGTH_UNIT ( ) NAMED_UNIT ( * ) SI_UNIT ( .MILLI., .METRE. ) );
#3069 = ORIENTED_EDGE ( 'NONE', *, *, #3898, .T. ) ;
#3070 = VECTOR ( 'NONE', #876, 1000.000000000000000 ) ;
#3071 = ORIENTED_EDGE ( 'NONE', *, *, #610, .F. ) ;
#3072 = DIRECTION ( 'NONE',  ( 0.000000000000000000, 0.000000000000000000, -1.000000000000000000 ) ) ;
#3073 = LINE ( 'NONE', #441, #3991 ) ;
#3074 = EDGE_CURVE ( 'NONE', #2360, #1222, #1316, .T. ) ;
#3075 = VERTEX_POINT ( 'NONE', #2436 ) ;
#3076 = ADVANCED_FACE ( 'NONE', ( #3709 ), #3689, .T. ) ;
#3078 = DIRECTION ( 'NONE',  ( 1.000000000000000000, 0.000000000000000000, 0.000000000000000000 ) ) ;
#3077 = CARTESIAN_POINT ( 'NONE',  ( 1.250000000000000000, 0.3549999999999999822, 0.000000000000000000 ) ) ;
#3079 = LINE ( 'NONE', #2120, #440 ) ;
#3080 = ORIENTED_EDGE ( 'NONE', *, *, #4051, .F. ) ;
#3081 = ADVANCED_FACE ( 'NONE', ( #60 ), #1763, .T. ) ;
#3082 = DIRECTION ( 'NONE',  ( 1.000000000000000000, 0.000000000000000000, 0.000000000000000000 ) ) ;
#3083 = CARTESIAN_POINT ( 'NONE',  ( 1.645000000000000018, 1.399999999999999911, 0.05099999999999999672 ) ) ;
#3084 = CARTESIAN_POINT ( 'NONE',  ( 1.250000000000000000, -0.3549999999999999822, 0.000000000000000000 ) ) ;
#3085 = CARTESIAN_POINT ( 'NONE',  ( -1.250000000000000000, -0.7850000000000000311, 0.000000000000000000 ) ) ;
#3086 = PRESENTATION_STYLE_ASSIGNMENT (( #3434 ) ) ;
#3087 = VERTEX_POINT ( 'NONE', #2357 ) ;
#3088 = ORIENTED_EDGE ( 'NONE', *, *, #1155, .T. ) ;
#3089 = LINE ( 'NONE', #2809, #2166 ) ;
#3090 = DIRECTION ( 'NONE',  ( 1.000000000000000000, 0.000000000000000000, 0.000000000000000000 ) ) ;
#3091 = DIRECTION ( 'NONE',  ( 0.000000000000000000, 1.000000000000000000, 0.000000000000000000 ) ) ;
#3092 = ORIENTED_EDGE ( 'NONE', *, *, #2385, .F. ) ;
#3093 =( NAMED_UNIT ( * ) SI_UNIT ( $, .STERADIAN. ) SOLID_ANGLE_UNIT ( ) );
#3094 = CLOSED_SHELL ( 'NONE', ( #156, #2117, #2970, #355, #671, #836 ) ) ;
#3095 = EDGE_CURVE ( 'NONE', #422, #154, #1456, .T. ) ;
#3096 = AXIS2_PLACEMENT_3D ( 'NONE', #2021, #690, #1016 ) ;
#3097 = PLANE ( 'NONE',  #3113 ) ;
#3098 = LINE ( 'NONE', #2077, #2582 ) ;
#3099 = ADVANCED_FACE ( 'NONE', ( #1699 ), #1119, .T. ) ;
#3100 = ORIENTED_EDGE ( 'NONE', *, *, #2839, .F. ) ;
#3101 = CARTESIAN_POINT ( 'NONE',  ( 1.645000000000000018, -1.399999999999999911, 0.05099999999999999672 ) ) ;
#3102 = CARTESIAN_POINT ( 'NONE',  ( 1.250000000000000000, -0.7850000000000000311, 0.05099999999999999672 ) ) ;
#3103 = DIRECTION ( 'NONE',  ( 1.000000000000000000, 0.000000000000000000, 0.000000000000000000 ) ) ;
#3104 = FACE_OUTER_BOUND ( 'NONE', #3221, .T. ) ;
#3105 = ADVANCED_FACE ( 'NONE', ( #3339 ), #3097, .T. ) ;
#3106 = ORIENTED_EDGE ( 'NONE', *, *, #1114, .T. ) ;
#3107 = ORIENTED_EDGE ( 'NONE', *, *, #3530, .T. ) ;
#3108 = LINE ( 'NONE', #831, #1958 ) ;
#3109 = SURFACE_STYLE_FILL_AREA ( #3438 ) ;
#3110 = DIRECTION ( 'NONE',  ( 0.000000000000000000, 0.000000000000000000, -1.000000000000000000 ) ) ;
#3111 = ORIENTED_EDGE ( 'NONE', *, *, #1155, .F. ) ;
#3112 = CARTESIAN_POINT ( 'NONE',  ( -0.7850000000000000311, -1.399999999999999911, 0.000000000000000000 ) ) ;
#3113 = AXIS2_PLACEMENT_3D ( 'NONE', #404, #145, #1039 ) ;
#3114 = DIRECTION ( 'NONE',  ( 0.000000000000000000, 0.000000000000000000, 1.000000000000000000 ) ) ;
#3115 = CARTESIAN_POINT ( 'NONE',  ( 0.07499999999999999722, -1.000000000000000000, 0.000000000000000000 ) ) ;
#3116 = AXIS2_PLACEMENT_3D ( 'NONE', #4210, #3525, #2559 ) ;
#3117 = ORIENTED_EDGE ( 'NONE', *, *, #1660, .T. ) ;
#3118 = EDGE_CURVE ( 'NONE', #2514, #2222, #777, .T. ) ;
#3119 = AXIS2_PLACEMENT_3D ( 'NONE', #3702, #2000, #1693 ) ;
#3120 = VECTOR ( 'NONE', #3038, 1000.000000000000000 ) ;
#3121 = CARTESIAN_POINT ( 'NONE',  ( -0.7850000000000000311, -1.000000000000000000, 0.000000000000000000 ) ) ;
#3122 = DIRECTION ( 'NONE',  ( 0.000000000000000000, 0.000000000000000000, 1.000000000000000000 ) ) ;
#3123 = CARTESIAN_POINT ( 'NONE',  ( -0.9349999999999999423, -1.000000000000000000, 0.05099999999999999672 ) ) ;
#3124 = DIRECTION ( 'NONE',  ( 0.000000000000000000, 0.000000000000000000, -1.000000000000000000 ) ) ;
#3125 = VERTEX_POINT ( 'NONE', #3383 ) ;
#3126 = AXIS2_PLACEMENT_3D ( 'NONE', #2798, #3769, #488 ) ;
#3127 = VECTOR ( 'NONE', #2233, 1000.000000000000000 ) ;
#3128 = ADVANCED_FACE ( 'NONE', ( #3033 ), #1425, .T. ) ;
#3129 = DIRECTION ( 'NONE',  ( -1.000000000000000000, 0.000000000000000000, 0.000000000000000000 ) ) ;
#3130 = DIRECTION ( 'NONE',  ( 1.000000000000000000, 0.000000000000000000, 0.000000000000000000 ) ) ;
#3131 = SURFACE_STYLE_USAGE ( .BOTH. , #1775 ) ;
#3132 = CARTESIAN_POINT ( 'NONE',  ( -1.750000000000000000, -1.500000000000000000, 1.650999999999999801 ) ) ;
#3133 = EDGE_CURVE ( 'NONE', #3075, #1434, #3984, .T. ) ;
#3134 = EDGE_LOOP ( 'NONE', ( #3008, #3381, #2576, #1242 ) ) ;
#3135 = DIRECTION ( 'NONE',  ( 1.000000000000000000, 0.000000000000000000, 0.000000000000000000 ) ) ;
#3137 = DIRECTION ( 'NONE',  ( 0.000000000000000000, -1.000000000000000000, 0.000000000000000000 ) ) ;
#3136 = SHAPE_DEFINITION_REPRESENTATION ( #127, #1968 ) ;
#3138 = DIRECTION ( 'NONE',  ( -1.000000000000000000, 0.000000000000000000, 0.000000000000000000 ) ) ;
#3139 = ORIENTED_EDGE ( 'NONE', *, *, #352, .T. ) ;
#3140 = CARTESIAN_POINT ( 'NONE',  ( -0.7850000000000000311, 1.000000000000000000, 0.000000000000000000 ) ) ;
#3141 = CARTESIAN_POINT ( 'NONE',  ( -0.5050000000000000044, 1.000000000000000000, 0.000000000000000000 ) ) ;
#3142 = CARTESIAN_POINT ( 'NONE',  ( -1.649999999999999911, 0.7850000000000000311, 0.05099999999999999672 ) ) ;
#3143 = DIRECTION ( 'NONE',  ( 0.000000000000000000, -1.000000000000000000, 0.000000000000000000 ) ) ;
#3144 = CARTESIAN_POINT ( 'NONE',  ( -0.9349999999999999423, -1.399999999999999911, 0.000000000000000000 ) ) ;
#3145 = ORIENTED_EDGE ( 'NONE', *, *, #3005, .F. ) ;
#3146 = EDGE_CURVE ( 'NONE', #2735, #3423, #4030, .T. ) ;
#3147 = COLOUR_RGB ( '',0.7215686274509803821, 0.7215686274509803821, 0.7215686274509803821 ) ;
#3148 = FACE_OUTER_BOUND ( 'NONE', #2832, .T. ) ;
#3149 = CARTESIAN_POINT ( 'NONE',  ( 1.364999999999999991, 1.399999999999999911, 0.05099999999999999672 ) ) ;
#3150 = CARTESIAN_POINT ( 'NONE',  ( 0.7850000000000000311, -1.000000000000000000, 0.05099999999999999672 ) ) ;
#3151 = CARTESIAN_POINT ( 'NONE',  ( -1.399999999999999911, 0.6449999999999999067, 1.650999999999999801 ) ) ;
#3152 = EDGE_CURVE ( 'NONE', #1998, #3285, #1101, .T. ) ;
#3153 = ORIENTED_EDGE ( 'NONE', *, *, #3365, .T. ) ;
#3154 = EDGE_LOOP ( 'NONE', ( #1594, #2584, #1721, #1444 ) ) ;
#3155 = ADVANCED_FACE ( 'NONE', ( #711 ), #4049, .T. ) ;
#3156 = EDGE_LOOP ( 'NONE', ( #895, #268, #884, #1880 ) ) ;
#3157 = SURFACE_STYLE_USAGE ( .BOTH. , #534 ) ;
#3158 = ORIENTED_EDGE ( 'NONE', *, *, #813, .T. ) ;
#3159 = DIRECTION ( 'NONE',  ( 1.000000000000000000, 0.000000000000000000, 0.000000000000000000 ) ) ;
#3160 = FACE_OUTER_BOUND ( 'NONE', #4126, .T. ) ;
#3161 = PLANE ( 'NONE',  #3822 ) ;
#3162 = DIRECTION ( 'NONE',  ( 0.000000000000000000, 0.000000000000000000, -1.000000000000000000 ) ) ;
#3163 = DIRECTION ( 'NONE',  ( 0.000000000000000000, 1.000000000000000000, 0.000000000000000000 ) ) ;
#3164 = VERTEX_POINT ( 'NONE', #1441 ) ;
#3165 = DIRECTION ( 'NONE',  ( 0.000000000000000000, 0.000000000000000000, -1.000000000000000000 ) ) ;
#3166 = DIRECTION ( 'NONE',  ( 0.000000000000000000, 0.000000000000000000, -1.000000000000000000 ) ) ;
#3167 = CARTESIAN_POINT ( 'NONE',  ( 0.5050000000000000044, -1.399999999999999911, 0.000000000000000000 ) ) ;
#3168 = CARTESIAN_POINT ( 'NONE',  ( 0.7850000000000000311, -1.000000000000000000, 0.05099999999999999672 ) ) ;
#3169 = CARTESIAN_POINT ( 'NONE',  ( -1.250000000000000000, 0.5050000000000000044, 0.000000000000000000 ) ) ;
#3170 = ORIENTED_EDGE ( 'NONE', *, *, #3502, .F. ) ;
#3171 = EDGE_CURVE ( 'NONE', #1434, #3801, #2695, .T. ) ;
#3172 = DIRECTION ( 'NONE',  ( -0.000000000000000000, 1.000000000000000000, 0.000000000000000000 ) ) ;
#3173 = ORIENTED_EDGE ( 'NONE', *, *, #329, .F. ) ;
#3174 = ORIENTED_EDGE ( 'NONE', *, *, #1577, .F. ) ;
#3175 = EDGE_CURVE ( 'NONE', #976, #380, #2755, .T. ) ;
#3176 = DIRECTION ( 'NONE',  ( -1.000000000000000000, 0.000000000000000000, 0.000000000000000000 ) ) ;
#3177 = FACE_OUTER_BOUND ( 'NONE', #829, .T. ) ;
#3178 = ORIENTED_EDGE ( 'NONE', *, *, #1450, .T. ) ;
#3179 = AXIS2_PLACEMENT_3D ( 'NONE', #581, #252, #4104 ) ;
#3180 = LINE ( 'NONE', #2499, #1748 ) ;
#3181 = CARTESIAN_POINT ( 'NONE',  ( -1.649999999999999911, -0.7850000000000000311, 0.05099999999999999672 ) ) ;
#3182 = AXIS2_PLACEMENT_3D ( 'NONE', #214, #1876, #244 ) ;
#3183 = DIRECTION ( 'NONE',  ( 0.000000000000000000, 0.000000000000000000, -1.000000000000000000 ) ) ;
#3184 = DIRECTION ( 'NONE',  ( 1.000000000000000000, 0.000000000000000000, 0.000000000000000000 ) ) ;
#3185 = ORIENTED_EDGE ( 'NONE', *, *, #2760, .F. ) ;
#3186 = VECTOR ( 'NONE', #3772, 1000.000000000000000 ) ;
#3187 = AXIS2_PLACEMENT_3D ( 'NONE', #3791, #2480, #842 ) ;
#3188 = VECTOR ( 'NONE', #3545, 1000.000000000000000 ) ;
#3189 = CARTESIAN_POINT ( 'NONE',  ( 1.250000000000000000, -0.5050000000000000044, 0.05099999999999999672 ) ) ;
#3190 = CARTESIAN_POINT ( 'NONE',  ( 1.250000000000000000, 0.3549999999999999822, 0.000000000000000000 ) ) ;
#3191 = LINE ( 'NONE', #2877, #1131 ) ;
#3192 = FACE_OUTER_BOUND ( 'NONE', #290, .T. ) ;
#3193 = VECTOR ( 'NONE', #2495, 1000.000000000000000 ) ;
#3194 = LINE ( 'NONE', #966, #2894 ) ;
#3195 = VECTOR ( 'NONE', #1231, 1000.000000000000000 ) ;
#3196 = ORIENTED_EDGE ( 'NONE', *, *, #1080, .F. ) ;
#3197 = AXIS2_PLACEMENT_3D ( 'NONE', #91, #3020, #4012 ) ;
#3198 = VECTOR ( 'NONE', #325, 1000.000000000000000 ) ;
#3199 = DIRECTION ( 'NONE',  ( 0.000000000000000000, -1.000000000000000000, 0.000000000000000000 ) ) ;
#3200 = ORIENTED_EDGE ( 'NONE', *, *, #3998, .F. ) ;
#3201 = EDGE_CURVE ( 'NONE', #3771, #941, #2093, .T. ) ;
#3202 = EDGE_LOOP ( 'NONE', ( #3107, #2208, #4195, #912 ) ) ;
#3203 = CARTESIAN_POINT ( 'NONE',  ( -1.364999999999999991, -1.000000000000000000, 0.000000000000000000 ) ) ;
#3204 = PLANE ( 'NONE',  #1205 ) ;
#3205 = VERTEX_POINT ( 'NONE', #2119 ) ;
#3206 = EDGE_CURVE ( 'NONE', #51, #1253, #4004, .T. ) ;
#3207 = CARTESIAN_POINT ( 'NONE',  ( -1.250000000000000000, 0.5050000000000000044, 0.05099999999999999672 ) ) ;
#3208 = DIRECTION ( 'NONE',  ( -1.000000000000000000, 0.000000000000000000, 0.000000000000000000 ) ) ;
#3209 = DIRECTION ( 'NONE',  ( 1.000000000000000000, 0.000000000000000000, 0.000000000000000000 ) ) ;
#3210 = CARTESIAN_POINT ( 'NONE',  ( -1.250000000000000000, 0.07499999999999999722, 0.000000000000000000 ) ) ;
#3211 = ORIENTED_EDGE ( 'NONE', *, *, #1999, .F. ) ;
#3212 = EDGE_CURVE ( 'NONE', #2692, #3611, #1737, .T. ) ;
#3213 = CARTESIAN_POINT ( 'NONE',  ( 1.250000000000000000, 0.3549999999999999822, 0.000000000000000000 ) ) ;
#3214 = LINE ( 'NONE', #3565, #1970 ) ;
#3215 = FACE_OUTER_BOUND ( 'NONE', #332, .T. ) ;
#3216 = PLANE ( 'NONE',  #3469 ) ;
#3217 = LINE ( 'NONE', #1239, #2354 ) ;
#3218 = ORIENTED_EDGE ( 'NONE', *, *, #4142, .F. ) ;
#3219 = CARTESIAN_POINT ( 'NONE',  ( 0.5050000000000000044, -1.000000000000000000, 0.05099999999999999672 ) ) ;
#3220 = DIRECTION ( 'NONE',  ( 0.000000000000000000, 0.000000000000000000, -1.000000000000000000 ) ) ;
#3221 = EDGE_LOOP ( 'NONE', ( #3719, #2420, #734, #2036 ) ) ;
#3222 = SURFACE_SIDE_STYLE ('',( #1911 ) ) ;
#3223 =( NAMED_UNIT ( * ) SI_UNIT ( $, .STERADIAN. ) SOLID_ANGLE_UNIT ( ) );
#3224 = ORIENTED_EDGE ( 'NONE', *, *, #1130, .F. ) ;
#3225 = FACE_OUTER_BOUND ( 'NONE', #3584, .T. ) ;
#3226 = EDGE_CURVE ( 'NONE', #544, #1977, #4125, .T. ) ;
#3227 = CARTESIAN_POINT ( 'NONE',  ( -0.9349999999999999423, -1.399999999999999911, 0.05099999999999999672 ) ) ;
#3228 = LINE ( 'NONE', #3838, #2988 ) ;
#3229 = CLOSED_SHELL ( 'NONE', ( #1923, #1051, #2707, #1861, #3081, #514 ) ) ;
#3230 = CARTESIAN_POINT ( 'NONE',  ( 1.214999999999999858, -1.000000000000000000, 0.000000000000000000 ) ) ;
#3231 = ORIENTED_EDGE ( 'NONE', *, *, #1514, .T. ) ;
#3232 = AXIS2_PLACEMENT_3D ( 'NONE', #3169, #2597, #1560 ) ;
#3233 = CARTESIAN_POINT ( 'NONE',  ( -1.649999999999999911, 0.07499999999999999722, 0.000000000000000000 ) ) ;
#3234 = ADVANCED_FACE ( 'NONE', ( #3485 ), #183, .T. ) ;
#3235 = PLANE ( 'NONE',  #2236 ) ;
#3236 = CARTESIAN_POINT ( 'NONE',  ( -1.649999999999999911, 0.07499999999999999722, 0.000000000000000000 ) ) ;
#3237 = ORIENTED_EDGE ( 'NONE', *, *, #3392, .T. ) ;
#3238 = CARTESIAN_POINT ( 'NONE',  ( -1.649999999999999911, 0.07499999999999999722, 0.05099999999999999672 ) ) ;
#3239 = CARTESIAN_POINT ( 'NONE',  ( -0.07499999999999999722, 1.399999999999999911, 0.000000000000000000 ) ) ;
#3240 = ORIENTED_EDGE ( 'NONE', *, *, #3714, .F. ) ;
#3241 = ORIENTED_EDGE ( 'NONE', *, *, #1792, .T. ) ;
#3242 = DIRECTION ( 'NONE',  ( 0.000000000000000000, 0.000000000000000000, -1.000000000000000000 ) ) ;
#3243 = ORIENTED_EDGE ( 'NONE', *, *, #4207, .F. ) ;
#3244 = CARTESIAN_POINT ( 'NONE',  ( 1.649999999999999911, 0.5050000000000000044, 0.000000000000000000 ) ) ;
#3245 = LINE ( 'NONE', #3836, #3332 ) ;
#3246 = DIRECTION ( 'NONE',  ( 1.000000000000000000, 0.000000000000000000, 0.000000000000000000 ) ) ;
#3247 = LINE ( 'NONE', #961, #1064 ) ;
#3248 = ORIENTED_EDGE ( 'NONE', *, *, #198, .T. ) ;
#3249 = EDGE_CURVE ( 'NONE', #144, #1033, #3786, .T. ) ;
#3250 = VECTOR ( 'NONE', #2864, 1000.000000000000000 ) ;
#3251 = PLANE ( 'NONE',  #162 ) ;
#3252 = DIRECTION ( 'NONE',  ( 0.000000000000000000, 0.000000000000000000, -1.000000000000000000 ) ) ;
#3253 = CARTESIAN_POINT ( 'NONE',  ( 0.7850000000000000311, 1.000000000000000000, 0.05099999999999999672 ) ) ;
#3254 = SURFACE_STYLE_FILL_AREA ( #3890 ) ;
#3255 = VECTOR ( 'NONE', #1065, 1000.000000000000000 ) ;
#3256 = AXIS2_PLACEMENT_3D ( 'NONE', #2859, #3263, #3552 ) ;
#3257 = ADVANCED_FACE ( 'NONE', ( #1481 ), #2542, .T. ) ;
#3258 = ORIENTED_EDGE ( 'NONE', *, *, #3807, .T. ) ;
#3259 = AXIS2_PLACEMENT_3D ( 'NONE', #3964, #277, #2588 ) ;
#3260 = VECTOR ( 'NONE', #116, 1000.000000000000000 ) ;
#3261 = DIRECTION ( 'NONE',  ( 1.000000000000000000, 0.000000000000000000, 0.000000000000000000 ) ) ;
#3262 = STYLED_ITEM ( 'NONE', ( #570 ), #3386 ) ;
#3263 = DIRECTION ( 'NONE',  ( 0.000000000000000000, 0.000000000000000000, -1.000000000000000000 ) ) ;
#3264 = ADVANCED_FACE ( 'NONE', ( #1182 ), #1161, .T. ) ;
#3265 = VECTOR ( 'NONE', #1658, 1000.000000000000000 ) ;
#3266 = ORIENTED_EDGE ( 'NONE', *, *, #736, .T. ) ;
#3267 = ORIENTED_EDGE ( 'NONE', *, *, #3419, .T. ) ;
#3268 = CARTESIAN_POINT ( 'NONE',  ( -1.250000000000000000, 0.07499999999999999722, 0.000000000000000000 ) ) ;
#3269 = LINE ( 'NONE', #3766, #3687 ) ;
#3270 = COLOUR_RGB ( '',0.7215686274509803821, 0.7215686274509803821, 0.7215686274509803821 ) ;
#3271 = ORIENTED_EDGE ( 'NONE', *, *, #693, .T. ) ;
#3272 = CARTESIAN_POINT ( 'NONE',  ( -1.649999999999999911, 0.07499999999999999722, 0.000000000000000000 ) ) ;
#3273 = PLANE ( 'NONE',  #2172 ) ;
#3274 = CARTESIAN_POINT ( 'NONE',  ( 0.07499999999999999722, 1.000000000000000000, 0.000000000000000000 ) ) ;
#3275 = UNCERTAINTY_MEASURE_WITH_UNIT (LENGTH_MEASURE( 1.000000000000000082E-05 ), #4025, 'distance_accuracy_value', 'NONE');
#3276 = ORIENTED_EDGE ( 'NONE', *, *, #78, .F. ) ;
#3277 = MANIFOLD_SOLID_BREP ( 'Imported26', #2140 ) ;
#3278 = ORIENTED_EDGE ( 'NONE', *, *, #1879, .F. ) ;
#3279 = LINE ( 'NONE', #344, #1198 ) ;
#3280 = CARTESIAN_POINT ( 'NONE',  ( 1.649999999999999911, 0.3549999999999999822, 0.05099999999999999672 ) ) ;
#3281 = DIRECTION ( 'NONE',  ( 1.000000000000000000, 0.000000000000000000, 0.000000000000000000 ) ) ;
#3282 = ADVANCED_FACE ( 'NONE', ( #2797 ), #2199, .T. ) ;
#3283 = SURFACE_STYLE_USAGE ( .BOTH. , #2065 ) ;
#3284 = ORIENTED_EDGE ( 'NONE', *, *, #2839, .T. ) ;
#3285 = VERTEX_POINT ( 'NONE', #837 ) ;
#3286 = EDGE_CURVE ( 'NONE', #1728, #1589, #3768, .T. ) ;
#3287 = LINE ( 'NONE', #1646, #1651 ) ;
#3288 = ORIENTED_EDGE ( 'NONE', *, *, #3847, .T. ) ;
#3289 = VERTEX_POINT ( 'NONE', #3508 ) ;
#3290 = CARTESIAN_POINT ( 'NONE',  ( -1.250000000000000000, -0.07499999999999999722, 0.05099999999999999672 ) ) ;
#3291 = DIRECTION ( 'NONE',  ( 0.000000000000000000, 0.000000000000000000, 1.000000000000000000 ) ) ;
#3292 = ADVANCED_FACE ( 'NONE', ( #558 ), #3444, .T. ) ;
#3293 = ORIENTED_EDGE ( 'NONE', *, *, #3152, .T. ) ;
#3294 = CARTESIAN_POINT ( 'NONE',  ( -1.250000000000000000, -0.7850000000000000311, 0.05099999999999999672 ) ) ;
#3295 = DIRECTION ( 'NONE',  ( 1.000000000000000000, 0.000000000000000000, 0.000000000000000000 ) ) ;
#3296 = CARTESIAN_POINT ( 'NONE',  ( 1.645000000000000018, -1.000000000000000000, 0.05099999999999999672 ) ) ;
#3297 = VERTEX_POINT ( 'NONE', #226 ) ;
#3298 = ORIENTED_EDGE ( 'NONE', *, *, #2428, .F. ) ;
#3299 = DIRECTION ( 'NONE',  ( 0.000000000000000000, 0.000000000000000000, -1.000000000000000000 ) ) ;
#3300 = CARTESIAN_POINT ( 'NONE',  ( -0.7850000000000000311, 1.000000000000000000, 0.05099999999999999672 ) ) ;
#3301 = DIRECTION ( 'NONE',  ( 0.000000000000000000, 0.000000000000000000, -1.000000000000000000 ) ) ;
#3302 = EDGE_LOOP ( 'NONE', ( #1476, #789, #1554, #3960 ) ) ;
#3303 = VECTOR ( 'NONE', #1810, 1000.000000000000000 ) ;
#3304 = EDGE_LOOP ( 'NONE', ( #2066, #316, #1859, #2765 ) ) ;
#3305 = CARTESIAN_POINT ( 'NONE',  ( 1.214999999999999858, 1.000000000000000000, 0.000000000000000000 ) ) ;
#3306 = CARTESIAN_POINT ( 'NONE',  ( 0.5050000000000000044, 1.000000000000000000, 0.000000000000000000 ) ) ;
#3307 = ADVANCED_FACE ( 'NONE', ( #1225 ), #3528, .T. ) ;
#3308 = VERTEX_POINT ( 'NONE', #2772 ) ;
#3309 = ORIENTED_EDGE ( 'NONE', *, *, #3939, .T. ) ;
#3310 = DIRECTION ( 'NONE',  ( 0.000000000000000000, 0.000000000000000000, -1.000000000000000000 ) ) ;
#3311 = EDGE_CURVE ( 'NONE', #1253, #2669, #2475, .T. ) ;
#3313 = LINE ( 'NONE', #1272, #3464 ) ;
#3312 =( LENGTH_UNIT ( ) NAMED_UNIT ( * ) SI_UNIT ( .MILLI., .METRE. ) );
#3314 = LINE ( 'NONE', #84, #655 ) ;
#3315 = DIRECTION ( 'NONE',  ( 0.000000000000000000, 0.000000000000000000, -1.000000000000000000 ) ) ;
#3316 = UNCERTAINTY_MEASURE_WITH_UNIT (LENGTH_MEASURE( 1.000000000000000082E-05 ), #1500, 'distance_accuracy_value', 'NONE');
#3317 = ORIENTED_EDGE ( 'NONE', *, *, #1139, .T. ) ;
#3318 = EDGE_CURVE ( 'NONE', #1382, #395, #1246, .T. ) ;
#3319 = ORIENTED_EDGE ( 'NONE', *, *, #931, .F. ) ;
#3320 = CARTESIAN_POINT ( 'NONE',  ( -1.364999999999999991, 1.000000000000000000, 0.000000000000000000 ) ) ;
#3321 = DIRECTION ( 'NONE',  ( 0.000000000000000000, 0.000000000000000000, -1.000000000000000000 ) ) ;
#3322 = DIRECTION ( 'NONE',  ( 0.000000000000000000, -1.000000000000000000, 0.000000000000000000 ) ) ;
#3323 = DIRECTION ( 'NONE',  ( 0.000000000000000000, -1.000000000000000000, 0.000000000000000000 ) ) ;
#3324 = ORIENTED_EDGE ( 'NONE', *, *, #2333, .T. ) ;
#3325 = VECTOR ( 'NONE', #3748, 1000.000000000000000 ) ;
#3326 = EDGE_LOOP ( 'NONE', ( #3593, #2976, #2193, #723 ) ) ;
#3327 = LINE ( 'NONE', #3044, #2861 ) ;
#3328 = CIRCLE ( 'NONE', #3256, 0.07499997700000007872 ) ;
#3329 = CARTESIAN_POINT ( 'NONE',  ( 1.750000000000000000, 1.500000000000000000, 1.650999999999999801 ) ) ;
#3330 = VECTOR ( 'NONE', #2331, 1000.000000000000000 ) ;
#3331 = ORIENTED_EDGE ( 'NONE', *, *, #1334, .T. ) ;
#3332 = VECTOR ( 'NONE', #4198, 1000.000000000000000 ) ;
#3333 = ORIENTED_EDGE ( 'NONE', *, *, #4207, .T. ) ;
#3334 = MECHANICAL_DESIGN_GEOMETRIC_PRESENTATION_REPRESENTATION (  '', ( #106 ), #3408 ) ;
#3335 = MANIFOLD_SOLID_BREP ( 'Imported19', #1647 ) ;
#3336 = ADVANCED_FACE ( 'NONE', ( #2884 ), #3555, .T. ) ;
#3337 = AXIS2_PLACEMENT_3D ( 'NONE', #944, #2257, #524 ) ;
#3339 = FACE_OUTER_BOUND ( 'NONE', #2347, .T. ) ;
#3338 = CARTESIAN_POINT ( 'NONE',  ( 0.9349999999999999423, -1.399999999999999911, 0.000000000000000000 ) ) ;
#3340 = DIRECTION ( 'NONE',  ( 0.000000000000000000, 0.000000000000000000, -1.000000000000000000 ) ) ;
#3341 = LINE ( 'NONE', #385, #3891 ) ;
#3342 = EDGE_CURVE ( 'NONE', #3604, #3509, #1587, .T. ) ;
#3343 = EDGE_LOOP ( 'NONE', ( #3060, #1288, #1796, #991 ) ) ;
#3344 = MANIFOLD_SOLID_BREP ( 'Imported13', #2073 ) ;
#3345 = ORIENTED_EDGE ( 'NONE', *, *, #3171, .T. ) ;
#3346 = CARTESIAN_POINT ( 'NONE',  ( 0.07499999999999999722, 1.000000000000000000, 0.05099999999999999672 ) ) ;
#3347 = LINE ( 'NONE', #3367, #3120 ) ;
#3348 = CARTESIAN_POINT ( 'NONE',  ( -1.649999999999999911, -0.3549999999999999822, 0.05099999999999999672 ) ) ;
#3349 = DIRECTION ( 'NONE',  ( 0.000000000000000000, 1.000000000000000000, 0.000000000000000000 ) ) ;
#3350 = EDGE_CURVE ( 'NONE', #860, #941, #1985, .T. ) ;
#3351 = ORIENTED_EDGE ( 'NONE', *, *, #38, .T. ) ;
#3352 = ORIENTED_EDGE ( 'NONE', *, *, #3286, .T. ) ;
#3353 = CARTESIAN_POINT ( 'NONE',  ( 0.9349999999999999423, -1.000000000000000000, 0.05099999999999999672 ) ) ;
#3354 = CARTESIAN_POINT ( 'NONE',  ( 0.7850000000000000311, -1.399999999999999911, 0.05099999999999999672 ) ) ;
#3355 = VERTEX_POINT ( 'NONE', #334 ) ;
#3356 = ORIENTED_EDGE ( 'NONE', *, *, #2557, .F. ) ;
#3357 = PLANE ( 'NONE',  #377 ) ;
#3358 = MANIFOLD_SOLID_BREP ( 'Imported4', #2754 ) ;
#3359 = DIRECTION ( 'NONE',  ( 0.000000000000000000, 1.000000000000000000, 0.000000000000000000 ) ) ;
#3360 = DIRECTION ( 'NONE',  ( 0.000000000000000000, 0.000000000000000000, -1.000000000000000000 ) ) ;
#3361 = PLANE ( 'NONE',  #1616 ) ;
#3362 = EDGE_LOOP ( 'NONE', ( #557, #2903, #1086, #1026 ) ) ;
#3363 = MANIFOLD_SOLID_BREP ( 'Imported5', #2890 ) ;
#3364 = VERTEX_POINT ( 'NONE', #1754 ) ;
#3365 = EDGE_CURVE ( 'NONE', #4034, #2078, #3762, .T. ) ;
#3366 = DIRECTION ( 'NONE',  ( 0.000000000000000000, -1.000000000000000000, 0.000000000000000000 ) ) ;
#3367 = CARTESIAN_POINT ( 'NONE',  ( 1.250000000000000000, 0.5050000000000000044, 0.000000000000000000 ) ) ;
#3368 = CARTESIAN_POINT ( 'NONE',  ( 0.7850000000000000311, -1.399999999999999911, 0.000000000000000000 ) ) ;
#3369 = LINE ( 'NONE', #413, #34 ) ;
#3370 = PRESENTATION_STYLE_ASSIGNMENT (( #845 ) ) ;
#3371 = ORIENTED_EDGE ( 'NONE', *, *, #3212, .F. ) ;
#3372 = EDGE_CURVE ( 'NONE', #25, #1873, #3456, .T. ) ;
#3373 = MANIFOLD_SOLID_BREP ( 'Imported1', #3853 ) ;
#3374 = EDGE_LOOP ( 'NONE', ( #2411, #4097, #3391, #3635 ) ) ;
#3375 = EDGE_CURVE ( 'NONE', #3700, #4034, #3421, .T. ) ;
#3376 = CARTESIAN_POINT ( 'NONE',  ( -0.07499999999999999722, -1.000000000000000000, 0.000000000000000000 ) ) ;
#3377 = PRESENTATION_STYLE_ASSIGNMENT (( #992 ) ) ;
#3378 = LINE ( 'NONE', #3354, #3923 ) ;
#3379 = AXIS2_PLACEMENT_3D ( 'NONE', #2369, #1394, #2710 ) ;
#3380 = ADVANCED_FACE ( 'NONE', ( #2810 ), #462, .T. ) ;
#3381 = ORIENTED_EDGE ( 'NONE', *, *, #2601, .T. ) ;
#3383 = CARTESIAN_POINT ( 'NONE',  ( -1.649999999999999911, 0.5050000000000000044, 0.000000000000000000 ) ) ;
#3382 = FACE_OUTER_BOUND ( 'NONE', #644, .T. ) ;
#3384 = CARTESIAN_POINT ( 'NONE',  ( -1.214999999999999858, -1.399999999999999911, 0.000000000000000000 ) ) ;
#3385 = VERTEX_POINT ( 'NONE', #1134 ) ;
#3386 = MANIFOLD_SOLID_BREP ( 'Imported15', #1716 ) ;
#3387 = DIRECTION ( 'NONE',  ( 0.000000000000000000, 0.000000000000000000, 1.000000000000000000 ) ) ;
#3388 = CARTESIAN_POINT ( 'NONE',  ( -1.474999976999999962, 0.6449999999999999067, 1.654000000000000137 ) ) ;
#3389 = DIRECTION ( 'NONE',  ( 1.000000000000000000, 0.000000000000000000, 0.000000000000000000 ) ) ;
#3390 = FACE_OUTER_BOUND ( 'NONE', #3134, .T. ) ;
#3391 = ORIENTED_EDGE ( 'NONE', *, *, #1836, .F. ) ;
#3392 = EDGE_CURVE ( 'NONE', #923, #866, #815, .T. ) ;
#3393 = MANIFOLD_SOLID_BREP ( 'Imported11', #2617 ) ;
#3394 = ORIENTED_EDGE ( 'NONE', *, *, #3654, .F. ) ;
#3395 = CARTESIAN_POINT ( 'NONE',  ( 1.250000000000000000, 0.3549999999999999822, 0.05099999999999999672 ) ) ;
#3396 = ADVANCED_FACE ( 'NONE', ( #3481 ), #3216, .T. ) ;
#3397 = AXIS2_PLACEMENT_3D ( 'NONE', #3577, #13, #1333 ) ;
#3398 = ORIENTED_EDGE ( 'NONE', *, *, #1234, .F. ) ;
#3399 = AXIS2_PLACEMENT_3D ( 'NONE', #3761, #2790, #1833 ) ;
#3400 =( LENGTH_UNIT ( ) NAMED_UNIT ( * ) SI_UNIT ( .MILLI., .METRE. ) );
#3401 = ADVANCED_FACE ( 'NONE', ( #3192 ), #2214, .T. ) ;
#3402 = VECTOR ( 'NONE', #2663, 1000.000000000000000 ) ;
#3403 = VECTOR ( 'NONE', #1323, 1000.000000000000000 ) ;
#3405 = DIRECTION ( 'NONE',  ( 1.000000000000000000, 0.000000000000000000, 0.000000000000000000 ) ) ;
#3404 = FACE_OUTER_BOUND ( 'NONE', #530, .T. ) ;
#3406 = DIRECTION ( 'NONE',  ( 0.000000000000000000, -1.000000000000000000, 0.000000000000000000 ) ) ;
#3407 = PRESENTATION_LAYER_ASSIGNMENT (  '', '', ( #31 ) ) ;
#3408 =( GEOMETRIC_REPRESENTATION_CONTEXT ( 3 ) GLOBAL_UNCERTAINTY_ASSIGNED_CONTEXT ( ( #209 ) ) GLOBAL_UNIT_ASSIGNED_CONTEXT ( ( #1598, #2535, #3520 ) ) REPRESENTATION_CONTEXT ( 'NONE', 'WORKASPACE' ) );
#3409 = ORIENTED_EDGE ( 'NONE', *, *, #1038, .T. ) ;
#3410 = PRESENTATION_LAYER_ASSIGNMENT (  '', '', ( #593 ) ) ;
#3411 = VECTOR ( 'NONE', #2896, 1000.000000000000000 ) ;
#3412 = DIRECTION ( 'NONE',  ( 0.000000000000000000, 0.000000000000000000, -1.000000000000000000 ) ) ;
#3413 = LINE ( 'NONE', #3755, #1413 ) ;
#3414 = DIRECTION ( 'NONE',  ( 0.000000000000000000, 0.000000000000000000, -1.000000000000000000 ) ) ;
#3415 = DIRECTION ( 'NONE',  ( -0.000000000000000000, 1.000000000000000000, 0.000000000000000000 ) ) ;
#3416 = VECTOR ( 'NONE', #3082, 1000.000000000000000 ) ;
#3417 = VERTEX_POINT ( 'NONE', #526 ) ;
#3418 = VERTEX_POINT ( 'NONE', #1559 ) ;
#3419 = EDGE_CURVE ( 'NONE', #415, #3801, #265, .T. ) ;
#3420 = DIRECTION ( 'NONE',  ( 0.000000000000000000, 0.000000000000000000, -1.000000000000000000 ) ) ;
#3421 = LINE ( 'NONE', #772, #1270 ) ;
#3422 = CARTESIAN_POINT ( 'NONE',  ( -0.9349999999999999423, -1.000000000000000000, 0.000000000000000000 ) ) ;
#3423 = VERTEX_POINT ( 'NONE', #1195 ) ;
#3424 = EDGE_CURVE ( 'NONE', #2837, #2819, #2878, .T. ) ;
#3425 = SURFACE_SIDE_STYLE ('',( #2116 ) ) ;
#3426 = EDGE_CURVE ( 'NONE', #3943, #3856, #1238, .T. ) ;
#3427 = CARTESIAN_POINT ( 'NONE',  ( 0.7850000000000000311, -1.000000000000000000, 0.000000000000000000 ) ) ;
#3428 = CARTESIAN_POINT ( 'NONE',  ( 1.750000000000000000, 1.500000000000000000, 0.05099999999999999672 ) ) ;
#3429 = ORIENTED_EDGE ( 'NONE', *, *, #3133, .F. ) ;
#3430 = CARTESIAN_POINT ( 'NONE',  ( 1.364999999999999991, -1.000000000000000000, 0.000000000000000000 ) ) ;
#3431 = LINE ( 'NONE', #2822, #3952 ) ;
#3432 = CARTESIAN_POINT ( 'NONE',  ( 1.250000000000000000, -0.07499999999999999722, 0.000000000000000000 ) ) ;
#3433 = DIRECTION ( 'NONE',  ( 0.000000000000000000, -1.000000000000000000, 0.000000000000000000 ) ) ;
#3434 = SURFACE_STYLE_USAGE ( .BOTH. , #1770 ) ;
#3435 = ORIENTED_EDGE ( 'NONE', *, *, #3598, .T. ) ;
#3436 = ORIENTED_EDGE ( 'NONE', *, *, #1519, .T. ) ;
#3437 = DIRECTION ( 'NONE',  ( -1.000000000000000000, 0.000000000000000000, 0.000000000000000000 ) ) ;
#3438 = FILL_AREA_STYLE ('',( #2170 ) ) ;
#3439 = CARTESIAN_POINT ( 'NONE',  ( -1.250000000000000000, 0.5050000000000000044, 0.05099999999999999672 ) ) ;
#3440 = EDGE_LOOP ( 'NONE', ( #3603, #3621, #1415, #2477 ) ) ;
#3441 = VECTOR ( 'NONE', #1575, 1000.000000000000000 ) ;
#3442 = ADVANCED_FACE ( 'NONE', ( #2259 ), #3567, .T. ) ;
#3443 = COLOUR_RGB ( '',0.7215686274509803821, 0.7215686274509803821, 0.7215686274509803821 ) ;
#3444 = PLANE ( 'NONE',  #1330 ) ;
#3445 = FACE_OUTER_BOUND ( 'NONE', #1043, .T. ) ;
#3446 = ORIENTED_EDGE ( 'NONE', *, *, #604, .T. ) ;
#3447 = EDGE_CURVE ( 'NONE', #155, #3729, #3499, .T. ) ;
#3448 = DIRECTION ( 'NONE',  ( 0.000000000000000000, 1.000000000000000000, 0.000000000000000000 ) ) ;
#3449 = LINE ( 'NONE', #492, #858 ) ;
#3450 = CARTESIAN_POINT ( 'NONE',  ( -0.9349999999999999423, -1.399999999999999911, 0.05099999999999999672 ) ) ;
#3451 = LINE ( 'NONE', #2824, #2097 ) ;
#3452 = ORIENTED_EDGE ( 'NONE', *, *, #1263, .F. ) ;
#3453 = ADVANCED_FACE ( 'NONE', ( #49 ), #984, .T. ) ;
#3454 = DIRECTION ( 'NONE',  ( 0.000000000000000000, -1.000000000000000000, 0.000000000000000000 ) ) ;
#3455 = DIRECTION ( 'NONE',  ( 0.000000000000000000, 0.000000000000000000, -1.000000000000000000 ) ) ;
#3456 = LINE ( 'NONE', #2733, #657 ) ;
#3457 = CARTESIAN_POINT ( 'NONE',  ( -0.7850000000000000311, 1.399999999999999911, 0.05099999999999999672 ) ) ;
#3458 = VERTEX_POINT ( 'NONE', #305 ) ;
#3459 = VECTOR ( 'NONE', #3624, 1000.000000000000000 ) ;
#3460 = DIRECTION ( 'NONE',  ( 0.000000000000000000, 0.000000000000000000, -1.000000000000000000 ) ) ;
#3461 = PLANE ( 'NONE',  #166 ) ;
#3462 = VECTOR ( 'NONE', #969, 1000.000000000000000 ) ;
#3463 = ORIENTED_EDGE ( 'NONE', *, *, #128, .F. ) ;
#3464 = VECTOR ( 'NONE', #2906, 1000.000000000000000 ) ;
#3465 = AXIS2_PLACEMENT_3D ( 'NONE', #2463, #473, #3732 ) ;
#3466 = LINE ( 'NONE', #3207, #2720 ) ;
#3467 = EDGE_CURVE ( 'NONE', #2875, #881, #68, .T. ) ;
#3468 = CARTESIAN_POINT ( 'NONE',  ( 0.07499999999999999722, -1.399999999999999911, 0.000000000000000000 ) ) ;
#3469 = AXIS2_PLACEMENT_3D ( 'NONE', #4227, #900, #1282 ) ;
#3470 = DIRECTION ( 'NONE',  ( 0.000000000000000000, -1.000000000000000000, 0.000000000000000000 ) ) ;
#3471 = DIRECTION ( 'NONE',  ( 0.000000000000000000, -1.000000000000000000, 0.000000000000000000 ) ) ;
#3472 = CARTESIAN_POINT ( 'NONE',  ( -0.9349999999999999423, 1.399999999999999911, 0.000000000000000000 ) ) ;
#3473 = ORIENTED_EDGE ( 'NONE', *, *, #2385, .T. ) ;
#3474 = VECTOR ( 'NONE', #3728, 1000.000000000000000 ) ;
#3475 = VECTOR ( 'NONE', #3986, 1000.000000000000000 ) ;
#3476 = LINE ( 'NONE', #3843, #3648 ) ;
#3477 = CARTESIAN_POINT ( 'NONE',  ( 1.649999999999999911, 0.7850000000000000311, 0.05099999999999999672 ) ) ;
#3478 = EDGE_CURVE ( 'NONE', #3829, #2563, #2636, .T. ) ;
#3479 = LINE ( 'NONE', #461, #855 ) ;
#3480 =( GEOMETRIC_REPRESENTATION_CONTEXT ( 3 ) GLOBAL_UNCERTAINTY_ASSIGNED_CONTEXT ( ( #651 ) ) GLOBAL_UNIT_ASSIGNED_CONTEXT ( ( #3400, #1118, #2771 ) ) REPRESENTATION_CONTEXT ( 'NONE', 'WORKASPACE' ) );
#3481 = FACE_OUTER_BOUND ( 'NONE', #1606, .T. ) ;
#3482 = LINE ( 'NONE', #2793, #2481 ) ;
#3483 = ORIENTED_EDGE ( 'NONE', *, *, #2794, .T. ) ;
#3484 = ORIENTED_EDGE ( 'NONE', *, *, #1936, .F. ) ;
#3485 = FACE_OUTER_BOUND ( 'NONE', #4150, .T. ) ;
#3486 = FILL_AREA_STYLE ('',( #2177 ) ) ;
#3487 = ORIENTED_EDGE ( 'NONE', *, *, #2474, .T. ) ;
#3488 = FACE_OUTER_BOUND ( 'NONE', #4082, .T. ) ;
#3489 = CARTESIAN_POINT ( 'NONE',  ( -1.649999999999999911, -0.07499999999999999722, 0.05099999999999999672 ) ) ;
#3490 = DIRECTION ( 'NONE',  ( 0.000000000000000000, 0.000000000000000000, 1.000000000000000000 ) ) ;
#3491 = PLANE ( 'NONE',  #2306 ) ;
#3492 = UNCERTAINTY_MEASURE_WITH_UNIT (LENGTH_MEASURE( 1.000000000000000082E-05 ), #3312, 'distance_accuracy_value', 'NONE');
#3493 = FACE_OUTER_BOUND ( 'NONE', #386, .T. ) ;
#3494 = ORIENTED_EDGE ( 'NONE', *, *, #2662, .F. ) ;
#3495 = EDGE_CURVE ( 'NONE', #380, #3417, #1030, .T. ) ;
#3496 = LINE ( 'NONE', #1235, #1312 ) ;
#3497 = FACE_OUTER_BOUND ( 'NONE', #1074, .T. ) ;
#3498 = CARTESIAN_POINT ( 'NONE',  ( -1.364999999999999991, -1.000000000000000000, 0.05099999999999999672 ) ) ;
#3499 = LINE ( 'NONE', #215, #445 ) ;
#3500 = UNCERTAINTY_MEASURE_WITH_UNIT (LENGTH_MEASURE( 1.000000000000000082E-05 ), #3723, 'distance_accuracy_value', 'NONE');
#3501 = PLANE ( 'NONE',  #482 ) ;
#3502 = EDGE_CURVE ( 'NONE', #5, #2860, #1622, .T. ) ;
#3503 = VERTEX_POINT ( 'NONE', #3348 ) ;
#3504 =( NAMED_UNIT ( * ) PLANE_ANGLE_UNIT ( ) SI_UNIT ( $, .RADIAN. ) );
#3505 = CARTESIAN_POINT ( 'NONE',  ( -1.649999999999999911, -0.07499999999999999722, 0.05099999999999999672 ) ) ;
#3506 = ORIENTED_EDGE ( 'NONE', *, *, #2376, .T. ) ;
#3507 = ORIENTED_EDGE ( 'NONE', *, *, #352, .F. ) ;
#3508 = CARTESIAN_POINT ( 'NONE',  ( 0.5050000000000000044, 1.000000000000000000, 0.05099999999999999672 ) ) ;
#3509 = VERTEX_POINT ( 'NONE', #4011 ) ;
#3510 = AXIS2_PLACEMENT_3D ( 'NONE', #7, #1669, #33 ) ;
#3511 = FACE_OUTER_BOUND ( 'NONE', #1293, .T. ) ;
#3512 = LINE ( 'NONE', #2527, #3540 ) ;
#3513 = PLANE ( 'NONE',  #4162 ) ;
#3514 = CARTESIAN_POINT ( 'NONE',  ( -1.399999999999999911, 0.6449999999999999067, 1.650999999999999801 ) ) ;
#3515 = LINE ( 'NONE', #1573, #1027 ) ;
#3516 = VERTEX_POINT ( 'NONE', #1367 ) ;
#3517 = ORIENTED_EDGE ( 'NONE', *, *, #1259, .F. ) ;
#3518 = CARTESIAN_POINT ( 'NONE',  ( 1.214999999999999858, -1.399999999999999911, 0.05099999999999999672 ) ) ;
#3519 = CARTESIAN_POINT ( 'NONE',  ( 1.649999999999999911, 0.07499999999999999722, 0.000000000000000000 ) ) ;
#3520 =( NAMED_UNIT ( * ) SI_UNIT ( $, .STERADIAN. ) SOLID_ANGLE_UNIT ( ) );
#3521 = EDGE_CURVE ( 'NONE', #3943, #3994, #3670, .T. ) ;
#3522 = LINE ( 'NONE', #2260, #3995 ) ;
#3523 = ORIENTED_EDGE ( 'NONE', *, *, #3447, .F. ) ;
#3524 = EDGE_CURVE ( 'NONE', #4013, #2003, #2956, .T. ) ;
#3525 = DIRECTION ( 'NONE',  ( 1.000000000000000000, 0.000000000000000000, 0.000000000000000000 ) ) ;
#3526 = ORIENTED_EDGE ( 'NONE', *, *, #2560, .T. ) ;
#3527 = ORIENTED_EDGE ( 'NONE', *, *, #2245, .T. ) ;
#3528 = PLANE ( 'NONE',  #3179 ) ;
#3529 = CARTESIAN_POINT ( 'NONE',  ( 0.5050000000000000044, -1.399999999999999911, 0.000000000000000000 ) ) ;
#3530 = EDGE_CURVE ( 'NONE', #2846, #1696, #346, .T. ) ;
#3531 = ORIENTED_EDGE ( 'NONE', *, *, #1632, .F. ) ;
#3532 = AXIS2_PLACEMENT_3D ( 'NONE', #3203, #202, #487 ) ;
#3533 = LINE ( 'NONE', #3876, #1202 ) ;
#3534 = PLANE ( 'NONE',  #3052 ) ;
#3535 = AXIS2_PLACEMENT_3D ( 'NONE', #1262, #3870, #2283 ) ;
#3536 = CARTESIAN_POINT ( 'NONE',  ( -1.645000000000000018, 1.000000000000000000, 0.000000000000000000 ) ) ;
#3537 = DIRECTION ( 'NONE',  ( 0.000000000000000000, -1.000000000000000000, 0.000000000000000000 ) ) ;
#3538 = ORIENTED_EDGE ( 'NONE', *, *, #4211, .T. ) ;
#3539 = VECTOR ( 'NONE', #2126, 1000.000000000000000 ) ;
#3540 = VECTOR ( 'NONE', #2888, 1000.000000000000000 ) ;
#3541 = MECHANICAL_DESIGN_GEOMETRIC_PRESENTATION_REPRESENTATION (  '', ( #3262 ), #3682 ) ;
#3542 = LINE ( 'NONE', #2895, #763 ) ;
#3543 = PLANE ( 'NONE',  #1545 ) ;
#3544 = DIRECTION ( 'NONE',  ( 1.000000000000000000, 0.000000000000000000, 0.000000000000000000 ) ) ;
#3545 = DIRECTION ( 'NONE',  ( 0.000000000000000000, 0.000000000000000000, -1.000000000000000000 ) ) ;
#3546 = VECTOR ( 'NONE', #1933, 1000.000000000000000 ) ;
#3547 = VECTOR ( 'NONE', #596, 1000.000000000000000 ) ;
#3548 = ADVANCED_FACE ( 'NONE', ( #4 ), #721, .T. ) ;
#3549 = ORIENTED_EDGE ( 'NONE', *, *, #203, .T. ) ;
#3550 = AXIS2_PLACEMENT_3D ( 'NONE', #809, #3124, #2162 ) ;
#3551 = FILL_AREA_STYLE_COLOUR ( '', #3067 ) ;
#3552 = DIRECTION ( 'NONE',  ( 1.000000000000000000, 0.000000000000000000, 0.000000000000000000 ) ) ;
#3553 = EDGE_CURVE ( 'NONE', #331, #422, #1995, .T. ) ;
#3554 = VERTEX_POINT ( 'NONE', #2682 ) ;
#3555 = PLANE ( 'NONE',  #2910 ) ;
#3556 = DIRECTION ( 'NONE',  ( -0.000000000000000000, 1.000000000000000000, 0.000000000000000000 ) ) ;
#3557 = ORIENTED_EDGE ( 'NONE', *, *, #471, .F. ) ;
#3558 = ADVANCED_FACE ( 'NONE', ( #2298 ), #1386, .T. ) ;
#3559 = DIRECTION ( 'NONE',  ( 0.000000000000000000, 0.000000000000000000, 1.000000000000000000 ) ) ;
#3560 = CARTESIAN_POINT ( 'NONE',  ( -1.214999999999999858, 1.399999999999999911, 0.000000000000000000 ) ) ;
#3561 = CARTESIAN_POINT ( 'NONE',  ( -1.214999999999999858, 1.399999999999999911, 0.000000000000000000 ) ) ;
#3562 = LINE ( 'NONE', #2229, #4178 ) ;
#3563 = VERTEX_POINT ( 'NONE', #2614 ) ;
#3564 = CARTESIAN_POINT ( 'NONE',  ( -1.649999999999999911, -0.07499999999999999722, 0.05099999999999999672 ) ) ;
#3565 = CARTESIAN_POINT ( 'NONE',  ( 0.9349999999999999423, -1.399999999999999911, 0.000000000000000000 ) ) ;
#3566 = DIRECTION ( 'NONE',  ( -0.000000000000000000, 1.000000000000000000, 0.000000000000000000 ) ) ;
#3567 = CYLINDRICAL_SURFACE ( 'NONE', #2781, 0.07499997700000007872 ) ;
#3568 = CARTESIAN_POINT ( 'NONE',  ( -1.645000000000000018, 1.000000000000000000, 0.05099999999999999672 ) ) ;
#3569 =( GEOMETRIC_REPRESENTATION_CONTEXT ( 3 ) GLOBAL_UNCERTAINTY_ASSIGNED_CONTEXT ( ( #340 ) ) GLOBAL_UNIT_ASSIGNED_CONTEXT ( ( #2975, #2666, #3974 ) ) REPRESENTATION_CONTEXT ( 'NONE', 'WORKASPACE' ) );
#3570 = ORIENTED_EDGE ( 'NONE', *, *, #3767, .F. ) ;
#3571 = CARTESIAN_POINT ( 'NONE',  ( 0.7850000000000000311, 1.399999999999999911, 0.000000000000000000 ) ) ;
#3572 = LINE ( 'NONE', #3896, #3462 ) ;
#3573 = VERTEX_POINT ( 'NONE', #3609 ) ;
#3574 = FILL_AREA_STYLE_COLOUR ( '', #1003 ) ;
#3575 = EDGE_CURVE ( 'NONE', #460, #3364, #703, .T. ) ;
#3576 = ORIENTED_EDGE ( 'NONE', *, *, #549, .T. ) ;
#3577 = CARTESIAN_POINT ( 'NONE',  ( -1.649999999999999911, -0.07499999999999999722, 0.000000000000000000 ) ) ;
#3578 = DIRECTION ( 'NONE',  ( 1.000000000000000000, 0.000000000000000000, 0.000000000000000000 ) ) ;
#3579 = LINE ( 'NONE', #1679, #1142 ) ;
#3580 = ADVANCED_FACE ( 'NONE', ( #2974 ), #1047, .T. ) ;
#3581 = UNCERTAINTY_MEASURE_WITH_UNIT (LENGTH_MEASURE( 1.000000000000000082E-05 ), #3068, 'distance_accuracy_value', 'NONE');
#3582 = AXIS2_PLACEMENT_3D ( 'NONE', #2552, #2807, #2827 ) ;
#3583 = CARTESIAN_POINT ( 'NONE',  ( -1.750000000000000000, 1.500000000000000000, 0.05099999999999999672 ) ) ;
#3584 = EDGE_LOOP ( 'NONE', ( #3196, #2057, #1865, #3258 ) ) ;
#3585 = DIRECTION ( 'NONE',  ( 0.000000000000000000, 1.000000000000000000, 0.000000000000000000 ) ) ;
#3586 = CARTESIAN_POINT ( 'NONE',  ( 0.7850000000000000311, 1.399999999999999911, 0.05099999999999999672 ) ) ;
#3587 = CARTESIAN_POINT ( 'NONE',  ( -1.645000000000000018, 1.000000000000000000, 0.000000000000000000 ) ) ;
#3588 = EDGE_CURVE ( 'NONE', #3629, #602, #1975, .T. ) ;
#3589 = CARTESIAN_POINT ( 'NONE',  ( 1.750000000000000000, -1.500000000000000000, 1.650999999999999801 ) ) ;
#3590 = ORIENTED_EDGE ( 'NONE', *, *, #4184, .F. ) ;
#3591 = CARTESIAN_POINT ( 'NONE',  ( -0.9349999999999999423, 1.399999999999999911, 0.000000000000000000 ) ) ;
#3592 = CARTESIAN_POINT ( 'NONE',  ( -1.649999999999999911, -0.7850000000000000311, 0.000000000000000000 ) ) ;
#3593 = ORIENTED_EDGE ( 'NONE', *, *, #1555, .F. ) ;
#3594 = ORIENTED_EDGE ( 'NONE', *, *, #96, .F. ) ;
#3595 =( LENGTH_UNIT ( ) NAMED_UNIT ( * ) SI_UNIT ( .MILLI., .METRE. ) );
#3596 = FILL_AREA_STYLE ('',( #293 ) ) ;
#3597 = ORIENTED_EDGE ( 'NONE', *, *, #4102, .F. ) ;
#3598 = EDGE_CURVE ( 'NONE', #2361, #3087, #3973, .T. ) ;
#3599 = CARTESIAN_POINT ( 'NONE',  ( 1.364999999999999991, 1.399999999999999911, 0.000000000000000000 ) ) ;
#3600 = DIRECTION ( 'NONE',  ( 1.000000000000000000, 0.000000000000000000, 0.000000000000000000 ) ) ;
#3601 = CARTESIAN_POINT ( 'NONE',  ( 1.649999999999999911, 0.5050000000000000044, 0.000000000000000000 ) ) ;
#3602 = PRESENTATION_LAYER_ASSIGNMENT (  '', '', ( #2498 ) ) ;
#3603 = ORIENTED_EDGE ( 'NONE', *, *, #2716, .F. ) ;
#3604 = VERTEX_POINT ( 'NONE', #3253 ) ;
#3605 = EDGE_CURVE ( 'NONE', #2964, #3760, #3632, .T. ) ;
#3606 = CIRCLE ( 'NONE', #1534, 0.07499997700000007872 ) ;
#3607 = CARTESIAN_POINT ( 'NONE',  ( -1.250000000000000000, 0.7850000000000000311, 0.05099999999999999672 ) ) ;
#3608 = DIRECTION ( 'NONE',  ( 0.000000000000000000, 0.000000000000000000, -1.000000000000000000 ) ) ;
#3609 = CARTESIAN_POINT ( 'NONE',  ( 0.9349999999999999423, 1.399999999999999911, 0.000000000000000000 ) ) ;
#3610 = FACE_OUTER_BOUND ( 'NONE', #704, .T. ) ;
#3611 = VERTEX_POINT ( 'NONE', #3368 ) ;
#3612 = AXIS2_PLACEMENT_3D ( 'NONE', #4071, #3037, #4053 ) ;
#3613 = VECTOR ( 'NONE', #1040, 1000.000000000000000 ) ;
#3614 = ADVANCED_FACE ( 'NONE', ( #2391 ), #4037, .T. ) ;
#3615 = EDGE_LOOP ( 'NONE', ( #2294, #2886, #501, #680 ) ) ;
#3616 = VECTOR ( 'NONE', #1569, 1000.000000000000000 ) ;
#3617 = FACE_OUTER_BOUND ( 'NONE', #2622, .T. ) ;
#3618 = DIRECTION ( 'NONE',  ( 0.000000000000000000, 0.000000000000000000, -1.000000000000000000 ) ) ;
#3619 = MECHANICAL_DESIGN_GEOMETRIC_PRESENTATION_REPRESENTATION (  '', ( #1963 ), #2312 ) ;
#3620 = AXIS2_PLACEMENT_3D ( 'NONE', #1788, #3756, #3103 ) ;
#3621 = ORIENTED_EDGE ( 'NONE', *, *, #2871, .F. ) ;
#3622 = PLANE ( 'NONE',  #2449 ) ;
#3623 = ORIENTED_EDGE ( 'NONE', *, *, #653, .T. ) ;
#3624 = DIRECTION ( 'NONE',  ( 0.000000000000000000, -1.000000000000000000, 0.000000000000000000 ) ) ;
#3625 = DIRECTION ( 'NONE',  ( 0.000000000000000000, -1.000000000000000000, 0.000000000000000000 ) ) ;
#3626 = DIRECTION ( 'NONE',  ( 0.000000000000000000, -1.000000000000000000, 0.000000000000000000 ) ) ;
#3627 = UNCERTAINTY_MEASURE_WITH_UNIT (LENGTH_MEASURE( 1.000000000000000082E-05 ), #882, 'distance_accuracy_value', 'NONE');
#3628 = EDGE_LOOP ( 'NONE', ( #160, #3987, #3868, #299 ) ) ;
#3629 = VERTEX_POINT ( 'NONE', #3065 ) ;
#3630 = DIRECTION ( 'NONE',  ( 0.000000000000000000, -1.000000000000000000, 0.000000000000000000 ) ) ;
#3631 = CARTESIAN_POINT ( 'NONE',  ( 1.214999999999999858, 1.000000000000000000, 0.05099999999999999672 ) ) ;
#3632 = LINE ( 'NONE', #2937, #3198 ) ;
#3633 = ORIENTED_EDGE ( 'NONE', *, *, #471, .T. ) ;
#3634 = ADVANCED_FACE ( 'NONE', ( #431 ), #1089, .T. ) ;
#3635 = ORIENTED_EDGE ( 'NONE', *, *, #3770, .T. ) ;
#3636 = DIRECTION ( 'NONE',  ( 0.000000000000000000, 0.000000000000000000, -1.000000000000000000 ) ) ;
#3637 = LINE ( 'NONE', #1713, #4064 ) ;
#3638 = EDGE_CURVE ( 'NONE', #2658, #602, #412, .T. ) ;
#3639 = ORIENTED_EDGE ( 'NONE', *, *, #3638, .T. ) ;
#3640 =( NAMED_UNIT ( * ) PLANE_ANGLE_UNIT ( ) SI_UNIT ( $, .RADIAN. ) );
#3641 = FACE_OUTER_BOUND ( 'NONE', #3029, .T. ) ;
#3642 = CARTESIAN_POINT ( 'NONE',  ( -0.9349999999999999423, 1.000000000000000000, 0.05099999999999999672 ) ) ;
#3643 = DIRECTION ( 'NONE',  ( 0.000000000000000000, 1.000000000000000000, 0.000000000000000000 ) ) ;
#3644 = EDGE_LOOP ( 'NONE', ( #1543, #483, #615, #2284 ) ) ;
#3645 = VERTEX_POINT ( 'NONE', #1486 ) ;
#3646 = PLANE ( 'NONE',  #26 ) ;
#3647 = DIRECTION ( 'NONE',  ( 0.000000000000000000, 0.000000000000000000, 1.000000000000000000 ) ) ;
#3648 = VECTOR ( 'NONE', #897, 1000.000000000000000 ) ;
#3649 = CARTESIAN_POINT ( 'NONE',  ( -1.214999999999999858, 1.000000000000000000, 0.05099999999999999672 ) ) ;
#3650 = PLANE ( 'NONE',  #535 ) ;
#3651 = ORIENTED_EDGE ( 'NONE', *, *, #1085, .T. ) ;
#3652 =( GEOMETRIC_REPRESENTATION_CONTEXT ( 3 ) GLOBAL_UNCERTAINTY_ASSIGNED_CONTEXT ( ( #2591 ) ) GLOBAL_UNIT_ASSIGNED_CONTEXT ( ( #4044, #1137, #1437 ) ) REPRESENTATION_CONTEXT ( 'NONE', 'WORKASPACE' ) );
#3653 = ORIENTED_EDGE ( 'NONE', *, *, #2221, .F. ) ;
#3654 = EDGE_CURVE ( 'NONE', #1455, #2558, #3774, .T. ) ;
#3655 = LINE ( 'NONE', #3722, #1267 ) ;
#3656 = PLANE ( 'NONE',  #2280 ) ;
#3657 = VERTEX_POINT ( 'NONE', #2125 ) ;
#3658 = EDGE_LOOP ( 'NONE', ( #4232, #2603, #3720, #2705 ) ) ;
#3659 = ADVANCED_FACE ( 'NONE', ( #1806 ), #1431, .T. ) ;
#3660 =( LENGTH_UNIT ( ) NAMED_UNIT ( * ) SI_UNIT ( .MILLI., .METRE. ) );
#3661 = ADVANCED_FACE ( 'NONE', ( #1745 ), #764, .T. ) ;
#3663 = CARTESIAN_POINT ( 'NONE',  ( -0.5050000000000000044, -1.000000000000000000, 0.000000000000000000 ) ) ;
#3662 =( NAMED_UNIT ( * ) PLANE_ANGLE_UNIT ( ) SI_UNIT ( $, .RADIAN. ) );
#3664 = CARTESIAN_POINT ( 'NONE',  ( 0.9349999999999999423, 1.000000000000000000, 0.05099999999999999672 ) ) ;
#3665 = CARTESIAN_POINT ( 'NONE',  ( -0.5050000000000000044, -1.399999999999999911, 0.05099999999999999672 ) ) ;
#3666 = ORIENTED_EDGE ( 'NONE', *, *, #1555, .T. ) ;
#3667 = ORIENTED_EDGE ( 'NONE', *, *, #3530, .F. ) ;
#3668 = DIRECTION ( 'NONE',  ( -1.000000000000000000, 0.000000000000000000, 0.000000000000000000 ) ) ;
#3669 = CARTESIAN_POINT ( 'NONE',  ( -1.750000000000000000, -1.500000000000000000, 0.05099999999999999672 ) ) ;
#3670 = LINE ( 'NONE', #1947, #2921 ) ;
#3671 = FILL_AREA_STYLE_COLOUR ( '', #2265 ) ;
#3672 = ORIENTED_EDGE ( 'NONE', *, *, #2960, .F. ) ;
#3673 = STYLED_ITEM ( 'NONE', ( #910 ), #3277 ) ;
#3674 = VERTEX_POINT ( 'NONE', #2802 ) ;
#3675 = CARTESIAN_POINT ( 'NONE',  ( -0.9349999999999999423, -1.000000000000000000, 0.05099999999999999672 ) ) ;
#3676 = VECTOR ( 'NONE', #2873, 1000.000000000000000 ) ;
#3677 = DIRECTION ( 'NONE',  ( -1.000000000000000000, 0.000000000000000000, 0.000000000000000000 ) ) ;
#3678 = VECTOR ( 'NONE', #418, 1000.000000000000000 ) ;
#3679 = VERTEX_POINT ( 'NONE', #135 ) ;
#3680 = VECTOR ( 'NONE', #1938, 1000.000000000000000 ) ;
#3681 = VERTEX_POINT ( 'NONE', #3123 ) ;
#3682 =( GEOMETRIC_REPRESENTATION_CONTEXT ( 3 ) GLOBAL_UNCERTAINTY_ASSIGNED_CONTEXT ( ( #1857 ) ) GLOBAL_UNIT_ASSIGNED_CONTEXT ( ( #2596, #3888, #2898 ) ) REPRESENTATION_CONTEXT ( 'NONE', 'WORKASPACE' ) );
#3683 = DIRECTION ( 'NONE',  ( 0.000000000000000000, 0.000000000000000000, 1.000000000000000000 ) ) ;
#3684 = PRESENTATION_LAYER_ASSIGNMENT (  '', '', ( #1271 ) ) ;
#3685 = ADVANCED_FACE ( 'NONE', ( #493 ), #1463, .T. ) ;
#3686 = AXIS2_PLACEMENT_3D ( 'NONE', #2063, #3389, #1109 ) ;
#3687 = VECTOR ( 'NONE', #1797, 1000.000000000000000 ) ;
#3689 = PLANE ( 'NONE',  #4140 ) ;
#3688 = SURFACE_SIDE_STYLE ('',( #2694 ) ) ;
#3690 = PLANE ( 'NONE',  #2441 ) ;
#3691 = LINE ( 'NONE', #1255, #447 ) ;
#3692 = EDGE_LOOP ( 'NONE', ( #805, #2826, #769, #3848 ) ) ;
#3693 = ADVANCED_FACE ( 'NONE', ( #745 ), #1724, .T. ) ;
#3694 = VERTEX_POINT ( 'NONE', #2745 ) ;
#3695 = CARTESIAN_POINT ( 'NONE',  ( -0.5050000000000000044, -1.399999999999999911, 0.05099999999999999672 ) ) ;
#3696 = CARTESIAN_POINT ( 'NONE',  ( -1.250000000000000000, -0.7850000000000000311, 0.000000000000000000 ) ) ;
#3697 = DIRECTION ( 'NONE',  ( 0.000000000000000000, 0.000000000000000000, -1.000000000000000000 ) ) ;
#3698 = CARTESIAN_POINT ( 'NONE',  ( -1.399999999999999911, 0.6449999999999999067, 1.650999999999999801 ) ) ;
#3699 = CARTESIAN_POINT ( 'NONE',  ( 0.9349999999999999423, 1.000000000000000000, 0.000000000000000000 ) ) ;
#3700 = VERTEX_POINT ( 'NONE', #3039 ) ;
#3701 = ORIENTED_EDGE ( 'NONE', *, *, #1689, .F. ) ;
#3702 = CARTESIAN_POINT ( 'NONE',  ( -0.5050000000000000044, -1.000000000000000000, 0.000000000000000000 ) ) ;
#3703 =( LENGTH_UNIT ( ) NAMED_UNIT ( * ) SI_UNIT ( .MILLI., .METRE. ) );
#3704 = FACE_OUTER_BOUND ( 'NONE', #387, .T. ) ;
#3705 = ORIENTED_EDGE ( 'NONE', *, *, #3638, .F. ) ;
#3706 =( LENGTH_UNIT ( ) NAMED_UNIT ( * ) SI_UNIT ( .MILLI., .METRE. ) );
#3707 = VECTOR ( 'NONE', #2147, 1000.000000000000000 ) ;
#3709 = FACE_OUTER_BOUND ( 'NONE', #4075, .T. ) ;
#3708 = DIRECTION ( 'NONE',  ( -1.000000000000000000, 0.000000000000000000, 0.000000000000000000 ) ) ;
#3710 = EDGE_CURVE ( 'NONE', #2997, #3911, #2101, .T. ) ;
#3711 = DIRECTION ( 'NONE',  ( 0.000000000000000000, 1.000000000000000000, 0.000000000000000000 ) ) ;
#3712 = ORIENTED_EDGE ( 'NONE', *, *, #3311, .F. ) ;
#3713 = LINE ( 'NONE', #472, #504 ) ;
#3714 = EDGE_CURVE ( 'NONE', #3892, #3458, #2145, .T. ) ;
#3715 = LINE ( 'NONE', #762, #1472 ) ;
#3716 = CARTESIAN_POINT ( 'NONE',  ( 1.250000000000000000, -0.3549999999999999822, 0.05099999999999999672 ) ) ;
#3717 = FACE_OUTER_BOUND ( 'NONE', #1714, .T. ) ;
#3718 = FILL_AREA_STYLE_COLOUR ( '', #1096 ) ;
#3719 = ORIENTED_EDGE ( 'NONE', *, *, #72, .F. ) ;
#3720 = ORIENTED_EDGE ( 'NONE', *, *, #3521, .F. ) ;
#3721 = EDGE_CURVE ( 'NONE', #57, #986, #2728, .T. ) ;
#3722 = CARTESIAN_POINT ( 'NONE',  ( 0.9349999999999999423, 1.000000000000000000, 0.05099999999999999672 ) ) ;
#3723 =( LENGTH_UNIT ( ) NAMED_UNIT ( * ) SI_UNIT ( .MILLI., .METRE. ) );
#3724 = LINE ( 'NONE', #142, #2478 ) ;
#3725 = VECTOR ( 'NONE', #3129, 1000.000000000000000 ) ;
#3726 = EDGE_LOOP ( 'NONE', ( #3961, #3278, #1403, #2451 ) ) ;
#3727 = DIRECTION ( 'NONE',  ( 0.000000000000000000, 0.000000000000000000, -1.000000000000000000 ) ) ;
#3728 = DIRECTION ( 'NONE',  ( 0.000000000000000000, 0.000000000000000000, -1.000000000000000000 ) ) ;
#3729 = VERTEX_POINT ( 'NONE', #4055 ) ;
#3730 = ADVANCED_FACE ( 'NONE', ( #1067 ), #172, .T. ) ;
#3731 = PLANE ( 'NONE',  #2321 ) ;
#3732 = DIRECTION ( 'NONE',  ( 0.000000000000000000, 0.000000000000000000, -1.000000000000000000 ) ) ;
#3733 = DIRECTION ( 'NONE',  ( 1.000000000000000000, 0.000000000000000000, 0.000000000000000000 ) ) ;
#3734 = DIRECTION ( 'NONE',  ( 1.000000000000000000, 0.000000000000000000, 0.000000000000000000 ) ) ;
#3735 = CARTESIAN_POINT ( 'NONE',  ( 1.250000000000000000, -0.07499999999999999722, 0.000000000000000000 ) ) ;
#3736 = VERTEX_POINT ( 'NONE', #2424 ) ;
#3737 = ADVANCED_FACE ( 'NONE', ( #783 ), #456, .T. ) ;
#3738 = ORIENTED_EDGE ( 'NONE', *, *, #4100, .T. ) ;
#3739 = CARTESIAN_POINT ( 'NONE',  ( -1.649999999999999911, -0.5050000000000000044, 0.05099999999999999672 ) ) ;
#3740 = DIRECTION ( 'NONE',  ( 0.000000000000000000, 1.000000000000000000, 0.000000000000000000 ) ) ;
#3741 = AXIS2_PLACEMENT_3D ( 'NONE', #757, #2030, #1082 ) ;
#3742 = EDGE_CURVE ( 'NONE', #2003, #578, #1504, .T. ) ;
#3743 = ORIENTED_EDGE ( 'NONE', *, *, #1440, .T. ) ;
#3744 = VECTOR ( 'NONE', #366, 1000.000000000000000 ) ;
#3745 = VECTOR ( 'NONE', #4074, 1000.000000000000000 ) ;
#3746 = VECTOR ( 'NONE', #3122, 1000.000000000000000 ) ;
#3747 = VECTOR ( 'NONE', #1257, 1000.000000000000000 ) ;
#3748 = DIRECTION ( 'NONE',  ( 0.000000000000000000, -1.000000000000000000, 0.000000000000000000 ) ) ;
#3749 = PLANE ( 'NONE',  #3126 ) ;
#3750 = MECHANICAL_DESIGN_GEOMETRIC_PRESENTATION_REPRESENTATION (  '', ( #1749 ), #2786 ) ;
#3751 = VECTOR ( 'NONE', #3864, 1000.000000000000000 ) ;
#3752 = ORIENTED_EDGE ( 'NONE', *, *, #105, .T. ) ;
#3753 = AXIS2_PLACEMENT_3D ( 'NONE', #1286, #2303, #3349 ) ;
#3754 = DIRECTION ( 'NONE',  ( 0.000000000000000000, 0.000000000000000000, -1.000000000000000000 ) ) ;
#3755 = CARTESIAN_POINT ( 'NONE',  ( 0.3549999999999999822, -1.399999999999999911, 0.000000000000000000 ) ) ;
#3756 = DIRECTION ( 'NONE',  ( 0.000000000000000000, 0.000000000000000000, 1.000000000000000000 ) ) ;
#3757 = CARTESIAN_POINT ( 'NONE',  ( 1.250000000000000000, 0.7850000000000000311, 0.05099999999999999672 ) ) ;
#3758 = UNCERTAINTY_MEASURE_WITH_UNIT (LENGTH_MEASURE( 1.000000000000000082E-05 ), #1020, 'distance_accuracy_value', 'NONE');
#3759 = ORIENTED_EDGE ( 'NONE', *, *, #2399, .F. ) ;
#3760 = VERTEX_POINT ( 'NONE', #2502 ) ;
#3761 = CARTESIAN_POINT ( 'NONE',  ( 0.3549999999999999822, 1.000000000000000000, 0.000000000000000000 ) ) ;
#3762 = LINE ( 'NONE', #3799, #4024 ) ;
#3763 = ADVANCED_FACE ( 'NONE', ( #1524 ), #3161, .T. ) ;
#3764 = CARTESIAN_POINT ( 'NONE',  ( -1.750000000000000000, -1.500000000000000000, 0.05099999999999999672 ) ) ;
#3765 = VERTEX_POINT ( 'NONE', #207 ) ;
#3766 = CARTESIAN_POINT ( 'NONE',  ( -1.214999999999999858, 1.399999999999999911, 0.05099999999999999672 ) ) ;
#3767 = EDGE_CURVE ( 'NONE', #3657, #1466, #4130, .T. ) ;
#3768 = LINE ( 'NONE', #1891, #3250 ) ;
#3769 = DIRECTION ( 'NONE',  ( -0.000000000000000000, 1.000000000000000000, 0.000000000000000000 ) ) ;
#3770 = EDGE_CURVE ( 'NONE', #363, #3516, #1251, .T. ) ;
#3771 = VERTEX_POINT ( 'NONE', #2870 ) ;
#3772 = DIRECTION ( 'NONE',  ( 1.000000000000000000, 0.000000000000000000, 0.000000000000000000 ) ) ;
#3773 = DIRECTION ( 'NONE',  ( 0.000000000000000000, 0.000000000000000000, 1.000000000000000000 ) ) ;
#3774 = LINE ( 'NONE', #3450, #4231 ) ;
#3775 = CARTESIAN_POINT ( 'NONE',  ( -1.645000000000000018, -1.000000000000000000, 0.000000000000000000 ) ) ;
#3776 = ORIENTED_EDGE ( 'NONE', *, *, #1285, .T. ) ;
#3777 = CARTESIAN_POINT ( 'NONE',  ( -0.5050000000000000044, 1.399999999999999911, 0.05099999999999999672 ) ) ;
#3778 = CARTESIAN_POINT ( 'NONE',  ( -1.645000000000000018, -1.000000000000000000, 0.05099999999999999672 ) ) ;
#3779 = PRESENTATION_STYLE_ASSIGNMENT (( #437 ) ) ;
#3780 = DIRECTION ( 'NONE',  ( 1.000000000000000000, 0.000000000000000000, 0.000000000000000000 ) ) ;
#3781 = ADVANCED_FACE ( 'NONE', ( #1167 ), #4179, .T. ) ;
#3782 = ORIENTED_EDGE ( 'NONE', *, *, #1420, .T. ) ;
#3783 = VECTOR ( 'NONE', #2486, 1000.000000000000000 ) ;
#3784 = EDGE_CURVE ( 'NONE', #2334, #666, #188, .T. ) ;
#3785 = VECTOR ( 'NONE', #2173, 1000.000000000000000 ) ;
#3786 = LINE ( 'NONE', #3832, #853 ) ;
#3787 = DIRECTION ( 'NONE',  ( -1.000000000000000000, 0.000000000000000000, 0.000000000000000000 ) ) ;
#3788 = ORIENTED_EDGE ( 'NONE', *, *, #1518, .T. ) ;
#3789 = EDGE_CURVE ( 'NONE', #2550, #3554, #517, .T. ) ;
#3790 = DIRECTION ( 'NONE',  ( -1.000000000000000000, 0.000000000000000000, 0.000000000000000000 ) ) ;
#3791 = CARTESIAN_POINT ( 'NONE',  ( 1.645000000000000018, 1.399999999999999911, 0.000000000000000000 ) ) ;
#3792 = DIRECTION ( 'NONE',  ( 0.000000000000000000, 0.000000000000000000, 1.000000000000000000 ) ) ;
#3793 = CARTESIAN_POINT ( 'NONE',  ( 0.5050000000000000044, 1.399999999999999911, 0.000000000000000000 ) ) ;
#3794 = SURFACE_SIDE_STYLE ('',( #2484 ) ) ;
#3795 = EDGE_LOOP ( 'NONE', ( #1158, #2530, #1220, #309 ) ) ;
#3796 = CARTESIAN_POINT ( 'NONE',  ( 1.214999999999999858, -1.000000000000000000, 0.05099999999999999672 ) ) ;
#3797 = DIRECTION ( 'NONE',  ( 0.000000000000000000, 0.000000000000000000, -1.000000000000000000 ) ) ;
#3798 = DIRECTION ( 'NONE',  ( -0.000000000000000000, 1.000000000000000000, 0.000000000000000000 ) ) ;
#3799 = CARTESIAN_POINT ( 'NONE',  ( -1.649999999999999911, -0.5050000000000000044, 0.000000000000000000 ) ) ;
#3800 = LINE ( 'NONE', #852, #3785 ) ;
#3801 = VERTEX_POINT ( 'NONE', #2566 ) ;
#3802 = VECTOR ( 'NONE', #3242, 1000.000000000000000 ) ;
#3803 = ORIENTED_EDGE ( 'NONE', *, *, #4051, .T. ) ;
#3804 =( GEOMETRIC_REPRESENTATION_CONTEXT ( 3 ) GLOBAL_UNCERTAINTY_ASSIGNED_CONTEXT ( ( #2677 ) ) GLOBAL_UNIT_ASSIGNED_CONTEXT ( ( #3595, #2623, #752 ) ) REPRESENTATION_CONTEXT ( 'NONE', 'WORKASPACE' ) );
#3805 = CARTESIAN_POINT ( 'NONE',  ( -1.649999999999999911, 0.7850000000000000311, 0.000000000000000000 ) ) ;
#3806 = CARTESIAN_POINT ( 'NONE',  ( 1.214999999999999858, 1.399999999999999911, 0.000000000000000000 ) ) ;
#3807 = EDGE_CURVE ( 'NONE', #2770, #4237, #1848, .T. ) ;
#3808 = VECTOR ( 'NONE', #4246, 1000.000000000000000 ) ;
#3809 = AXIS2_PLACEMENT_3D ( 'NONE', #1133, #546, #3130 ) ;
#3810 = ORIENTED_EDGE ( 'NONE', *, *, #3654, .T. ) ;
#3811 = VECTOR ( 'NONE', #1634, 1000.000000000000000 ) ;
#3812 = VECTOR ( 'NONE', #3773, 1000.000000000000000 ) ;
#3813 = DIRECTION ( 'NONE',  ( -1.000000000000000000, 0.000000000000000000, 0.000000000000000000 ) ) ;
#3814 = CARTESIAN_POINT ( 'NONE',  ( 1.250000000000000000, -0.5050000000000000044, 0.000000000000000000 ) ) ;
#3815 = STYLED_ITEM ( 'NONE', ( #3779 ), #3363 ) ;
#3816 = CARTESIAN_POINT ( 'NONE',  ( -0.9349999999999999423, 1.399999999999999911, 0.05099999999999999672 ) ) ;
#3817 = PLANE ( 'NONE',  #1956 ) ;
#3818 = ADVANCED_FACE ( 'NONE', ( #2182 ), #3513, .T. ) ;
#3819 = CARTESIAN_POINT ( 'NONE',  ( 1.649999999999999911, -0.5050000000000000044, 0.05099999999999999672 ) ) ;
#3820 = ORIENTED_EDGE ( 'NONE', *, *, #1290, .F. ) ;
#3821 = COLOUR_RGB ( '',0.7215686274509803821, 0.7215686274509803821, 0.7215686274509803821 ) ;
#3822 = AXIS2_PLACEMENT_3D ( 'NONE', #3561, #2823, #2889 ) ;
#3823 = DIRECTION ( 'NONE',  ( -1.000000000000000000, 0.000000000000000000, 0.000000000000000000 ) ) ;
#3824 = CARTESIAN_POINT ( 'NONE',  ( -0.7850000000000000311, -1.000000000000000000, 0.000000000000000000 ) ) ;
#3825 = FACE_OUTER_BOUND ( 'NONE', #567, .T. ) ;
#3826 = VECTOR ( 'NONE', #269, 1000.000000000000000 ) ;
#3827 = SURFACE_STYLE_FILL_AREA ( #2830 ) ;
#3828 = CARTESIAN_POINT ( 'NONE',  ( -1.649999999999999911, 0.3549999999999999822, 0.000000000000000000 ) ) ;
#3829 = VERTEX_POINT ( 'NONE', #3536 ) ;
#3830 = ORIENTED_EDGE ( 'NONE', *, *, #3201, .T. ) ;
#3831 = ORIENTED_EDGE ( 'NONE', *, *, #1655, .F. ) ;
#3832 = CARTESIAN_POINT ( 'NONE',  ( 1.645000000000000018, -1.000000000000000000, 0.000000000000000000 ) ) ;
#3833 = ORIENTED_EDGE ( 'NONE', *, *, #4202, .F. ) ;
#3834 = ADVANCED_FACE ( 'NONE', ( #1870 ), #3879, .T. ) ;
#3835 = DIRECTION ( 'NONE',  ( 0.000000000000000000, 1.000000000000000000, 0.000000000000000000 ) ) ;
#3836 = CARTESIAN_POINT ( 'NONE',  ( -1.649999999999999911, 0.3549999999999999822, 0.05099999999999999672 ) ) ;
#3837 = PRESENTATION_LAYER_ASSIGNMENT (  '', '', ( #1159 ) ) ;
#3838 = CARTESIAN_POINT ( 'NONE',  ( -0.07499999999999999722, -1.000000000000000000, 0.05099999999999999672 ) ) ;
#3839 = DIRECTION ( 'NONE',  ( -1.000000000000000000, 0.000000000000000000, 0.000000000000000000 ) ) ;
#3840 = CARTESIAN_POINT ( 'NONE',  ( 1.645000000000000018, 1.399999999999999911, 0.000000000000000000 ) ) ;
#3841 = ORIENTED_EDGE ( 'NONE', *, *, #3784, .F. ) ;
#3842 = EDGE_CURVE ( 'NONE', #2285, #2178, #1826, .T. ) ;
#3843 = CARTESIAN_POINT ( 'NONE',  ( -1.250000000000000000, 0.7850000000000000311, 0.000000000000000000 ) ) ;
#3844 = PLANE ( 'NONE',  #2656 ) ;
#3845 = CARTESIAN_POINT ( 'NONE',  ( -0.9349999999999999423, 1.000000000000000000, 0.000000000000000000 ) ) ;
#3846 = FILL_AREA_STYLE_COLOUR ( '', #3443 ) ;
#3847 = EDGE_CURVE ( 'NONE', #3829, #465, #607, .T. ) ;
#3848 = ORIENTED_EDGE ( 'NONE', *, *, #3847, .F. ) ;
#3849 =( NAMED_UNIT ( * ) SI_UNIT ( $, .STERADIAN. ) SOLID_ANGLE_UNIT ( ) );
#3850 = DIRECTION ( 'NONE',  ( -1.000000000000000000, 0.000000000000000000, 0.000000000000000000 ) ) ;
#3851 = ORIENTED_EDGE ( 'NONE', *, *, #383, .F. ) ;
#3852 = ORIENTED_EDGE ( 'NONE', *, *, #2948, .F. ) ;
#3853 = CLOSED_SHELL ( 'NONE', ( #3442, #16, #2349, #2121 ) ) ;
#3854 = SURFACE_SIDE_STYLE ('',( #2836 ) ) ;
#3855 = PRESENTATION_STYLE_ASSIGNMENT (( #1226 ) ) ;
#3856 = VERTEX_POINT ( 'NONE', #1211 ) ;
#3857 = AXIS2_PLACEMENT_3D ( 'NONE', #1509, #2569, #2256 ) ;
#3858 = LINE ( 'NONE', #913, #300 ) ;
#3859 = DIRECTION ( 'NONE',  ( 0.000000000000000000, 0.000000000000000000, 1.000000000000000000 ) ) ;
#3860 = DIRECTION ( 'NONE',  ( 1.000000000000000000, 0.000000000000000000, 0.000000000000000000 ) ) ;
#3861 = EDGE_LOOP ( 'NONE', ( #948, #477 ) ) ;
#3862 = EDGE_CURVE ( 'NONE', #3075, #2404, #3228, .T. ) ;
#3863 = FACE_OUTER_BOUND ( 'NONE', #3861, .T. ) ;
#3864 = DIRECTION ( 'NONE',  ( 0.000000000000000000, 0.000000000000000000, 1.000000000000000000 ) ) ;
#3865 = CARTESIAN_POINT ( 'NONE',  ( 0.7850000000000000311, -1.399999999999999911, 0.05099999999999999672 ) ) ;
#3866 = DIRECTION ( 'NONE',  ( 0.000000000000000000, 0.000000000000000000, -1.000000000000000000 ) ) ;
#3867 = EDGE_CURVE ( 'NONE', #3554, #1728, #563, .T. ) ;
#3868 = ORIENTED_EDGE ( 'NONE', *, *, #11, .T. ) ;
#3869 = CARTESIAN_POINT ( 'NONE',  ( -1.214999999999999858, 1.000000000000000000, 0.000000000000000000 ) ) ;
#3870 = DIRECTION ( 'NONE',  ( 0.000000000000000000, 0.000000000000000000, 1.000000000000000000 ) ) ;
#3871 = ADVANCED_FACE ( 'NONE', ( #843 ), #236, .T. ) ;
#3872 = ORIENTED_EDGE ( 'NONE', *, *, #1519, .F. ) ;
#3873 = SURFACE_SIDE_STYLE ('',( #4017 ) ) ;
#3874 = EDGE_LOOP ( 'NONE', ( #652, #12, #379, #3293 ) ) ;
#3875 = AXIS2_PLACEMENT_3D ( 'NONE', #3244, #295, #2930 ) ;
#3876 = CARTESIAN_POINT ( 'NONE',  ( 1.250000000000000000, 0.7850000000000000311, 0.05099999999999999672 ) ) ;
#3877 = FACE_OUTER_BOUND ( 'NONE', #294, .T. ) ;
#3878 = VECTOR ( 'NONE', #638, 1000.000000000000000 ) ;
#3879 = PLANE ( 'NONE',  #938 ) ;
#3880 = UNCERTAINTY_MEASURE_WITH_UNIT (LENGTH_MEASURE( 1.000000000000000082E-05 ), #2045, 'distance_accuracy_value', 'NONE');
#3881 = CARTESIAN_POINT ( 'NONE',  ( 0.3549999999999999822, -1.000000000000000000, 0.000000000000000000 ) ) ;
#3882 = ORIENTED_EDGE ( 'NONE', *, *, #1468, .F. ) ;
#3883 = VECTOR ( 'NONE', #436, 1000.000000000000000 ) ;
#3884 = AXIS2_PLACEMENT_3D ( 'NONE', #3560, #2546, #3859 ) ;
#3885 = DIRECTION ( 'NONE',  ( 0.000000000000000000, 0.000000000000000000, -1.000000000000000000 ) ) ;
#3886 = DIRECTION ( 'NONE',  ( 0.000000000000000000, 0.000000000000000000, -1.000000000000000000 ) ) ;
#3887 = FACE_OUTER_BOUND ( 'NONE', #1992, .T. ) ;
#3888 =( NAMED_UNIT ( * ) PLANE_ANGLE_UNIT ( ) SI_UNIT ( $, .RADIAN. ) );
#3889 = VECTOR ( 'NONE', #2460, 1000.000000000000000 ) ;
#3890 = FILL_AREA_STYLE ('',( #3846 ) ) ;
#3891 = VECTOR ( 'NONE', #2056, 1000.000000000000000 ) ;
#3892 = VERTEX_POINT ( 'NONE', #2161 ) ;
#3893 = EDGE_CURVE ( 'NONE', #4008, #51, #2339, .T. ) ;
#3894 = VECTOR ( 'NONE', #1378, 1000.000000000000000 ) ;
#3895 = FILL_AREA_STYLE_COLOUR ( '', #3270 ) ;
#3896 = CARTESIAN_POINT ( 'NONE',  ( -1.645000000000000018, 1.399999999999999911, 0.05099999999999999672 ) ) ;
#3897 = VERTEX_POINT ( 'NONE', #2590 ) ;
#3898 = EDGE_CURVE ( 'NONE', #3016, #2471, #1318, .T. ) ;
#3899 = SURFACE_STYLE_FILL_AREA ( #2963 ) ;
#3900 = CARTESIAN_POINT ( 'NONE',  ( -1.250000000000000000, -0.07499999999999999722, 0.000000000000000000 ) ) ;
#3901 = ORIENTED_EDGE ( 'NONE', *, *, #1888, .F. ) ;
#3902 = EDGE_CURVE ( 'NONE', #618, #2360, #2951, .T. ) ;
#3903 = CARTESIAN_POINT ( 'NONE',  ( -0.3549999999999999822, 1.000000000000000000, 0.000000000000000000 ) ) ;
#3904 = DIRECTION ( 'NONE',  ( 0.000000000000000000, 0.000000000000000000, 1.000000000000000000 ) ) ;
#3905 = PLANE ( 'NONE',  #2243 ) ;
#3906 = CARTESIAN_POINT ( 'NONE',  ( 0.3549999999999999822, 1.399999999999999911, 0.05099999999999999672 ) ) ;
#3907 = ORIENTED_EDGE ( 'NONE', *, *, #333, .T. ) ;
#3908 = DIRECTION ( 'NONE',  ( 0.000000000000000000, 0.000000000000000000, -1.000000000000000000 ) ) ;
#3909 = FACE_OUTER_BOUND ( 'NONE', #2633, .T. ) ;
#3910 = DIRECTION ( 'NONE',  ( 1.000000000000000000, 0.000000000000000000, 0.000000000000000000 ) ) ;
#3911 = VERTEX_POINT ( 'NONE', #2657 ) ;
#3912 = DIRECTION ( 'NONE',  ( 0.000000000000000000, 0.000000000000000000, -1.000000000000000000 ) ) ;
#3913 = DIRECTION ( 'NONE',  ( 0.000000000000000000, 1.000000000000000000, 0.000000000000000000 ) ) ;
#3914 = EDGE_CURVE ( 'NONE', #4237, #255, #1001, .T. ) ;
#3915 = ORIENTED_EDGE ( 'NONE', *, *, #3598, .F. ) ;
#3916 = DIRECTION ( 'NONE',  ( 1.000000000000000000, 0.000000000000000000, 0.000000000000000000 ) ) ;
#3917 = SURFACE_STYLE_FILL_AREA ( #3596 ) ;
#3918 = ORIENTED_EDGE ( 'NONE', *, *, #3842, .T. ) ;
#3919 = EDGE_CURVE ( 'NONE', #796, #144, #2292, .T. ) ;
#3920 = PLANE ( 'NONE',  #926 ) ;
#3921 = CARTESIAN_POINT ( 'NONE',  ( 1.649999999999999911, -0.3549999999999999822, 0.05099999999999999672 ) ) ;
#3922 = LINE ( 'NONE', #359, #308 ) ;
#3923 = VECTOR ( 'NONE', #1981, 1000.000000000000000 ) ;
#3924 = ORIENTED_EDGE ( 'NONE', *, *, #3478, .F. ) ;
#3925 = EDGE_CURVE ( 'NONE', #2669, #224, #2011, .T. ) ;
#3926 = DIRECTION ( 'NONE',  ( -1.000000000000000000, 0.000000000000000000, 0.000000000000000000 ) ) ;
#3927 = DIRECTION ( 'NONE',  ( 0.000000000000000000, -1.000000000000000000, 0.000000000000000000 ) ) ;
#3928 = CARTESIAN_POINT ( 'NONE',  ( 1.649999999999999911, -0.07499999999999999722, 0.05099999999999999672 ) ) ;
#3929 = DIRECTION ( 'NONE',  ( 0.000000000000000000, 0.000000000000000000, -1.000000000000000000 ) ) ;
#3930 = ORIENTED_EDGE ( 'NONE', *, *, #1005, .F. ) ;
#3931 = ORIENTED_EDGE ( 'NONE', *, *, #11, .F. ) ;
#3932 = PLANE ( 'NONE',  #1278 ) ;
#3933 = CARTESIAN_POINT ( 'NONE',  ( 0.07499999999999999722, 1.399999999999999911, 0.000000000000000000 ) ) ;
#3934 = VERTEX_POINT ( 'NONE', #1990 ) ;
#3935 = DIRECTION ( 'NONE',  ( 1.000000000000000000, 0.000000000000000000, 0.000000000000000000 ) ) ;
#3936 = CARTESIAN_POINT ( 'NONE',  ( -1.325000022999999860, 0.6449999999999999067, 1.650999999999999801 ) ) ;
#3937 = ORIENTED_EDGE ( 'NONE', *, *, #4151, .F. ) ;
#3938 = CARTESIAN_POINT ( 'NONE',  ( -1.250000000000000000, -0.3549999999999999822, 0.05099999999999999672 ) ) ;
#3939 = EDGE_CURVE ( 'NONE', #796, #2537, #650, .T. ) ;
#3940 = LINE ( 'NONE', #677, #1814 ) ;
#3941 = CARTESIAN_POINT ( 'NONE',  ( 1.649999999999999911, -0.5050000000000000044, 0.05099999999999999672 ) ) ;
#3942 = VECTOR ( 'NONE', #2418, 1000.000000000000000 ) ;
#3943 = VERTEX_POINT ( 'NONE', #2319 ) ;
#3944 = ORIENTED_EDGE ( 'NONE', *, *, #259, .T. ) ;
#3945 = VECTOR ( 'NONE', #1928, 1000.000000000000000 ) ;
#3946 = DIRECTION ( 'NONE',  ( 1.000000000000000000, 0.000000000000000000, 0.000000000000000000 ) ) ;
#3947 = ADVANCED_FACE ( 'NONE', ( #1275 ), #3905, .T. ) ;
#3948 = LINE ( 'NONE', #3631, #1072 ) ;
#3949 = DIRECTION ( 'NONE',  ( 1.000000000000000000, 0.000000000000000000, 0.000000000000000000 ) ) ;
#3950 = EDGE_LOOP ( 'NONE', ( #3331, #1608, #453, #4133 ) ) ;
#3951 = AXIS2_PLACEMENT_3D ( 'NONE', #2642, #2020, #3636 ) ;
#3952 = VECTOR ( 'NONE', #4129, 1000.000000000000000 ) ;
#3953 = ORIENTED_EDGE ( 'NONE', *, *, #610, .T. ) ;
#3954 = DIRECTION ( 'NONE',  ( 0.000000000000000000, 1.000000000000000000, 0.000000000000000000 ) ) ;
#3955 =( GEOMETRIC_REPRESENTATION_CONTEXT ( 3 ) GLOBAL_UNCERTAINTY_ASSIGNED_CONTEXT ( ( #2933 ) ) GLOBAL_UNIT_ASSIGNED_CONTEXT ( ( #2885, #2246, #3223 ) ) REPRESENTATION_CONTEXT ( 'NONE', 'WORKASPACE' ) );
#3956 = VECTOR ( 'NONE', #3281, 1000.000000000000000 ) ;
#3957 = DIRECTION ( 'NONE',  ( -1.000000000000000000, 0.000000000000000000, 0.000000000000000000 ) ) ;
#3958 = PRESENTATION_LAYER_ASSIGNMENT (  '', '', ( #2453 ) ) ;
#3959 = VECTOR ( 'NONE', #2326, 1000.000000000000000 ) ;
#3960 = ORIENTED_EDGE ( 'NONE', *, *, #3721, .F. ) ;
#3961 = ORIENTED_EDGE ( 'NONE', *, *, #2756, .F. ) ;
#3962 = VECTOR ( 'NONE', #3734, 1000.000000000000000 ) ;
#3964 = CARTESIAN_POINT ( 'NONE',  ( -1.214999999999999858, -1.000000000000000000, 0.000000000000000000 ) ) ;
#3963 = PLANE ( 'NONE',  #378 ) ;
#3965 = CARTESIAN_POINT ( 'NONE',  ( 0.7850000000000000311, 1.000000000000000000, 0.05099999999999999672 ) ) ;
#3966 = CARTESIAN_POINT ( 'NONE',  ( -1.750000000000000000, -1.500000000000000000, 1.650999999999999801 ) ) ;
#3967 = UNCERTAINTY_MEASURE_WITH_UNIT (LENGTH_MEASURE( 1.000000000000000082E-05 ), #1986, 'distance_accuracy_value', 'NONE');
#3968 = VERTEX_POINT ( 'NONE', #1298 ) ;
#3969 = ADVANCED_FACE ( 'NONE', ( #959 ), #2629, .T. ) ;
#3970 = ORIENTED_EDGE ( 'NONE', *, *, #3998, .T. ) ;
#3971 = DIRECTION ( 'NONE',  ( 0.000000000000000000, -1.000000000000000000, 0.000000000000000000 ) ) ;
#3972 = CARTESIAN_POINT ( 'NONE',  ( 0.9349999999999999423, 1.399999999999999911, 0.05099999999999999672 ) ) ;
#3973 = LINE ( 'NONE', #367, #3959 ) ;
#3974 =( NAMED_UNIT ( * ) SI_UNIT ( $, .STERADIAN. ) SOLID_ANGLE_UNIT ( ) );
#3975 = ORIENTED_EDGE ( 'NONE', *, *, #1779, .F. ) ;
#3976 = EDGE_CURVE ( 'NONE', #786, #1977, #298, .T. ) ;
#3977 = ORIENTED_EDGE ( 'NONE', *, *, #2459, .T. ) ;
#3978 = CARTESIAN_POINT ( 'NONE',  ( 0.5050000000000000044, -1.000000000000000000, 0.000000000000000000 ) ) ;
#3979 = PRESENTATION_LAYER_ASSIGNMENT (  '', '', ( #1497 ) ) ;
#3980 = LINE ( 'NONE', #2671, #972 ) ;
#3981 = EDGE_CURVE ( 'NONE', #1521, #2178, #3922, .T. ) ;
#3982 = EDGE_LOOP ( 'NONE', ( #987, #916, #313, #3106 ) ) ;
#3983 = EDGE_LOOP ( 'NONE', ( #1203, #3831, #95, #2611 ) ) ;
#3984 = LINE ( 'NONE', #1400, #782 ) ;
#3985 = LINE ( 'NONE', #4261, #1199 ) ;
#3986 = DIRECTION ( 'NONE',  ( -1.000000000000000000, 0.000000000000000000, 0.000000000000000000 ) ) ;
#3987 = ORIENTED_EDGE ( 'NONE', *, *, #1836, .T. ) ;
#3988 = VERTEX_POINT ( 'NONE', #3665 ) ;
#3989 = FACE_OUTER_BOUND ( 'NONE', #673, .T. ) ;
#3990 = CARTESIAN_POINT ( 'NONE',  ( -0.3549999999999999822, 1.000000000000000000, 0.05099999999999999672 ) ) ;
#3991 = VECTOR ( 'NONE', #3091, 1000.000000000000000 ) ;
#3992 = DIRECTION ( 'NONE',  ( 0.000000000000000000, -1.000000000000000000, 0.000000000000000000 ) ) ;
#3993 = SURFACE_STYLE_USAGE ( .BOTH. , #1388 ) ;
#3994 = VERTEX_POINT ( 'NONE', #697 ) ;
#3995 = VECTOR ( 'NONE', #548, 1000.000000000000000 ) ;
#3996 = VERTEX_POINT ( 'NONE', #979 ) ;
#3997 = DIRECTION ( 'NONE',  ( -1.000000000000000000, 0.000000000000000000, 0.000000000000000000 ) ) ;
#3998 = EDGE_CURVE ( 'NONE', #3801, #2404, #3579, .T. ) ;
#3999 = DIRECTION ( 'NONE',  ( 1.000000000000000000, 0.000000000000000000, 0.000000000000000000 ) ) ;
#4000 = VERTEX_POINT ( 'NONE', #2995 ) ;
#4001 = ORIENTED_EDGE ( 'NONE', *, *, #2333, .F. ) ;
#4002 = LINE ( 'NONE', #3936, #2242 ) ;
#4003 = ADVANCED_FACE ( 'NONE', ( #1967 ), #1361, .T. ) ;
#4004 = LINE ( 'NONE', #2378, #1125 ) ;
#4005 = CARTESIAN_POINT ( 'NONE',  ( 1.250000000000000000, -0.7850000000000000311, 0.05099999999999999672 ) ) ;
#4006 = DIRECTION ( 'NONE',  ( 1.000000000000000000, 0.000000000000000000, 0.000000000000000000 ) ) ;
#4007 = ORIENTED_EDGE ( 'NONE', *, *, #175, .F. ) ;
#4008 = VERTEX_POINT ( 'NONE', #1637 ) ;
#4009 = LINE ( 'NONE', #806, #99 ) ;
#4010 = CARTESIAN_POINT ( 'NONE',  ( 1.645000000000000018, -1.399999999999999911, 0.05099999999999999672 ) ) ;
#4011 = CARTESIAN_POINT ( 'NONE',  ( 0.7850000000000000311, 1.000000000000000000, 0.000000000000000000 ) ) ;
#4012 = DIRECTION ( 'NONE',  ( 0.000000000000000000, -1.000000000000000000, 0.000000000000000000 ) ) ;
#4013 = VERTEX_POINT ( 'NONE', #1338 ) ;
#4014 = VECTOR ( 'NONE', #2267, 1000.000000000000000 ) ;
#4015 = ORIENTED_EDGE ( 'NONE', *, *, #1334, .F. ) ;
#4016 = PLANE ( 'NONE',  #3119 ) ;
#4017 = SURFACE_STYLE_FILL_AREA ( #1392 ) ;
#4018 = AXIS2_PLACEMENT_3D ( 'NONE', #2829, #3798, #2488 ) ;
#4019 = DIRECTION ( 'NONE',  ( 0.000000000000000000, -1.000000000000000000, 0.000000000000000000 ) ) ;
#4020 = EDGE_CURVE ( 'NONE', #1327, #750, #865, .T. ) ;
#4021 = VECTOR ( 'NONE', #3448, 1000.000000000000000 ) ;
#4022 = ORIENTED_EDGE ( 'NONE', *, *, #232, .T. ) ;
#4023 = VECTOR ( 'NONE', #1847, 1000.000000000000000 ) ;
#4024 = VECTOR ( 'NONE', #3090, 1000.000000000000000 ) ;
#4025 =( LENGTH_UNIT ( ) NAMED_UNIT ( * ) SI_UNIT ( .MILLI., .METRE. ) );
#4026 = VECTOR ( 'NONE', #1236, 1000.000000000000000 ) ;
#4027 = EDGE_CURVE ( 'NONE', #543, #2626, #2908, .T. ) ;
#4028 = MECHANICAL_DESIGN_GEOMETRIC_PRESENTATION_REPRESENTATION (  '', ( #1619 ), #800 ) ;
#4030 = LINE ( 'NONE', #3663, #3325 ) ;
#4029 = CARTESIAN_POINT ( 'NONE',  ( 1.649999999999999911, 0.5050000000000000044, 0.000000000000000000 ) ) ;
#4031 = DIRECTION ( 'NONE',  ( 0.000000000000000000, 0.000000000000000000, 1.000000000000000000 ) ) ;
#4032 = ORIENTED_EDGE ( 'NONE', *, *, #1913, .T. ) ;
#4033 = EDGE_CURVE ( 'NONE', #255, #1624, #3341, .T. ) ;
#4034 = VERTEX_POINT ( 'NONE', #62 ) ;
#4035 = CARTESIAN_POINT ( 'NONE',  ( 1.649999999999999911, 0.5050000000000000044, 0.05099999999999999672 ) ) ;
#4036 = LINE ( 'NONE', #720, #163 ) ;
#4037 = PLANE ( 'NONE',  #2788 ) ;
#4038 = LINE ( 'NONE', #616, #1348 ) ;
#4039 =( NAMED_UNIT ( * ) PLANE_ANGLE_UNIT ( ) SI_UNIT ( $, .RADIAN. ) );
#4040 = VERTEX_POINT ( 'NONE', #1381 ) ;
#4041 = ORIENTED_EDGE ( 'NONE', *, *, #46, .T. ) ;
#4042 = CARTESIAN_POINT ( 'NONE',  ( 1.649999999999999911, -0.3549999999999999822, 0.05099999999999999672 ) ) ;
#4043 = FILL_AREA_STYLE_COLOUR ( '', #2651 ) ;
#4044 =( LENGTH_UNIT ( ) NAMED_UNIT ( * ) SI_UNIT ( .MILLI., .METRE. ) );
#4045 = ORIENTED_EDGE ( 'NONE', *, *, #3023, .T. ) ;
#4046 =( NAMED_UNIT ( * ) PLANE_ANGLE_UNIT ( ) SI_UNIT ( $, .RADIAN. ) );
#4047 = ADVANCED_FACE ( 'NONE', ( #739 ), #3361, .T. ) ;
#4048 = COLOUR_RGB ( '',0.7215686274509803821, 0.7215686274509803821, 0.7215686274509803821 ) ;
#4049 = PLANE ( 'NONE',  #3741 ) ;
#4050 = PLANE ( 'NONE',  #584 ) ;
#4051 = EDGE_CURVE ( 'NONE', #1054, #3771, #1060, .T. ) ;
#4052 = ORIENTED_EDGE ( 'NONE', *, *, #862, .T. ) ;
#4053 = DIRECTION ( 'NONE',  ( 0.000000000000000000, 1.000000000000000000, 0.000000000000000000 ) ) ;
#4054 = DIRECTION ( 'NONE',  ( -1.000000000000000000, 0.000000000000000000, 0.000000000000000000 ) ) ;
#4055 = CARTESIAN_POINT ( 'NONE',  ( -1.649999999999999911, 0.3549999999999999822, 0.05099999999999999672 ) ) ;
#4056 = LINE ( 'NONE', #1150, #932 ) ;
#4057 = EDGE_CURVE ( 'NONE', #2340, #1639, #3691, .T. ) ;
#4058 = EDGE_LOOP ( 'NONE', ( #3092, #854, #1326, #3633 ) ) ;
#4059 = CLOSED_SHELL ( 'NONE', ( #3947, #2179, #2712, #1734, #2580, #2689 ) ) ;
#4060 = ORIENTED_EDGE ( 'NONE', *, *, #1689, .T. ) ;
#4061 = FACE_OUTER_BOUND ( 'NONE', #3658, .T. ) ;
#4062 =( NAMED_UNIT ( * ) PLANE_ANGLE_UNIT ( ) SI_UNIT ( $, .RADIAN. ) );
#4063 = CARTESIAN_POINT ( 'NONE',  ( -1.649999999999999911, -0.3549999999999999822, 0.000000000000000000 ) ) ;
#4064 = VECTOR ( 'NONE', #2001, 1000.000000000000000 ) ;
#4065 = ORIENTED_EDGE ( 'NONE', *, *, #3118, .F. ) ;
#4066 = SURFACE_STYLE_FILL_AREA ( #2753 ) ;
#4067 = CARTESIAN_POINT ( 'NONE',  ( 0.07499999999999999722, -1.399999999999999911, 0.05099999999999999672 ) ) ;
#4068 = CARTESIAN_POINT ( 'NONE',  ( 1.250000000000000000, 0.3549999999999999822, 0.000000000000000000 ) ) ;
#4069 = ORIENTED_EDGE ( 'NONE', *, *, #4033, .T. ) ;
#4070 = EDGE_CURVE ( 'NONE', #460, #3043, #1875, .T. ) ;
#4071 = CARTESIAN_POINT ( 'NONE',  ( -0.07499999999999999722, 1.000000000000000000, 0.000000000000000000 ) ) ;
#4072 = PLANE ( 'NONE',  #1882 ) ;
#4073 = CARTESIAN_POINT ( 'NONE',  ( -1.250000000000000000, -0.3549999999999999822, 0.05099999999999999672 ) ) ;
#4074 = DIRECTION ( 'NONE',  ( -1.000000000000000000, 0.000000000000000000, 0.000000000000000000 ) ) ;
#4075 = EDGE_LOOP ( 'NONE', ( #131, #981, #3712, #1329 ) ) ;
#4076 = ADVANCED_FACE ( 'NONE', ( #2876 ), #2553, .T. ) ;
#4077 = VERTEX_POINT ( 'NONE', #1173 ) ;
#4078 = CARTESIAN_POINT ( 'NONE',  ( 1.645000000000000018, 1.399999999999999911, 0.05099999999999999672 ) ) ;
#4079 = PLANE ( 'NONE',  #4196 ) ;
#4080 = VECTOR ( 'NONE', #1291, 1000.000000000000000 ) ;
#4081 = EDGE_CURVE ( 'NONE', #3164, #2334, #4164, .T. ) ;
#4082 = EDGE_LOOP ( 'NONE', ( #3333, #2323, #3527, #1900 ) ) ;
#4083 = VECTOR ( 'NONE', #1621, 1000.000000000000000 ) ;
#4084 = VECTOR ( 'NONE', #457, 1000.000000000000000 ) ;
#4085 = VECTOR ( 'NONE', #3625, 1000.000000000000000 ) ;
#4086 = DIRECTION ( 'NONE',  ( 0.000000000000000000, -1.000000000000000000, 0.000000000000000000 ) ) ;
#4087 = FACE_OUTER_BOUND ( 'NONE', #640, .T. ) ;
#4088 =( GEOMETRIC_REPRESENTATION_CONTEXT ( 3 ) GLOBAL_UNCERTAINTY_ASSIGNED_CONTEXT ( ( #1299 ) ) GLOBAL_UNIT_ASSIGNED_CONTEXT ( ( #3660, #993, #974 ) ) REPRESENTATION_CONTEXT ( 'NONE', 'WORKASPACE' ) );
#4089 = VECTOR ( 'NONE', #3886, 1000.000000000000000 ) ;
#4090 = ORIENTED_EDGE ( 'NONE', *, *, #149, .T. ) ;
#4091 = AXIS2_PLACEMENT_3D ( 'NONE', #4145, #2118, #2435 ) ;
#4092 = CARTESIAN_POINT ( 'NONE',  ( 0.9349999999999999423, -1.000000000000000000, 0.000000000000000000 ) ) ;
#4093 = DIRECTION ( 'NONE',  ( 1.000000000000000000, 0.000000000000000000, 0.000000000000000000 ) ) ;
#4094 = CARTESIAN_POINT ( 'NONE',  ( 0.07499999999999999722, -1.000000000000000000, 0.000000000000000000 ) ) ;
#4095 = LINE ( 'NONE', #844, #3745 ) ;
#4096 = ORIENTED_EDGE ( 'NONE', *, *, #1731, .F. ) ;
#4097 = ORIENTED_EDGE ( 'NONE', *, *, #921, .F. ) ;
#4098 = FACE_OUTER_BOUND ( 'NONE', #1264, .T. ) ;
#4099 = FILL_AREA_STYLE ('',( #463 ) ) ;
#4100 = EDGE_CURVE ( 'NONE', #1667, #2648, #1921, .T. ) ;
#4101 = VERTEX_POINT ( 'NONE', #3477 ) ;
#4102 = EDGE_CURVE ( 'NONE', #3694, #1991, #213, .T. ) ;
#4104 = DIRECTION ( 'NONE',  ( 0.000000000000000000, -1.000000000000000000, 0.000000000000000000 ) ) ;
#4103 = APPLICATION_PROTOCOL_DEFINITION ( 'draft international standard', 'automotive_design', 1998, #1024 ) ;
#4105 = LINE ( 'NONE', #758, #3474 ) ;
#4106 = STYLED_ITEM ( 'NONE', ( #1368 ), #519 ) ;
#4107 = ORIENTED_EDGE ( 'NONE', *, *, #747, .T. ) ;
#4108 = CARTESIAN_POINT ( 'NONE',  ( 1.364999999999999991, 1.000000000000000000, 0.05099999999999999672 ) ) ;
#4109 = DIRECTION ( 'NONE',  ( 0.000000000000000000, 1.000000000000000000, 0.000000000000000000 ) ) ;
#4110 = CARTESIAN_POINT ( 'NONE',  ( -1.649999999999999911, 0.3549999999999999822, 0.000000000000000000 ) ) ;
#4111 = LINE ( 'NONE', #2503, #648 ) ;
#4112 =( NAMED_UNIT ( * ) SI_UNIT ( $, .STERADIAN. ) SOLID_ANGLE_UNIT ( ) );
#4113 = ORIENTED_EDGE ( 'NONE', *, *, #2421, .F. ) ;
#4114 = DIRECTION ( 'NONE',  ( 0.000000000000000000, -1.000000000000000000, 0.000000000000000000 ) ) ;
#4115 = DIRECTION ( 'NONE',  ( 0.000000000000000000, 0.000000000000000000, 1.000000000000000000 ) ) ;
#4116 = LINE ( 'NONE', #157, #645 ) ;
#4117 = CARTESIAN_POINT ( 'NONE',  ( 0.7850000000000000311, 1.000000000000000000, 0.000000000000000000 ) ) ;
#4118 = DIRECTION ( 'NONE',  ( 0.000000000000000000, -1.000000000000000000, 0.000000000000000000 ) ) ;
#4119 = EDGE_LOOP ( 'NONE', ( #63, #4041, #2328, #353 ) ) ;
#4120 = EDGE_CURVE ( 'NONE', #1951, #618, #545, .T. ) ;
#4121 = FACE_OUTER_BOUND ( 'NONE', #1191, .T. ) ;
#4122 = VECTOR ( 'NONE', #2167, 1000.000000000000000 ) ;
#4123 = ADVANCED_FACE ( 'NONE', ( #3497 ), #3543, .T. ) ;
#4124 = EDGE_CURVE ( 'NONE', #1164, #3573, #2808, .T. ) ;
#4125 = LINE ( 'NONE', #2521, #1953 ) ;
#4126 = EDGE_LOOP ( 'NONE', ( #1527, #2429, #705, #1260 ) ) ;
#4127 = ADVANCED_FACE ( 'NONE', ( #2850 ), #3844, .T. ) ;
#4128 = CARTESIAN_POINT ( 'NONE',  ( -1.214999999999999858, -1.399999999999999911, 0.05099999999999999672 ) ) ;
#4129 = DIRECTION ( 'NONE',  ( -1.000000000000000000, 0.000000000000000000, 0.000000000000000000 ) ) ;
#4130 = LINE ( 'NONE', #915, #375 ) ;
#4131 = CARTESIAN_POINT ( 'NONE',  ( 0.3549999999999999822, -1.399999999999999911, 0.05099999999999999672 ) ) ;
#4132 = CARTESIAN_POINT ( 'NONE',  ( 0.5050000000000000044, 1.000000000000000000, 0.05099999999999999672 ) ) ;
#4133 = ORIENTED_EDGE ( 'NONE', *, *, #710, .T. ) ;
#4134 = ORIENTED_EDGE ( 'NONE', *, *, #2872, .T. ) ;
#4135 = CARTESIAN_POINT ( 'NONE',  ( -0.3549999999999999822, 1.000000000000000000, 0.000000000000000000 ) ) ;
#4136 = LINE ( 'NONE', #3739, #100 ) ;
#4137 = UNCERTAINTY_MEASURE_WITH_UNIT (LENGTH_MEASURE( 1.000000000000000082E-05 ), #178, 'distance_accuracy_value', 'NONE');
#4138 = VERTEX_POINT ( 'NONE', #4183 ) ;
#4139 =( NAMED_UNIT ( * ) PLANE_ANGLE_UNIT ( ) SI_UNIT ( $, .RADIAN. ) );
#4140 = AXIS2_PLACEMENT_3D ( 'NONE', #424, #468, #2718 ) ;
#4141 = EDGE_LOOP ( 'NONE', ( #1284, #692, #3309, #3651 ) ) ;
#4142 = EDGE_CURVE ( 'NONE', #2458, #2735, #263, .T. ) ;
#4143 = ORIENTED_EDGE ( 'NONE', *, *, #4211, .F. ) ;
#4144 = AXIS2_PLACEMENT_3D ( 'NONE', #1115, #3437, #2430 ) ;
#4146 = FILL_AREA_STYLE ('',( #1144 ) ) ;
#4145 = CARTESIAN_POINT ( 'NONE',  ( 0.000000000000000000, 0.000000000000000000, 0.000000000000000000 ) ) ;
#4147 = PRESENTATION_STYLE_ASSIGNMENT (( #3157 ) ) ;
#4148 = AXIS2_PLACEMENT_3D ( 'NONE', #2634, #3946, #1279 ) ;
#4149 = AXIS2_PLACEMENT_3D ( 'NONE', #130, #451, #2757 ) ;
#4150 = EDGE_LOOP ( 'NONE', ( #2833, #4221, #86, #2174 ) ) ;
#4151 = EDGE_CURVE ( 'NONE', #479, #470, #243, .T. ) ;
#4152 = VECTOR ( 'NONE', #4197, 1000.000000000000000 ) ;
#4153 = DIRECTION ( 'NONE',  ( 0.000000000000000000, 0.000000000000000000, -1.000000000000000000 ) ) ;
#4154 = DIRECTION ( 'NONE',  ( 0.000000000000000000, 0.000000000000000000, 1.000000000000000000 ) ) ;
#4155 = VECTOR ( 'NONE', #2043, 1000.000000000000000 ) ;
#4156 = CARTESIAN_POINT ( 'NONE',  ( 0.5050000000000000044, 1.399999999999999911, 0.05099999999999999672 ) ) ;
#4157 = FACE_OUTER_BOUND ( 'NONE', #1113, .T. ) ;
#4158 = CARTESIAN_POINT ( 'NONE',  ( -1.399999999999999911, 0.6449999999999999067, 1.654000000000000137 ) ) ;
#4159 = EDGE_LOOP ( 'NONE', ( #3042, #2926, #3517, #4252 ) ) ;
#4160 = EDGE_CURVE ( 'NONE', #1112, #3024, #1492, .T. ) ;
#4161 = VECTOR ( 'NONE', #1725, 1000.000000000000000 ) ;
#4162 = AXIS2_PLACEMENT_3D ( 'NONE', #2843, #3490, #3209 ) ;
#4163 = CARTESIAN_POINT ( 'NONE',  ( -0.07499999999999999722, -1.399999999999999911, 0.05099999999999999672 ) ) ;
#4164 = LINE ( 'NONE', #1854, #3127 ) ;
#4165 = CARTESIAN_POINT ( 'NONE',  ( 1.250000000000000000, 0.07499999999999999722, 0.05099999999999999672 ) ) ;
#4166 = VECTOR ( 'NONE', #432, 1000.000000000000000 ) ;
#4167 = DIRECTION ( 'NONE',  ( 0.000000000000000000, 0.000000000000000000, 1.000000000000000000 ) ) ;
#4168 = ORIENTED_EDGE ( 'NONE', *, *, #573, .F. ) ;
#4169 = CARTESIAN_POINT ( 'NONE',  ( -1.250000000000000000, 0.3549999999999999822, 0.000000000000000000 ) ) ;
#4170 = EDGE_LOOP ( 'NONE', ( #3483, #3666, #1438, #663 ) ) ;
#4171 = ORIENTED_EDGE ( 'NONE', *, *, #1352, .T. ) ;
#4172 = EDGE_CURVE ( 'NONE', #1873, #415, #193, .T. ) ;
#4173 = DIRECTION ( 'NONE',  ( -0.000000000000000000, 1.000000000000000000, 0.000000000000000000 ) ) ;
#4174 = ORIENTED_EDGE ( 'NONE', *, *, #3426, .F. ) ;
#4175 = PLANE ( 'NONE',  #1611 ) ;
#4176 = ADVANCED_FACE ( 'NONE', ( #4204 ), #1902, .T. ) ;
#4177 = CARTESIAN_POINT ( 'NONE',  ( -1.214999999999999858, -1.000000000000000000, 0.05099999999999999672 ) ) ;
#4178 = VECTOR ( 'NONE', #3537, 1000.000000000000000 ) ;
#4179 = PLANE ( 'NONE',  #109 ) ;
#4180 = LINE ( 'NONE', #3906, #2643 ) ;
#4181 = ORIENTED_EDGE ( 'NONE', *, *, #38, .F. ) ;
#4182 = ORIENTED_EDGE ( 'NONE', *, *, #3862, .F. ) ;
#4183 = CARTESIAN_POINT ( 'NONE',  ( 1.214999999999999858, -1.000000000000000000, 0.05099999999999999672 ) ) ;
#4184 = EDGE_CURVE ( 'NONE', #521, #3087, #3214, .T. ) ;
#4185 = LINE ( 'NONE', #3519, #2304 ) ;
#4186 = CARTESIAN_POINT ( 'NONE',  ( -1.214999999999999858, -1.000000000000000000, 0.05099999999999999672 ) ) ;
#4187 = PLANE ( 'NONE',  #3232 ) ;
#4188 = ORIENTED_EDGE ( 'NONE', *, *, #896, .F. ) ;
#4189 = PLANE ( 'NONE',  #169 ) ;
#4190 = LINE ( 'NONE', #3592, #2980 ) ;
#4191 = ORIENTED_EDGE ( 'NONE', *, *, #3201, .F. ) ;
#4192 = VECTOR ( 'NONE', #2734, 1000.000000000000000 ) ;
#4193 = PRESENTATION_STYLE_ASSIGNMENT (( #2286 ) ) ;
#4194 = PRESENTATION_STYLE_ASSIGNMENT (( #1912 ) ) ;
#4195 = ORIENTED_EDGE ( 'NONE', *, *, #2915, .T. ) ;
#4196 = AXIS2_PLACEMENT_3D ( 'NONE', #947, #1924, #571 ) ;
#4197 = DIRECTION ( 'NONE',  ( -1.000000000000000000, 0.000000000000000000, 0.000000000000000000 ) ) ;
#4198 = DIRECTION ( 'NONE',  ( 0.000000000000000000, -1.000000000000000000, 0.000000000000000000 ) ) ;
#4199 = CARTESIAN_POINT ( 'NONE',  ( -1.250000000000000000, 0.7850000000000000311, 0.05099999999999999672 ) ) ;
#4200 = FACE_OUTER_BOUND ( 'NONE', #103, .T. ) ;
#4201 = ORIENTED_EDGE ( 'NONE', *, *, #3074, .T. ) ;
#4202 = EDGE_CURVE ( 'NONE', #3674, #3994, #2828, .T. ) ;
#4203 = DIRECTION ( 'NONE',  ( 0.000000000000000000, 1.000000000000000000, 0.000000000000000000 ) ) ;
#4204 = FACE_OUTER_BOUND ( 'NONE', #733, .T. ) ;
#4205 = DIRECTION ( 'NONE',  ( 1.000000000000000000, 0.000000000000000000, 0.000000000000000000 ) ) ;
#4206 = DIRECTION ( 'NONE',  ( 0.000000000000000000, 0.000000000000000000, -1.000000000000000000 ) ) ;
#4207 = EDGE_CURVE ( 'NONE', #4077, #2735, #2510, .T. ) ;
#4208 = EDGE_LOOP ( 'NONE', ( #3953, #490, #1582, #335 ) ) ;
#4209 = CARTESIAN_POINT ( 'NONE',  ( 0.5050000000000000044, -1.399999999999999911, 0.05099999999999999672 ) ) ;
#4210 = CARTESIAN_POINT ( 'NONE',  ( -1.364999999999999991, -1.399999999999999911, 0.000000000000000000 ) ) ;
#4211 = EDGE_CURVE ( 'NONE', #58, #1466, #292, .T. ) ;
#4212 = ORIENTED_EDGE ( 'NONE', *, *, #3350, .T. ) ;
#4213 = ORIENTED_EDGE ( 'NONE', *, *, #2238, .T. ) ;
#4214 = AXIS2_PLACEMENT_3D ( 'NONE', #450, #737, #3054 ) ;
#4215 = DIRECTION ( 'NONE',  ( 0.000000000000000000, 1.000000000000000000, 0.000000000000000000 ) ) ;
#4216 = CARTESIAN_POINT ( 'NONE',  ( -1.214999999999999858, -1.399999999999999911, 0.000000000000000000 ) ) ;
#4217 = VECTOR ( 'NONE', #3220, 1000.000000000000000 ) ;
#4218 = DIRECTION ( 'NONE',  ( -1.000000000000000000, 0.000000000000000000, 0.000000000000000000 ) ) ;
#4219 = UNCERTAINTY_MEASURE_WITH_UNIT (LENGTH_MEASURE( 1.000000000000000082E-05 ), #1283, 'distance_accuracy_value', 'NONE');
#4220 = DIRECTION ( 'NONE',  ( -0.000000000000000000, 1.000000000000000000, 0.000000000000000000 ) ) ;
#4221 = ORIENTED_EDGE ( 'NONE', *, *, #3175, .F. ) ;
#4222 = VECTOR ( 'NONE', #2, 1000.000000000000000 ) ;
#4223 = VECTOR ( 'NONE', #4093, 1000.000000000000000 ) ;
#4224 = COLOUR_RGB ( '',0.7215686274509803821, 0.7215686274509803821, 0.7215686274509803821 ) ;
#4225 = CARTESIAN_POINT ( 'NONE',  ( 0.07499999999999999722, -1.399999999999999911, 0.05099999999999999672 ) ) ;
#4226 = DIRECTION ( 'NONE',  ( 0.000000000000000000, -1.000000000000000000, 0.000000000000000000 ) ) ;
#4227 = CARTESIAN_POINT ( 'NONE',  ( -1.649999999999999911, -0.5050000000000000044, 0.000000000000000000 ) ) ;
#4228 = ADVANCED_FACE ( 'NONE', ( #3404 ), #1358, .T. ) ;
#4229 = VECTOR ( 'NONE', #1482, 1000.000000000000000 ) ;
#4230 = CARTESIAN_POINT ( 'NONE',  ( -0.3549999999999999822, -1.399999999999999911, 0.000000000000000000 ) ) ;
#4231 = VECTOR ( 'NONE', #3697, 1000.000000000000000 ) ;
#4232 = ORIENTED_EDGE ( 'NONE', *, *, #2999, .F. ) ;
#4233 =( GEOMETRIC_REPRESENTATION_CONTEXT ( 3 ) GLOBAL_UNCERTAINTY_ASSIGNED_CONTEXT ( ( #3758 ) ) GLOBAL_UNIT_ASSIGNED_CONTEXT ( ( #1020, #2737, #449 ) ) REPRESENTATION_CONTEXT ( 'NONE', 'WORKASPACE' ) );
#4234 = CARTESIAN_POINT ( 'NONE',  ( 1.250000000000000000, 0.07499999999999999722, 0.000000000000000000 ) ) ;
#4235 = ADVANCED_FACE ( 'NONE', ( #356 ), #2377, .T. ) ;
#4236 = PLANE ( 'NONE',  #3535 ) ;
#4237 = VERTEX_POINT ( 'NONE', #4029 ) ;
#4238 = ORIENTED_EDGE ( 'NONE', *, *, #902, .T. ) ;
#4239 = SURFACE_STYLE_FILL_AREA ( #674 ) ;
#4240 = ADVANCED_FACE ( 'NONE', ( #3382 ), #3963, .T. ) ;
#4241 = ORIENTED_EDGE ( 'NONE', *, *, #2061, .F. ) ;
#4242 = FACE_OUTER_BOUND ( 'NONE', #2520, .T. ) ;
#4243 = CARTESIAN_POINT ( 'NONE',  ( -0.7850000000000000311, -1.399999999999999911, 0.05099999999999999672 ) ) ;
#4244 = DIRECTION ( 'NONE',  ( 0.000000000000000000, 0.000000000000000000, 1.000000000000000000 ) ) ;
#4245 = ORIENTED_EDGE ( 'NONE', *, *, #1080, .T. ) ;
#4246 = DIRECTION ( 'NONE',  ( -1.000000000000000000, 0.000000000000000000, 0.000000000000000000 ) ) ;
#4247 = DIRECTION ( 'NONE',  ( 0.000000000000000000, 0.000000000000000000, 1.000000000000000000 ) ) ;
#4248 = CARTESIAN_POINT ( 'NONE',  ( -0.07499999999999999722, -1.399999999999999911, 0.000000000000000000 ) ) ;
#4249 = PRESENTATION_STYLE_ASSIGNMENT (( #3283 ) ) ;
#4250 = ORIENTED_EDGE ( 'NONE', *, *, #1398, .F. ) ;
#4251 = COLOUR_RGB ( '',0.7215686274509803821, 0.7215686274509803821, 0.7215686274509803821 ) ;
#4252 = ORIENTED_EDGE ( 'NONE', *, *, #1263, .T. ) ;
#4253 = DIRECTION ( 'NONE',  ( 0.000000000000000000, 0.000000000000000000, -1.000000000000000000 ) ) ;
#4254 = CARTESIAN_POINT ( 'NONE',  ( 1.214999999999999858, -1.000000000000000000, 0.05099999999999999672 ) ) ;
#4255 = EDGE_CURVE ( 'NONE', #3418, #4040, #39, .T. ) ;
#4256 = EDGE_LOOP ( 'NONE', ( #417, #1363, #2367, #274 ) ) ;
#4257 = LINE ( 'NONE', #2026, #306 ) ;
#4258 = VERTEX_POINT ( 'NONE', #1698 ) ;
#4259 = EDGE_CURVE ( 'NONE', #976, #1253, #3032, .T. ) ;
#4260 = DIRECTION ( 'NONE',  ( 0.000000000000000000, 0.000000000000000000, -1.000000000000000000 ) ) ;
#4261 = CARTESIAN_POINT ( 'NONE',  ( -0.7850000000000000311, -1.000000000000000000, 0.05099999999999999672 ) ) ;
#4262 = DIRECTION ( 'NONE',  ( -1.000000000000000000, 0.000000000000000000, 0.000000000000000000 ) ) ;
#4263 = CLOSED_SHELL ( 'NONE', ( #1459, #3396, #3548, #1056, #1228, #2163 ) ) ;
#4264 = ORIENTED_EDGE ( 'NONE', *, *, #1600, .F. ) ;
#4265 = ADVANCED_FACE ( 'NONE', ( #2356 ), #403, .T. ) ;
ENDSEC;
END-ISO-10303-21;
